legacy_order_id,item_count,customer_id,amount
42841,1,5,635.50
42840,1,5,1992.50
42839,1,5,20600.00
42838,1,5,140000.00
42835,1,5,664.00
42834,1,5,321.00
42833,1,5,328.50
42830,1,5,68000.00
42829,1,5,76400.00
42810,1,5,15.80
42808,1,5,56.40
42807,1,5,62.40
42805,1,5,204.00
42803,1,5,175.80
42802,1,5,61.00
42801,1,5,114.20
42800,1,5,332.50
42799,1,5,35.80
42798,1,5,122.00
42797,1,5,665.00
42796,1,5,665.00
42794,1,5,482.16
42793,1,5,1197.60
42776,1,5,64.44
42775,1,5,24.40
42774,1,5,150.30
42772,1,5,482.40
42771,1,5,801.90
42770,1,5,45.68
42769,1,5,133.00
42764,1,5,266.05
42754,1,5,107.40
42753,1,5,381.00
42752,1,5,1998.00
42750,1,5,256.20
42737,1,5,288.00
42736,1,5,592.50
42735,1,5,952.00
42734,1,5,262.50
42733,1,5,666.00
42732,1,5,3330.00
42731,1,5,1138.00
42730,1,5,429.00
42729,1,5,1050.00
42728,1,5,92.88
42727,1,5,196.08
42726,1,5,392.00
42725,1,5,367.50
42723,1,5,89.00
42722,1,5,762.00
42720,1,5,59.28
42719,1,5,626.50
42718,1,5,665.00
42714,1,5,150.30
42712,1,5,388.80
42711,1,5,96.66
42710,1,5,1071.00
42709,1,5,482.40
42708,1,5,801.90
42706,1,5,9.60
42704,1,5,118.50
42703,1,5,423.00
42701,1,5,332.80
42699,1,5,68.00
42698,1,5,340.00
42697,1,5,439.50
42695,1,5,879.00
42694,1,5,680.00
42693,1,5,49.56
42692,1,5,133.00
42662,1,5,328.50
42661,1,5,1197.60
42659,1,5,62.40
42658,1,5,292.80
42648,1,5,254.18
42647,1,5,721.02
42646,1,5,2759.75
42645,1,5,664.00
42644,1,5,505.40
42642,1,5,74800.00
42641,1,5,72500.00
42640,1,5,90300.00
42639,1,5,81300.00
42638,1,5,22500.00
42637,1,5,19.69
42636,1,5,70.20
42635,1,5,363.60
42634,1,5,122.00
42633,1,5,665.00
42607,1,5,208.00
42605,1,5,32.22
42604,1,5,6.00
42603,1,5,6.64
42602,1,5,625.50
42601,1,5,680.00
42600,1,5,1197.60
42598,1,5,192.00
42597,1,5,1236.90
42596,1,5,15.60
42594,1,5,81.60
42590,1,5,3293.75
42589,1,5,3960.00
42587,1,5,787.60
42586,1,5,6924.00
42585,1,5,2163.75
42581,1,5,170.80
42578,1,5,332.00
42569,1,5,386.00
42568,1,5,148.20
42567,1,5,1225.80
42566,1,5,2001.00
42565,1,5,1038.60
42564,1,5,21.48
42563,1,5,61.00
42562,1,5,368.00
42561,1,5,39.50
42558,1,5,141.00
42557,1,5,582.40
42555,1,5,204.00
42554,1,5,680.00
42552,1,5,439.50
42551,1,5,608.00
42507,1,5,10.30
42506,1,5,319.58
42505,1,5,32.04
42504,1,5,19.80
42503,1,5,606.10
42502,1,5,58.80
42501,1,5,447.50
42500,1,5,48.80
42499,1,5,662.36
42498,1,5,1928.50
42491,1,5,246.00
42486,1,5,106.80
42485,1,5,168.12
42484,1,5,504.60
42482,1,5,140.85
42479,1,5,170.80
42459,1,5,1796.40
42458,1,5,18.72
42457,1,5,87.84
42455,1,5,897.30
42439,1,5,635.50
42438,1,5,1992.50
42436,1,5,262.50
42435,1,5,508.00
42434,1,5,2664.00
42433,1,5,127.00
42432,1,5,666.00
42431,1,5,89.00
42430,1,5,429.00
42428,1,5,2380.00
42427,1,5,322.20
42426,1,5,157.00
42425,1,5,722.50
42424,1,5,17.90
42423,1,5,122.50
42422,1,5,569.00
42421,1,5,79.00
42420,1,5,282.00
42419,1,5,879.00
42418,1,5,66.50
42412,1,5,410.50
42411,1,5,308.50
42410,1,5,62.60
42408,1,5,136.50
42407,1,5,94.00
42406,1,5,249.20
42405,1,5,154.40
42404,1,5,123.50
42403,1,5,817.20
42402,1,5,1010.90
42401,1,5,132.60
42400,1,5,1067.20
42399,1,5,865.50
42398,1,5,805.50
42397,1,5,36.60
42396,1,5,1096.32
42395,1,5,3192.00
42394,1,5,12.39
42393,1,5,33.25
42388,1,5,1197.60
42332,1,5,68.52
42331,1,5,199.50
42325,1,5,64.44
42322,1,5,801.90
42321,1,5,625.50
42320,1,5,691.00
42319,1,5,665.00
42318,1,5,244.00
42316,1,5,46.80
42315,1,5,65.80
42314,1,5,25.06
42310,1,5,26.50
42303,1,5,390.00
42285,1,5,2410.72
42283,1,5,378.56
42280,1,5,1438.08
42279,1,5,2157.12
42278,1,5,4314.24
42277,1,5,1357.44
42275,1,5,719.04
42272,1,5,1438.08
42270,1,5,115.20
42268,1,5,48.80
42266,1,5,1050.00
42265,1,5,2331.00
42264,1,5,571.50
42263,1,5,666.00
42262,1,5,89.00
42261,1,5,429.00
42259,1,5,476.00
42258,1,5,1707.00
42257,1,5,157.00
42256,1,5,572.50
42255,1,5,375.90
42254,1,5,612.50
42253,1,5,1138.00
42252,1,5,91.36
42251,1,5,266.00
42250,1,5,408.00
42231,1,5,197.10
42226,1,5,598.80
42224,1,5,59.28
42223,1,5,92.88
42222,1,5,196.08
42218,1,5,801.90
42215,1,5,328.50
42214,1,5,1197.60
42213,1,5,1326.00
42210,1,5,94.30
42205,1,5,56.04
42204,1,5,168.20
42202,1,5,35.60
42201,1,5,450.90
42199,1,5,388.80
42197,1,5,47.40
42195,1,5,169.20
42194,1,5,353.60
42192,1,5,195.11
42191,1,5,183.00
42190,1,5,664.00
42189,1,5,368.00
42188,1,5,1071.00
42187,2,5,1935.90
42186,1,5,1251.00
42183,1,5,680.00
42181,1,5,439.50
42179,1,5,87.90
42178,1,5,425.60
42177,1,5,423.12
42172,1,5,267.20
42171,1,5,166.60
42170,1,5,136.50
42169,1,5,94.00
42168,1,5,410.50
42167,1,5,308.50
42166,1,5,158.60
42164,1,5,182.72
42163,1,5,532.00
42161,1,5,1438.08
42160,1,5,691.04
42159,1,5,719.04
42158,1,5,5752.32
42157,1,5,1438.08
42155,1,5,719.04
42154,1,5,359.52
42153,1,5,904.96
42150,1,5,3511.16
42148,1,5,5.37
42147,1,5,65.80
42144,1,5,297.50
42143,1,5,222.75
42142,1,5,408.00
42141,1,5,17.16
42140,1,5,80.52
42130,1,5,76.80
42129,1,5,1197.60
42127,1,5,125.20
42124,1,5,198.90
42123,1,5,154.40
42122,1,5,102.00
42121,1,5,735.20
42120,1,5,598.80
42119,1,5,1067.20
42118,1,5,692.40
42117,1,5,211.25
42116,1,5,174.84
42115,1,5,1005.98
42114,1,5,2943.86
42113,1,5,3850.35
42112,1,5,484.72
42111,1,5,2992.50
42110,1,5,1010.00
42109,1,5,7481.25
42108,1,5,974.64
42081,1,5,156.50
42077,1,5,32.22
42076,1,5,897.30
42075,1,5,801.90
42074,1,5,198.90
42073,1,5,306.45
42066,1,5,6520.00
42064,1,5,1770.00
42063,1,5,197.50
42062,1,5,705.00
42061,1,5,393.80
42060,1,5,122.00
42059,1,5,665.00
42058,1,5,2197.50
42057,1,5,317.75
42056,1,5,996.25
42054,1,5,865.92
42045,1,5,289.50
42044,1,5,76.50
42043,1,5,1334.00
42042,1,5,519.30
42039,1,5,218.50
42028,1,5,459.50
42027,1,5,260.00
42022,1,5,2882.25
42021,1,5,945.00
42019,1,5,31.20
42018,1,5,187.95
42017,1,5,24.40
42013,1,5,163.20
42012,1,5,45.68
42011,1,5,133.00
42009,1,5,384.30
42008,1,5,665.00
42007,1,5,1422.90
42004,1,5,777.60
42003,1,5,188.00
42002,1,5,1244.05
42001,1,5,9.60
42000,1,5,915.00
41999,1,5,3657.50
41998,1,5,1328.00
41997,1,5,1048.00
41996,1,5,2142.00
41995,1,5,801.90
41994,1,5,1027.80
41993,1,5,2992.50
41992,1,5,49.56
41991,1,5,133.00
41990,1,5,42.05
41989,1,5,14.45
41988,1,5,31.20
41986,1,5,146.40
41972,1,5,26.50
41960,1,5,2304.00
41959,1,5,496.00
41958,1,5,273.50
41957,1,5,345.50
41956,1,5,1332.00
41955,1,5,1428.00
41954,1,5,262.50
41953,1,5,5121.00
41952,1,5,9.60
41951,1,5,1102.50
41949,1,5,254.00
41947,1,5,61.10
41946,1,5,563.85
41945,1,5,347.70
41944,1,5,368.00
41943,1,5,1197.00
41942,1,5,232.40
41940,1,5,133.00
41939,1,5,131.00
41938,1,5,10200.00
41937,1,5,26.55
41931,1,5,716.00
41930,1,5,1332.00
41928,1,5,2856.00
41926,1,5,1575.00
41925,1,5,1225.00
41924,1,5,5690.00
41923,1,5,127.00
41922,1,5,694.00
41920,1,5,829.00
41919,1,5,635.00
41918,1,5,3330.00
41917,1,5,254.00
41916,1,5,270.29
41915,1,5,49.00
41914,1,5,237.00
41913,1,5,251.20
41912,1,5,1191.20
41911,1,5,416.50
41910,1,5,1934.60
41909,1,5,12.70
41908,1,5,69.20
41906,1,5,248.00
41905,1,5,241.30
41904,1,5,1265.40
41902,1,5,2513.28
41901,1,5,952.00
41900,1,5,980.00
41899,1,5,4552.00
41898,1,5,157.00
41897,1,5,572.50
41896,1,5,5529.60
41895,1,5,3663.00
41894,1,5,825.50
41893,1,5,666.00
41892,1,5,447.50
41891,1,5,89.00
41890,1,5,429.00
41889,1,5,44.75
41887,1,5,1240.00
41886,1,5,260.00
41885,1,5,796.80
41884,1,5,770.40
41873,1,5,15.80
41871,1,5,56.40
41870,1,5,145.60
41869,1,5,136.00
41868,1,5,340.00
41867,1,5,175.80
41860,1,5,10090.00
41854,1,5,150.30
41851,1,5,1166.40
41850,1,5,296.40
41849,1,5,136.04
41847,1,5,1390.80
41846,1,5,3213.00
41845,1,5,482.40
41844,1,5,801.90
41843,1,5,1251.00
41842,1,5,168.20
41841,1,5,665.00
41840,1,5,453.20
41839,1,5,24600.00
41829,1,5,31.75
41828,1,5,207.25
41826,1,5,78.00
41824,1,5,408.00
41807,1,5,1197.60
41802,1,5,414.20
41801,1,5,1156.00
41800,1,5,32.22
41798,1,5,801.90
41797,1,5,128.40
41796,1,5,123.40
41794,1,5,250.40
41792,1,5,384.00
41791,1,5,1948.00
41790,1,5,610.00
41789,1,5,3605.00
41784,1,5,30800.00
41779,1,5,39.50
41777,1,5,141.00
41776,1,5,332.80
41775,1,5,136.00
41774,1,5,680.00
41773,1,5,439.50
41772,1,5,243.20
41768,1,5,403.44
41767,1,5,63.75
41766,1,5,317.75
41765,1,5,1080.00
41739,1,5,43.68
41737,1,5,190.32
41736,1,5,72.72
41735,1,5,198.08
41734,1,5,12.39
41733,1,5,36.05
41721,1,5,784.90
41720,1,5,2.40
41719,1,5,2519.20
41717,1,5,76.80
41700,1,5,115.20
41699,1,5,168.12
41698,1,5,504.60
41697,1,5,106.80
41696,1,5,150.30
41694,1,5,97.96
41692,1,5,352.50
41691,1,5,208.00
41690,1,5,1794.60
41689,2,5,645.30
41688,1,5,340.00
41687,1,5,1098.75
41686,1,5,304.00
41685,1,5,317.75
41684,1,5,1080.00
41683,1,5,24.78
41682,1,5,72.10
41681,1,5,1497.00
41679,1,5,10.74
41678,1,5,53.10
41669,1,5,76.80
41668,1,5,44.75
41667,1,5,122.00
41666,1,5,664.00
41665,1,5,77.20
41664,1,5,533.60
41661,1,5,409.50
41660,1,5,1231.50
41659,1,5,78.00
41657,1,5,408.00
41656,2,5,181.50
41655,1,5,312.75
41654,1,5,179.34
41653,1,5,375.90
41651,1,5,1422.90
41650,1,5,96.66
41649,1,5,1555.20
41648,1,5,4284.00
41646,1,5,93.90
41643,1,5,123.90
41642,1,5,360.50
41641,1,5,340.60
41637,1,5,170.80
41635,1,5,1060.80
41615,1,5,3260.00
41614,1,5,58.05
41613,1,5,129.00
41612,1,5,885.00
41611,1,5,39.00
41610,1,5,48.80
41608,1,5,148.46
41607,1,5,266.00
41606,1,5,793.00
41605,1,5,727.20
41604,1,5,2327.50
41603,1,5,664.00
41599,1,5,282.82
41598,1,5,32.90
41597,1,5,101.40
41596,1,5,140.40
41594,1,5,93.90
41593,1,5,1060.80
41591,1,5,665.00
41590,1,5,665.00
41588,1,5,215.60
41587,1,5,602.00
41585,1,5,93.90
41583,1,5,1680.00
41582,1,5,406.50
41581,1,5,9168.00
41580,1,5,2700.00
41579,1,5,3090.00
41578,1,5,3285.00
41577,1,5,374.00
41576,1,5,725.00
41575,1,5,408.60
41559,1,5,1060.80
41558,1,5,78.00
41556,1,5,416.00
41555,1,5,35.80
41554,1,5,122.00
41553,1,5,665.00
41552,1,5,204.00
41551,1,5,340.00
41550,1,5,729.60
41548,1,5,408.00
41546,1,5,7.32
41544,1,5,664.00
41543,1,5,642.00
41541,1,5,13070.00
41529,1,5,17.82
41527,1,5,1497.00
41520,1,5,1582.20
41518,1,5,31.20
41517,1,5,85.40
41512,1,5,146.40
41510,1,5,107.40
41509,1,5,137.04
41508,1,5,399.00
41507,1,5,716.00
41506,1,5,913.60
41505,1,5,2660.00
41501,1,5,442.80
41486,1,5,782.50
41479,1,5,5.47
41478,1,5,5.47
41477,1,5,11.38
41476,1,5,6.66
41475,1,5,9.52
41474,1,5,9.52
41473,1,5,11.38
41472,1,5,492.60
41471,1,5,1548.00
41470,1,5,1225.00
41468,1,5,381.00
41466,1,5,433.18
41465,1,5,357.00
41464,1,5,299.10
41462,2,5,215.10
41461,1,5,208.50
41453,1,5,168.12
41452,1,5,504.60
41451,1,5,106.80
41447,1,5,553.60
41446,1,5,694.00
41445,1,5,82.90
41444,1,5,538.85
41443,1,5,714.40
41442,1,5,474.00
41441,1,5,48.80
41440,1,5,91.36
41439,1,5,266.00
41438,1,5,241.30
41436,1,5,98.00
41427,1,5,109.40
41426,1,5,26.55
41425,1,5,410.50
41424,1,5,308.50
41423,1,5,136.50
41422,1,5,94.00
41421,1,5,89.50
41418,1,5,78.00
41416,1,5,408.00
41387,1,5,169.50
41386,1,5,928.20
41385,1,5,367.60
41384,1,5,3493.00
41383,1,5,592.50
41382,1,5,952.00
41381,1,5,2760.80
41380,1,5,2290.00
41379,1,5,628.00
41378,1,5,122.50
41376,1,5,84.50
41375,1,5,65.80
41373,1,5,2726.50
41370,1,5,332.50
41368,1,5,18.80
41367,1,5,510.15
41366,1,5,1238.30
41365,1,5,363.60
41364,1,5,2992.50
41363,1,5,323.20
41361,1,5,698.25
41355,1,5,782.50
41354,1,5,198.90
41348,1,5,7.80
41346,1,5,36.60
41337,1,5,392.01
41336,1,5,1972.80
41335,1,5,6323.92
41334,1,5,93.90
41332,1,5,141.00
41331,1,5,431.39
41330,1,5,146.40
41329,1,5,878.40
41328,1,5,796.80
41327,1,5,4788.00
41326,1,5,786.00
41323,1,5,537.00
41321,1,5,250.90
41320,1,5,204.00
41319,1,5,1734.20
41318,1,5,1384.80
41302,1,5,39.00
41301,1,5,58.05
41300,1,5,129.00
41280,1,5,632.40
41277,1,5,146.64
41276,1,5,32.22
41272,1,5,468.48
41270,1,5,801.90
41266,1,5,244.80
41250,1,5,691.04
41248,1,5,1438.08
41246,1,5,189.28
41245,1,5,66.23
41244,1,5,2915.80
41242,1,5,597.60
41241,1,5,265.60
41240,1,5,132.80
41238,1,5,904.96
41237,1,5,719.04
41236,1,5,1438.08
41235,1,5,1438.08
41234,1,5,4314.24
41233,1,5,1438.08
41231,1,5,36.60
41230,1,5,68.52
41229,1,5,199.50
41227,1,5,840.00
41226,1,5,39.50
41225,1,5,141.00
41224,1,5,439.50
41223,1,5,413.55
41214,1,5,437.00
41213,1,5,23.40
41207,1,5,109.80
41188,1,5,289.00
41187,1,5,912.00
41186,1,5,394.20
41185,1,5,153.60
41139,1,5,96.66
41138,1,5,1197.60
41137,1,5,169.50
41136,1,5,150.30
41135,1,5,482.40
41133,1,5,1603.80
41129,1,5,788.40
41128,1,5,155.73
41126,1,5,2527.26
41125,1,5,2.40
41122,1,5,76.80
41121,1,5,551.40
41120,1,5,9.40
41119,1,5,18.30
41118,1,5,34.26
41117,1,5,99.75
41114,1,5,71.20
41113,1,5,61.00
41112,1,5,21.48
41111,1,5,368.00
41109,1,5,423.12
41095,1,5,317.75
41094,1,5,1080.00
41093,1,5,1060.80
41087,1,5,198.00
41086,1,5,417.00
41085,1,5,256.20
41084,1,5,537.00
41081,1,5,61.00
41080,1,5,114.20
41079,1,5,332.50
41078,1,5,354.00
41077,1,5,1304.00
41069,1,5,169.50
41064,1,5,275.70
41063,1,5,135.10
41062,1,5,933.80
41061,1,5,102.00
41060,1,5,692.40
41059,1,5,48.80
41058,1,5,91.36
41057,1,5,266.00
41053,1,5,1.79
41050,1,5,76.80
41048,1,5,39.36
41040,1,5,18.80
41010,1,5,492.60
41009,1,5,928.50
41007,1,5,312.00
41006,1,5,390.00
41005,1,5,8.95
41004,1,5,317.75
41003,1,5,1080.00
41002,1,5,21.00
41001,1,5,43.80
41000,1,5,414.00
40999,1,5,1197.60
40997,1,5,109.20
40995,1,5,512.40
40983,1,5,173.80
40981,1,5,620.40
40980,1,5,145.60
40979,1,5,12.20
40978,1,5,66.50
40977,1,5,68.00
40976,1,5,340.00
40975,1,5,922.00
40974,1,5,1054.80
40973,1,5,60.80
40966,1,5,1193.40
40965,1,5,66.50
40964,1,5,62.60
40962,1,5,438.55
40961,1,5,215.60
40960,1,5,559.58
40959,1,5,1629.25
40958,1,5,602.00
40949,1,5,1197.60
40948,1,5,226.00
40946,1,5,118.50
40944,1,5,423.00
40943,1,5,270.40
40941,1,5,340.00
40940,1,5,922.00
40938,1,5,439.50
40937,1,5,486.40
40918,1,5,7.68
40917,1,5,3412.50
40916,1,5,10262.50
40912,1,5,124.60
40911,1,5,196.14
40910,1,5,588.70
40904,1,5,15.04
40903,1,5,25.06
40902,1,5,59.78
40901,1,5,298.80
40900,1,5,26.60
40899,1,5,83.84
40888,1,5,137.36
40874,1,5,664.00
40873,1,5,642.00
40872,1,5,265.50
40870,1,5,73.20
40869,1,5,137.04
40868,1,5,399.00
40862,1,5,1197.60
40861,1,5,459.50
40860,1,5,383.76
40855,1,5,1332.00
40854,1,5,1185.00
40853,1,5,3414.00
40852,1,5,1050.00
40851,1,5,1050.00
40850,1,5,4552.00
40849,1,5,9990.00
40848,1,5,476.00
40847,1,5,476.00
40846,1,5,1715.00
40844,1,5,2159.00
40842,1,5,1038.20
40840,1,5,256.20
40836,1,5,245.00
40829,1,5,2518.20
40827,1,5,533.42
40826,1,5,8072.23
40825,1,5,625.50
40822,1,5,317.75
40821,1,5,1080.00
40814,1,5,124.80
40813,1,5,164.20
40799,1,5,1193.40
40798,1,5,35.80
40797,1,5,459.50
40796,1,5,122.00
40795,1,5,665.00
40794,3,5,520.50
40793,1,5,312.75
40792,1,5,320.25
40791,1,5,671.25
40790,1,5,428.40
40784,1,5,2934.00
40783,1,5,708.00
40776,1,5,198.90
40775,1,5,78.00
40773,1,5,408.00
40768,1,5,328.50
40767,1,5,15.60
40764,1,5,76.80
40743,1,5,81.60
40740,1,5,531.00
40738,1,5,118.50
40736,1,5,423.00
40735,1,5,332.80
40733,1,5,884.00
40732,1,5,68.00
40731,1,5,439.50
40729,1,5,879.00
40728,1,5,126.60
40727,1,5,232.20
40726,1,5,516.00
40725,1,5,237.60
40724,1,5,500.40
40723,1,5,38.43
40722,1,5,80.55
40679,1,5,598.80
40674,1,5,169.50
40670,1,5,1197.60
40662,1,5,33.80
40661,1,5,169.20
40660,1,5,574.59
40659,1,5,1366.40
40658,1,5,4921.00
40657,1,5,464.80
40655,1,5,1662.50
40654,1,5,399.00
40653,1,5,943.20
40651,1,5,327.60
40649,1,5,1537.20
40648,1,5,1197.60
40640,1,5,474.30
40638,1,5,1197.60
40637,1,5,780.00
40636,1,5,238.95
40633,1,5,32.22
40631,1,5,625.50
40611,1,5,46.80
40609,1,5,244.80
40608,1,5,11.61
40607,1,5,15.48
40606,1,5,140.40
40605,1,5,185.90
40604,1,5,141.00
40603,1,5,368.74
40602,1,5,671.00
40601,1,5,484.80
40599,1,5,1330.00
40598,1,5,332.00
40596,1,5,332.50
40595,1,5,808.00
40593,1,5,1596.00
40592,1,5,66.50
40591,1,5,628.80
40589,1,5,54.74
40588,1,5,846.24
40587,1,5,271.44
40586,1,5,24.40
40584,1,5,81.60
40583,1,5,45.68
40582,1,5,133.00
40580,1,5,14000.00
40570,1,5,76.14
40569,1,5,61.00
40566,1,5,32.22
40564,1,5,332.50
40562,1,5,62.40
40560,1,5,326.40
40555,1,5,1060.80
40554,1,5,187.80
40553,1,5,410.50
40552,1,5,136.50
40551,1,5,246.12
40543,1,5,442.80
40535,1,5,289.50
40534,1,5,204.00
40533,1,5,2001.00
40532,1,5,1384.80
40530,1,5,39.50
40528,1,5,141.00
40527,1,5,20.80
40523,1,5,43.95
40520,1,5,21.48
40519,1,5,61.00
40518,1,5,368.00
40517,1,5,218.50
40514,1,5,32.22
40512,1,5,625.50
40511,1,5,459.50
40510,1,5,89.50
40509,1,5,345.50
40452,1,5,6800.00
40437,1,5,48.80
40436,1,5,91.36
40435,1,5,266.00
40420,1,5,131.40
40418,1,5,175.80
40416,1,5,78.08
40415,1,5,716.00
40414,1,5,1004.96
40413,1,5,2926.00
40412,1,5,77.20
40411,1,5,76.50
40410,1,5,1060.80
40409,1,5,197.10
40408,1,5,519.30
40407,1,5,533.60
40405,1,5,156.00
40404,1,5,821.00
40402,1,5,132.75
40401,1,5,140.40
40400,1,5,146.40
40398,1,5,734.40
40397,1,5,274.08
40396,1,5,798.00
40384,1,5,1197.60
40380,1,5,256.20
40376,1,5,39.50
40374,1,5,141.00
40373,1,5,41.60
40372,1,5,68.00
40371,1,5,439.50
40370,1,5,60.80
40335,1,5,53.00
40333,1,5,15.60
40331,1,5,81.60
40329,1,5,341.60
40328,1,5,71.60
40327,1,5,664.00
40326,1,5,244.00
40325,1,5,665.00
40324,1,5,650.00
40322,1,5,2157.12
40319,1,5,378.56
40318,1,5,2527.84
40317,1,5,2.40
40316,1,5,904.96
40315,1,5,359.52
40314,1,5,719.04
40313,1,5,1438.08
40312,1,5,6471.36
40311,1,5,2157.12
40309,1,5,76.80
40298,1,5,1197.60
40296,1,5,106.20
40283,1,5,821.00
40282,1,5,308.50
40281,1,5,273.00
40280,1,5,94.00
40279,1,5,15.60
40277,1,5,81.60
40276,1,5,168.12
40275,1,5,504.60
40274,1,5,106.80
40273,1,5,79.00
40272,1,5,282.00
40271,1,5,879.00
40258,1,5,262.80
40257,1,5,32.22
40255,1,5,625.50
40250,1,5,275.70
40249,1,5,193.00
40248,1,5,1334.00
40247,1,5,354.60
40245,1,5,325.50
40244,1,5,1304.00
40243,1,5,442.50
40241,1,5,541.20
40236,1,5,300.60
40235,1,5,964.80
40234,1,5,354.60
40230,1,5,76.80
40229,1,5,12.88
40228,1,5,196.08
40227,1,5,59.28
40226,1,5,79.00
40224,1,5,282.00
40223,1,5,83.20
40220,1,5,68.00
40219,1,5,439.50
40218,1,5,439.50
40217,1,5,182.40
40184,1,5,1193.40
40183,1,5,390.00
40182,1,5,39.38
40181,1,5,122.00
40180,1,5,332.50
40179,1,5,332.00
40176,1,5,39.50
40174,1,5,141.00
40173,1,5,208.00
40171,1,5,340.00
40169,1,5,439.50
40168,1,5,304.00
40167,1,5,834.60
40166,1,5,2324.00
40123,1,5,273.28
40121,1,5,3.84
40120,1,5,1796.40
40116,1,5,136.64
40115,1,5,719.04
40114,1,5,14000.00
40113,1,5,12600.00
40112,1,5,90300.00
40111,1,5,81300.00
40110,1,5,74800.00
40109,1,5,72500.00
40106,1,5,20900.00
40105,1,5,20600.00
40097,1,5,29.68
40096,1,5,23.20
40095,1,5,193.68
40087,1,5,198.90
40086,1,5,275.70
40084,1,5,476.84
40082,1,5,1449.70
40080,1,5,462.38
40079,1,5,464.80
40078,1,5,122.20
40076,1,5,179.00
40075,1,5,31.20
40070,1,5,250.90
40069,1,5,127.50
40067,1,5,865.50
40066,1,5,1734.20
40063,1,5,19840.00
40062,1,5,22500.00
40061,1,5,24600.00
40050,1,5,15.60
40047,1,5,81.60
40043,1,5,12.20
40042,1,5,537.00
40041,1,5,708.04
40040,1,5,2061.50
40036,1,5,275.70
40029,1,5,76.80
40016,1,5,1591.20
40014,1,5,1197.60
40009,1,5,89.00
40008,1,5,177.00
40007,1,5,420.50
40005,1,5,360.00
40004,1,5,14.10
40003,1,5,540.58
40002,1,5,524.60
40001,1,5,368.00
40000,1,5,532.00
39999,1,5,1463.00
39998,1,5,78.60
39996,1,5,68.52
39995,1,5,199.50
39993,1,5,262.80
39991,1,5,79.00
39989,1,5,282.00
39988,1,5,104.00
39986,1,5,439.50
39984,1,5,439.50
39983,1,5,304.00
39982,1,5,226.00
39948,1,5,840.00
39947,1,5,75.54
39946,1,5,275.70
39940,1,5,51.50
39939,1,5,110.20
39938,1,5,183.16
39937,1,5,99.00
39936,1,5,189.00
39935,1,5,336.30
39931,1,5,541.20
39928,1,5,118.50
39926,1,5,423.00
39925,1,5,20.80
39924,1,5,68.00
39923,1,5,879.00
39922,1,5,439.50
39918,1,5,189.28
39917,1,5,691.04
39915,1,5,2157.12
39914,1,5,4314.24
39913,1,5,719.04
39912,1,5,2596.16
39910,1,5,904.96
39909,1,5,719.04
39908,1,5,2876.16
39907,1,5,91.36
39906,1,5,66.50
39905,1,5,5.80
39904,1,5,14.84
39901,1,5,46.08
39893,1,5,149.70
39892,1,5,1996.00
39891,1,5,1060.80
39888,1,5,520.00
39887,1,5,1677.50
39886,1,5,159.90
39883,1,5,218.50
39872,1,5,31.20
39868,1,5,163.20
39865,1,5,12.48
39863,1,5,43.92
39861,1,5,81.60
39860,1,5,74.88
39859,1,5,12.88
39858,1,5,196.08
39844,1,5,51.48
39843,1,5,84.50
39842,1,5,77.08
39841,1,5,46.54
39840,1,5,634.40
39839,1,5,242.40
39834,1,5,2992.50
39833,1,5,404.00
39832,1,5,465.50
39828,1,5,170.80
39796,1,5,1060.80
39795,1,5,96.50
39794,1,5,76.50
39793,1,5,667.00
39792,1,5,519.30
39790,1,5,49.08
39789,1,5,117.00
39788,1,5,973.98
39787,1,5,393.00
39785,1,5,48.88
39784,1,5,297.00
39783,1,5,625.50
39782,1,5,128.10
39781,1,5,268.50
39776,1,5,5490.00
39775,1,5,1800.00
39774,1,5,34.32
39773,1,5,18.59
39772,1,5,20.68
39771,1,5,1351.45
39770,1,5,4.88
39769,1,5,137.36
39765,1,5,64.64
39763,1,5,26.60
39761,1,5,1142.00
39760,1,5,3325.00
39758,1,5,332.50
39757,1,5,78.70
39756,1,5,8480.00
39755,1,5,140.10
39754,1,5,420.50
39753,1,5,89.00
39752,1,5,132.60
39750,1,5,615.75
39743,1,5,273.28
39742,1,5,390.00
39734,1,5,136.50
39733,1,5,410.50
39732,1,5,79.00
39730,1,5,282.00
39729,1,5,62.40
39728,1,5,68.00
39727,1,5,136.00
39726,1,5,439.50
39725,1,5,439.50
39721,1,5,169.50
39720,1,5,2495.00
39719,1,5,1.22
39718,1,5,6.65
39717,1,5,3.12
39716,1,5,16.32
39703,1,5,179.00
39702,1,5,685.00
39701,1,5,2055.00
39685,1,5,541.20
39665,1,5,598.80
39664,1,5,197.10
39663,1,5,914.40
39661,1,5,4629.60
39651,1,5,5490.00
39650,1,5,2925.00
39649,1,5,15.60
39648,1,5,671.25
39647,1,5,61.00
39645,1,5,3293.75
39644,1,5,81.60
39643,1,5,114.20
39642,1,5,332.50
39641,1,5,174.46
39640,1,5,10.92
39639,1,5,202.27
39638,1,5,590.48
39637,1,5,332.50
39636,1,5,332.00
39634,1,5,1928.50
39633,1,5,557.76
39615,1,5,265.20
39614,1,5,398.50
39613,1,5,308.50
39612,1,5,136.50
39611,1,5,94.00
39601,1,5,3.74
39600,1,5,71.20
39599,1,5,112.08
39598,1,5,336.40
39573,1,5,128.10
39565,1,5,11.80
39563,1,5,76.80
39561,1,5,1060.80
39531,1,5,55.30
39530,1,5,197.40
39529,1,5,20.80
39527,1,5,68.00
39526,1,5,175.80
39525,1,5,439.50
39524,1,5,635.50
39523,1,5,2160.00
39521,1,5,38.40
39512,1,5,11.02
39511,1,5,10262.50
39510,1,5,3412.50
39509,1,5,170.05
39508,1,5,855.00
39507,1,5,2503.25
39500,1,5,471.60
39498,1,5,625.50
39497,1,5,635.50
39496,1,5,2160.00
39495,1,5,158.40
39494,1,5,60.84
39493,1,5,84.50
39492,1,5,97.76
39491,1,5,506.57
39490,1,5,388.80
39489,1,5,1138.26
39487,1,5,1071.00
39484,1,5,368.00
39483,1,5,242.40
39481,1,5,3411.45
39480,1,5,332.50
39478,1,5,2128.00
39477,1,5,333.60
39476,1,5,102.48
39475,1,5,214.80
39470,1,5,96.50
39469,1,5,76.50
39468,1,5,667.00
39467,1,5,519.30
39466,1,5,158.10
39461,1,5,998.00
39459,1,5,193.68
39458,1,5,1777.90
39457,1,5,647.90
39456,1,5,330.60
39440,1,5,14.84
39436,1,5,1497.00
39435,1,5,339.00
39434,1,5,32.22
39433,1,5,91.50
39432,1,5,498.75
39424,1,5,25200.00
39423,1,5,28000.00
39420,1,5,188.60
39419,1,5,96.66
39418,1,5,300.60
39415,1,5,897.30
39414,1,5,964.80
39413,1,5,1251.00
39389,1,5,260.00
39386,1,5,895.00
39385,1,5,1142.00
39384,1,5,3325.00
39382,1,5,501.84
39379,1,5,850.00
39378,1,5,1304.00
39377,1,5,354.00
39369,1,5,15.60
39367,1,5,617.00
39366,1,5,188.00
39364,1,5,38.40
39362,1,5,81.60
39347,1,5,159.90
39346,1,5,39.90
39345,1,5,2167.50
39344,1,5,471.00
39343,1,5,367.50
39342,1,5,1707.00
39341,1,5,400.50
39340,1,5,1930.50
39339,1,5,246.00
39338,1,5,628.00
39337,1,5,628.00
39335,1,5,133.50
39334,1,5,1656.00
39331,1,5,796.00
39330,1,5,643.50
39329,1,5,7992.00
39328,1,5,952.00
39327,1,5,952.00
39326,1,5,787.50
39325,1,5,1837.50
39324,1,5,569.00
39323,1,5,1717.50
39322,1,5,122.50
39321,1,5,471.00
39300,1,5,39.75
39298,1,5,85.40
39295,1,5,137.04
39294,1,5,199.50
39291,1,5,38.40
39286,1,5,156.00
39285,1,5,821.00
39284,1,5,23.27
39283,1,5,86.45
39282,1,5,1497.00
39278,1,5,38.40
39277,1,5,215.60
39276,1,5,602.00
39271,1,5,154.40
39270,1,5,204.00
39269,1,5,1067.20
39268,1,5,1428.00
39240,1,5,9.40
39236,1,5,20.80
39235,1,5,68.00
39229,1,5,170.80
39224,1,5,56.04
39223,1,5,168.20
39216,1,5,1060.80
39215,1,5,198.90
39205,1,5,300.60
39204,1,5,964.80
39203,1,5,598.80
39196,1,5,38.40
39155,1,5,9.40
39150,1,5,169.50
39149,1,5,203.40
39148,1,5,12.88
39147,1,5,196.08
39144,1,5,59.28
39142,1,5,141.00
39141,1,5,41.60
39139,1,5,21.48
39138,1,5,61.00
39137,1,5,332.00
39136,1,5,897.30
39135,1,5,575.10
39134,1,5,68.00
39132,1,5,68.00
39130,1,5,439.50
39128,1,5,203.40
39125,1,5,98.28
39124,1,5,13.52
39123,1,5,93.06
39122,1,5,98.45
39121,1,5,538.02
39120,1,5,452.48
39118,1,5,464.80
39115,1,5,2467.15
39114,1,5,497.80
39113,1,5,164.68
39112,1,5,663.00
39111,1,5,260.00
39103,1,5,1734.20
39102,1,5,250.90
39101,1,5,102.00
39100,1,5,714.00
39088,1,5,1197.60
39086,1,5,18.86
39081,1,5,76400.00
39075,1,5,2319.00
39074,1,5,126000.00
39066,1,5,1259.00
39065,1,5,397.80
39064,1,5,31.20
39062,1,5,146.40
39061,1,5,1197.60
39057,1,5,248.04
39056,1,5,39.50
39054,1,5,147.00
39053,1,5,65.10
39052,1,5,32.22
39051,1,5,73.20
39049,1,5,1163.88
39048,1,5,625.50
39047,1,5,212.40
39046,1,5,439.50
39045,1,5,137.04
39044,1,5,399.00
39043,1,5,742.85
39042,1,5,3962.56
39040,1,5,1382.08
39039,1,5,8921.25
39037,1,5,2157.12
39036,1,5,2925.00
39035,1,5,616.50
39034,1,5,378.56
39033,1,5,719.04
39032,1,5,719.04
39031,1,5,2157.12
39029,1,5,1357.44
39027,1,5,4314.24
39026,1,5,2876.16
39025,1,5,1849.50
38971,1,5,225000.00
38961,1,5,198.90
38960,1,5,96.50
38959,1,5,667.00
38958,1,5,39.38
38957,1,5,122.00
38956,1,5,332.50
38955,1,5,342.00
38953,1,5,482.16
38952,1,5,575.10
38939,1,5,38.40
38936,1,5,2614.00
38935,1,5,5410.00
38934,1,5,1071.00
38933,1,5,450.90
38932,1,5,1166.40
38931,1,5,78.00
38930,1,5,96.66
38929,1,5,2142.00
38928,1,5,1447.20
38926,1,5,408.00
38919,1,5,170.80
38918,1,5,498.75
38917,1,5,166.00
38916,1,5,266.00
38915,1,5,52.40
38914,1,5,84.50
38913,1,5,9.40
38912,1,5,62.65
38891,1,5,29.00
38890,1,5,339.00
38889,1,5,48.80
38888,1,5,91.36
38887,1,5,266.00
38871,1,5,265.20
38864,1,5,663.00
38862,1,5,63.75
38861,1,5,317.75
38860,1,5,1080.00
38841,1,5,1197.60
38837,1,5,219000.00
38820,1,5,156.00
38818,1,5,63.20
38817,1,5,235.20
38813,1,5,732.00
38811,1,5,263.70
38810,1,5,439.50
38808,1,5,38.40
38794,1,5,8.90
38791,1,5,895.00
38788,1,5,76.80
38787,1,5,1142.00
38786,1,5,3325.00
38779,1,5,2.40
38778,1,5,339.00
38765,1,5,289.50
38764,1,5,255.00
38763,1,5,2001.00
38762,1,5,1785.00
38761,1,5,62.40
38760,1,5,82.81
38759,1,5,117.50
38758,1,5,716.00
38757,1,5,1976.40
38756,1,5,234.32
38755,1,5,571.04
38752,1,5,332.50
38751,1,5,282.80
38749,1,5,3398.15
38748,1,5,498.75
38747,1,5,497.80
38744,1,5,81.60
38743,1,5,274.08
38742,1,5,798.00
38740,1,5,8.90
38738,1,5,300.60
38733,1,5,32.22
38732,1,5,897.30
38731,1,5,964.80
38730,1,5,801.90
38721,1,5,339.00
38720,1,5,1497.00
38719,1,5,136.50
38718,1,5,410.50
38716,1,5,94.30
38706,1,5,161.00
38698,1,5,801.90
38697,1,5,625.50
38696,1,5,168.12
38695,1,5,504.60
38694,1,5,106.80
38691,1,5,1555.20
38689,1,5,148.72
38688,1,5,225.54
38687,1,5,1.92
38686,1,5,4284.00
38685,1,5,1603.80
38684,1,5,625.50
38682,1,5,38.40
38678,1,5,1794.60
38669,1,5,90300.00
38668,1,5,12600.00
38667,1,5,14000.00
38643,1,5,339.00
38641,1,5,218.50
38640,1,5,159.90
38638,1,5,80.50
38636,1,5,24.40
38634,1,5,40.00
38632,1,5,45.68
38631,1,5,133.00
38625,1,5,79.00
38624,1,5,294.00
38623,1,5,879.00
38609,1,5,156.00
38607,1,5,732.00
38598,1,5,1197.60
38596,1,5,215.60
38595,1,5,602.00
38594,1,5,45.24
38593,1,5,212.28
38591,1,5,256.20
38583,1,5,3.74
38570,1,5,17.80
38567,1,5,840.00
38566,1,5,1197.60
38564,1,5,17.90
38563,1,5,61.00
38562,1,5,332.50
38533,1,5,271.20
38531,1,5,39.50
38529,1,5,147.00
38528,1,5,455.70
38526,1,5,12.20
38525,1,5,439.50
38523,1,5,60.80
38522,1,5,1216.00
38521,1,5,22.84
38520,1,5,66.50
38491,1,5,1093.60
38490,1,5,203.40
38489,1,5,2992.50
38488,1,5,492.88
38487,1,5,14914.10
38485,1,5,135.10
38484,1,5,933.80
38483,1,5,5094.00
38482,1,5,118.56
38481,1,5,162.24
38480,1,5,275.42
38479,1,5,1528.66
38478,1,5,1588.44
38476,1,5,2028.25
38475,1,5,438.24
38472,1,5,332.50
38470,1,5,711.04
38468,1,5,2394.00
38467,1,5,472.15
38466,1,5,937.96
38464,1,5,594.00
38463,1,5,1251.00
38458,1,5,196.08
38457,1,5,390.00
38456,1,5,598.80
38455,1,5,246.80
38454,1,5,12.88
38453,1,5,75.20
38452,1,5,60.04
38449,1,5,197.10
38447,1,5,243.00
38446,1,5,7.12
38444,1,5,1098.00
38425,1,5,254.61
38421,1,5,17.45
38419,1,5,24.40
38416,1,5,45.68
38415,1,5,133.00
38410,1,5,256.20
38409,1,5,106.80
38407,1,5,480.93
38406,1,5,537.00
38405,1,5,45.45
38404,1,5,123.80
38403,1,5,168.12
38402,1,5,504.60
38400,1,5,86.95
38396,1,5,256.20
38394,1,5,341.60
38390,1,5,141.60
38375,1,5,21.70
38371,1,5,70.80
38369,1,5,2722.00
38368,1,5,5410.00
38340,1,5,2319.00
38339,1,5,49.30
38338,1,5,134.40
38337,1,5,67.55
38336,1,5,177.00
38334,1,5,48.80
38333,1,5,91.36
38332,1,5,266.00
38331,1,5,5410.00
38330,1,5,6800.00
38325,1,5,74800.00
38324,1,5,79750.00
38323,1,5,81300.00
38322,1,5,81300.00
38318,1,5,546.80
38317,1,5,2495.00
38315,1,5,162.30
38314,1,5,78.42
38313,1,5,130.70
38299,1,5,231.60
38298,1,5,1600.80
38297,1,5,204.00
38296,1,5,1428.00
38287,1,5,368.00
38282,1,5,21.48
38281,1,5,61.00
38280,1,5,342.00
38278,1,5,2187.20
38274,1,5,21.70
38273,1,5,916.00
38264,1,5,86.80
38263,1,5,39.50
38262,1,5,147.00
38261,1,5,439.50
38257,1,5,16.20
38255,1,5,85.00
38254,1,5,141.60
38244,1,5,78.60
38243,1,5,366.00
38242,1,5,685.20
38241,1,5,1995.00
38240,1,5,36.60
38239,1,5,68.52
38238,1,5,199.50
38237,1,5,17.90
38236,1,5,61.00
38235,1,5,326.00
38234,1,5,1593.00
38233,1,5,5868.00
38232,1,5,425.00
38231,1,5,96.00
38212,1,5,2.44
38211,1,5,14.72
38210,1,5,23.20
38207,1,5,477.00
38206,1,5,39.50
38205,1,5,147.00
38204,1,5,364.80
38203,1,5,115.60
38190,1,5,22500.00
38189,1,5,24600.00
38176,1,5,38.76
38175,1,5,82.60
38174,1,5,112.08
38173,1,5,168.20
38172,1,5,150.30
38169,1,5,1166.40
38168,1,5,193.32
38167,1,5,3213.00
38166,1,5,482.40
38165,1,5,1603.80
38164,1,5,625.50
38161,1,5,2157.12
38158,1,5,359.52
38156,1,5,283.92
38155,1,5,452.48
38153,1,5,1438.08
38152,1,5,719.04
38151,1,5,1382.08
38150,1,5,1438.08
38149,1,5,2876.16
38148,1,5,2459.52
38146,1,5,12.20
38145,1,5,22.84
38144,1,5,66.50
38142,1,5,919.98
38138,1,5,614.29
38135,1,5,118.50
38134,1,5,441.00
38133,1,5,439.50
38132,1,5,70.80
38116,1,5,14000.00
38115,1,5,12600.00
38114,1,5,90300.00
38112,1,5,20900.00
38111,1,5,20600.00
38110,1,5,16.20
38109,1,5,9.40
38108,1,5,44.75
38107,1,5,122.00
38106,1,5,684.00
38102,1,5,85.00
38101,1,5,136.50
38100,1,5,410.50
38098,1,5,143.20
38097,1,5,548.00
38096,1,5,1712.00
38090,1,5,147.00
38084,1,5,1197.60
38053,1,5,72.54
38052,1,5,352.17
38051,1,5,2187.20
38047,1,5,6.48
38045,1,5,30.48
38044,1,5,40.20
38024,1,5,1071.00
38021,1,5,156.60
38019,1,5,2430.00
38018,1,5,11.28
38017,1,5,102.03
38015,1,5,5575.50
38014,2,5,665.10
38013,1,5,869.40
38011,1,5,29.46
37991,1,5,339.00
37990,1,5,156.84
37988,1,5,73.20
37984,1,5,117.80
37983,1,5,342.50
37971,1,5,1620.00
37970,1,5,1115.10
37969,1,5,3213.00
37968,1,5,313.20
37967,2,5,1330.20
37964,1,5,15.30
37961,1,5,79.00
37959,1,5,294.00
37956,1,5,916.00
37955,1,5,1466.16
37948,1,5,119.40
37947,1,5,153.00
37946,1,5,825.00
37945,1,5,1071.00
37943,1,5,80.00
37926,2,5,401.50
37925,1,5,69.00
37924,1,5,64.80
37923,1,5,317.75
37922,1,5,1080.00
37920,1,5,340.00
37911,1,5,410.50
37910,1,5,169.26
37908,1,5,895.00
37907,1,5,48.80
37906,1,5,6.00
37904,1,5,200.00
37903,1,5,1272.24
37902,1,5,3699.00
37900,1,5,24800.00
37895,1,5,18.30
37894,1,5,74.34
37893,1,5,216.30
37872,1,5,1197.60
37871,1,5,5.49
37865,1,5,1093.60
37861,1,5,1071.00
37860,1,5,810.00
37859,1,5,313.20
37858,1,5,1004.40
37857,1,5,1115.10
37831,1,5,9.15
37822,1,5,70.80
37820,1,5,43.40
37819,1,5,70.80
37815,1,5,10.98
37813,1,5,36.05
37800,1,5,80.00
37799,1,5,458.50
37798,1,5,2067.90
37797,1,5,169.91
37786,1,5,1996.00
37785,1,5,325.50
37784,1,5,644.50
37782,1,5,5542.00
37780,1,5,96.00
37779,1,5,1656.00
37778,1,5,157.14
37777,1,5,77.08
37776,1,5,423.20
37775,1,5,1121.41
37774,1,5,336.40
37772,1,5,2221.32
37771,1,5,504.00
37768,1,5,360.50
37766,1,5,311.17
37764,1,5,2394.00
37762,1,5,545.30
37761,1,5,410.50
37752,1,5,13.25
37750,1,5,136.50
37749,1,5,76.20
37748,1,5,346.00
37747,1,5,23.56
37746,1,5,68.50
37724,1,5,144.50
37723,1,5,456.00
37722,1,5,42400.00
37721,1,5,76400.00
37701,1,5,258.70
37700,1,5,1787.50
37698,1,5,295.20
37695,1,5,22500.00
37694,1,5,14000.00
37693,1,5,12600.00
37692,1,5,19600.00
37691,1,5,20900.00
37690,1,5,4392.00
37689,1,5,1480.00
37688,1,5,368.00
37687,1,5,38.10
37686,1,5,70.68
37685,1,5,205.50
37676,1,5,19.64
37675,1,5,574.14
37670,1,5,43.40
37669,1,5,70.80
37668,1,5,70.80
37667,1,5,31.60
37666,1,5,117.60
37665,1,5,366.40
37660,1,5,162.00
37659,1,5,821.00
37658,1,5,405.00
37657,1,5,1115.10
37656,1,5,156.60
37655,1,5,502.20
37648,1,5,2179.80
37647,1,5,294.35
37646,1,5,77.44
37644,1,5,3244.50
37643,1,5,2117.52
37642,1,5,1473.20
37641,1,5,540.00
37639,1,5,22.56
37637,1,5,252.30
37636,1,5,63.18
37634,1,5,1271.44
37633,1,5,4595.40
37632,1,5,13512.96
37631,1,5,72.16
37630,1,5,294.35
37628,1,5,46.00
37627,1,5,94.00
37626,1,5,568.00
37625,1,5,130.64
37624,1,5,1965.28
37623,1,5,19.74
37621,1,5,12.88
37620,1,5,46.98
37619,1,5,243.89
37618,1,5,500.38
37617,1,5,752.40
37615,1,5,29.68
37613,1,5,828.00
37612,1,5,208.00
37611,1,5,671.00
37610,1,5,1979.25
37609,1,5,5952.25
37608,1,5,360.50
37607,1,5,317.24
37606,1,5,382.72
37605,1,5,2056.00
37604,1,5,339.00
37594,1,5,32.80
37592,1,5,1372.50
37589,1,5,34.80
37588,1,5,492.10
37587,1,5,119.60
37586,1,5,87.04
37578,1,5,462.48
37577,1,5,748.16
37576,1,5,748.16
37575,1,5,1496.32
37574,1,5,346.00
37573,1,5,345.50
37571,1,5,466.48
37570,1,5,22.08
37569,1,5,2995.00
37567,1,5,5922.56
37566,1,5,1496.32
37563,1,5,734.72
37562,1,5,1559.04
37559,1,5,98.56
37558,1,5,12390.00
37540,1,5,19.64
37538,1,5,161.00
37537,1,5,63.50
37536,1,5,117.80
37535,1,5,342.50
37534,1,5,5.61
37533,1,5,73.20
37532,1,5,116.72
37531,1,5,350.40
37520,1,5,552.00
37519,1,5,496.19
37510,1,5,192.00
37508,1,5,635.00
37507,1,5,3612.21
37502,1,5,405.00
37501,1,5,1115.10
37500,1,5,156.60
37499,2,5,665.10
37496,1,5,9.15
37486,1,5,745.20
37485,1,5,169.28
37484,1,5,630.20
37483,1,5,1968.80
37481,1,5,63.50
37480,1,5,117.80
37479,1,5,342.50
37478,1,5,327.60
37477,1,5,994.80
37458,1,5,26440.00
37457,1,5,57500.00
37451,1,5,265.20
37446,1,5,215.60
37445,1,5,602.00
37441,1,5,356.50
37437,1,5,266.50
37436,1,5,11010.56
37435,1,5,3744.40
37433,1,5,275.52
37432,1,5,574.14
37420,1,5,920.00
37419,1,5,1178.00
37418,1,5,3425.00
37417,1,5,454.02
37416,1,5,105.00
37415,1,5,219.00
37408,1,5,12.88
37406,1,5,250.95
37390,1,5,282.50
37389,1,5,102.00
37388,1,5,714.00
37387,1,5,159.20
37386,1,5,1100.00
37385,1,5,1868.40
37384,1,5,285.20
37383,1,5,919.00
37381,1,5,16.47
37378,1,5,79.00
37377,1,5,294.00
37376,1,5,458.00
37375,1,5,458.00
37371,1,5,161.00
37366,1,5,16.20
37364,1,5,85.00
37363,1,5,113.40
37361,1,5,533.40
37360,1,5,14.84
37359,1,5,11.60
37358,1,5,139.70
37357,1,5,259.16
37356,1,5,753.50
37353,1,5,369.60
37344,1,5,1.87
37324,1,5,367.60
37321,1,5,266.80
37320,1,5,559.00
37319,1,5,459.50
37318,1,5,282.50
37316,1,5,16.14
37315,1,5,10362.50
37313,1,5,3420.69
37311,1,5,151.89
37299,1,5,334.50
37298,1,5,97.00
37297,1,5,10.98
37296,1,5,5100.00
37292,1,5,346.80
37291,1,5,1094.40
37290,1,5,66.70
37289,1,5,139.75
37288,1,5,48.60
37287,1,5,552.00
37285,1,5,117.84
37283,1,5,255.00
37278,1,5,94.30
37277,1,5,812.40
37276,1,5,53.00
37274,1,5,92.60
37272,1,5,2491.20
37271,1,5,63.50
37266,1,5,117.80
37265,1,5,342.50
37257,1,5,10.98
37254,1,5,298.20
37253,1,5,258.70
37252,1,5,255.00
37251,1,5,1354.00
37250,1,5,1787.50
37249,1,5,1785.00
37248,1,5,113.40
37246,1,5,533.40
37245,1,5,9.82
37244,1,5,339.00
37243,1,5,840.00
37226,1,5,22500.00
37214,1,5,204.30
37213,1,5,14.84
37212,1,5,75.60
37209,1,5,533.40
37205,1,5,103.84
37204,1,5,164.50
37203,1,5,187.68
37202,1,5,228.60
37201,1,5,1245.60
37200,1,5,937.20
37194,1,5,151.90
37192,1,5,70.80
37190,1,5,424.80
37163,1,5,99.50
37162,1,5,127.50
37161,1,5,687.50
37160,1,5,892.50
37159,1,5,241.80
37158,1,5,538.00
37155,2,5,500.40
37154,1,5,868.00
37150,1,5,3.74
37132,1,5,356.50
37130,1,5,282.50
37128,1,5,50.80
37127,1,5,94.24
37126,1,5,274.00
37125,1,5,198.90
37117,1,5,193.44
37116,1,5,408.88
37115,1,5,123.12
37114,1,5,9.35
37109,1,5,1890.00
37106,1,5,120.00
37101,1,5,14.72
37100,1,5,48.60
37099,1,5,252.30
37098,1,5,24.30
37096,1,5,215.28
37095,1,5,571.50
37094,1,5,3114.00
37093,1,5,807.52
37092,1,5,142.24
37091,1,5,18.40
37090,1,5,65.12
37089,1,5,311.17
37088,1,5,7.36
37087,1,5,14.10
37085,1,5,421.20
37083,1,5,1981.20
37082,1,5,7.32
37080,1,5,24.57
37078,1,5,48.42
37077,1,5,48.16
37074,1,5,740.32
37072,1,5,2618.56
37071,1,5,748.16
37070,1,5,197.12
37069,1,5,932.96
37067,1,5,2204.16
37065,1,5,2338.56
37064,1,5,7683.20
37063,1,5,4267.20
37062,1,5,2961.28
37061,1,5,197.50
37059,1,5,735.00
37058,1,5,151.90
37057,1,5,141.60
37056,1,5,1832.00
37055,1,5,458.00
37054,1,5,354.00
37052,1,5,18.30
37047,1,5,161.00
37045,1,5,184.20
37039,1,5,325.50
37037,1,5,1062.00
37020,1,5,266.50
37019,1,5,193.44
37018,1,5,430.40
37007,1,5,9.40
37002,1,5,812.40
37000,1,5,1.87
36997,1,5,5.49
36995,1,5,7.32
36991,1,5,92.00
36990,1,5,63.50
36989,1,5,345.50
36987,1,5,343.70
36986,1,5,117.80
36985,1,5,342.50
36984,1,5,414.50
36983,1,5,334.50
36982,1,5,136.50
36981,1,5,97.00
36979,1,5,11.04
36978,1,5,12.70
36977,1,5,217.20
36976,1,5,23.56
36975,1,5,68.50
36971,1,5,16.20
36969,1,5,85.00
36965,1,5,2491.20
36963,1,5,21.70
36962,1,5,70.80
36961,1,5,39.50
36960,1,5,147.00
36959,1,5,458.00
36958,1,5,79.00
36957,1,5,294.00
36956,1,5,916.00
36955,1,5,1012.00
36954,1,5,1295.80
36953,1,5,3767.50
36952,1,5,3.60
36949,1,5,120.00
36948,1,5,273.00
36947,1,5,829.00
36946,1,5,97.00
36945,1,5,334.50
36943,1,5,178.48
36942,1,5,496.57
36941,1,5,2705.72
36940,1,5,29.44
36939,1,5,101.60
36938,1,5,576.00
36937,1,5,47.12
36936,1,5,137.00
36935,1,5,25.40
36934,1,5,46.00
36933,1,5,94.00
36932,1,5,568.00
36925,1,5,812.40
36912,1,5,5432.00
36911,1,5,1840.00
36910,1,5,1312.00
36909,1,5,48.00
36906,1,5,115.00
36905,1,5,66.00
36904,1,5,57.44
36903,1,5,137.00
36902,1,5,25.40
36901,1,5,39.50
36900,1,5,727.50
36899,1,5,147.00
36898,1,5,11.04
36896,1,5,217.20
36895,1,5,13.36
36886,1,5,624.00
36885,1,5,2013.00
36876,1,5,226.00
36875,1,5,159.20
36874,1,5,1100.00
36873,1,5,153.00
36872,1,5,1071.00
36868,1,5,367.60
36863,1,5,154.56
36862,1,5,775.15
36861,1,5,2279.36
36860,1,5,63.50
36859,1,5,117.80
36858,1,5,342.50
36857,1,5,303.60
36856,1,5,4545.72
36855,1,5,1531.80
36848,1,5,218.50
36845,1,5,481.52
36841,1,5,431.00
36838,1,5,51.00
36837,1,5,431.20
36836,1,5,1204.00
36835,1,5,138.00
36834,1,5,1647.00
36833,1,5,555.00
36832,1,5,3.74
36831,1,5,547.20
36830,1,5,12.60
36829,1,5,63.06
36828,1,5,149.40
36827,1,5,60.54
36826,1,5,137.28
36825,1,5,13.44
36824,1,5,2946.00
36822,1,5,798.00
36821,1,5,3519.00
36820,1,5,893.40
36819,1,5,204.60
36818,1,5,372.25
36817,1,5,81.00
36816,1,5,25.50
36815,1,5,289.00
36814,1,5,5496.00
36813,1,5,2061.00
36812,1,5,414.00
36810,1,5,821.00
36809,1,5,549.00
36808,1,5,2652.00
36807,1,5,1964.00
36797,1,5,61.56
36796,1,5,96.72
36795,1,5,204.44
36794,1,5,12.95
36791,1,5,2168.00
36789,1,5,1104.00
36788,1,5,1084.00
36786,1,5,92.50
36785,1,5,145.90
36784,1,5,438.00
36783,1,5,66.70
36782,1,5,139.75
36772,1,5,147.00
36771,1,5,39.50
36770,1,5,477.00
36769,1,5,147.00
36768,1,5,39.50
36767,1,5,458.00
36766,1,5,14.84
36765,1,5,26.50
36763,1,5,12.60
36762,1,5,60.54
36761,1,5,128.70
36760,1,5,13.25
36758,1,5,1245.60
36732,1,5,646.10
36730,1,5,4200.00
36729,1,5,6300.00
36728,1,5,10950.00
36727,1,5,10300.00
36726,1,5,3612.00
36725,1,5,2439.00
36724,1,5,2709.00
36723,1,5,2439.00
36722,1,5,3740.00
36721,1,5,3625.00
36720,1,5,3056.00
36719,1,5,680.00
36718,1,5,9000.00
36717,1,5,2460.00
36710,1,5,212.40
36708,1,5,151.90
36707,1,5,141.60
36705,1,5,141.60
36704,1,5,176.40
36703,1,5,47.40
36702,1,5,549.60
36701,1,5,32.76
36698,1,5,42.00
36697,1,5,87.60
36696,1,5,12.60
36695,1,5,60.54
36694,1,5,128.70
36690,1,5,25.40
36689,1,5,47.12
36688,1,5,137.00
36687,1,5,24.30
36685,1,5,127.50
36684,1,5,16.38
36680,1,5,161.00
36668,1,5,136.50
36667,1,5,414.50
36665,1,5,8.10
36663,1,5,38.10
36657,1,5,6800.00
36641,1,5,245.16
36640,1,5,183.80
36636,1,5,1840.00
36635,1,5,6790.00
36634,1,5,96.00
36630,1,5,3.68
36627,1,5,21.00
36626,1,5,360.50
36623,1,5,35.15
36621,1,5,78.30
36620,2,5,332.55
36616,1,5,155.70
36610,1,5,1840.00
36609,1,5,2356.00
36608,1,5,6850.00
36607,1,5,7.20
36604,1,5,240.00
36603,1,5,37.17
36602,1,5,108.15
36601,1,5,2.04
36599,1,5,39.28
36597,2,5,221.70
36596,1,5,52.20
36595,1,5,7.44
36594,1,5,135.00
36593,1,5,371.70
36584,1,5,16.20
36582,1,5,85.00
36580,1,5,337.75
36579,1,5,1080.00
36576,1,5,38.10
36567,1,5,120.40
36566,1,5,717.96
36565,1,5,3574.20
36564,1,5,10510.08
36561,1,5,80.00
36560,1,5,49.30
36559,1,5,134.40
36557,1,5,80.50
36549,1,5,21.45
36547,1,5,162.00
36546,1,5,319.20
36545,1,5,538.00
36544,1,5,63.50
36543,1,5,368.00
36541,1,5,314.84
36540,1,5,282.50
36539,1,5,2076.00
36538,1,5,318.40
36537,1,5,2139.20
36536,1,5,204.00
36535,1,5,1245.60
36532,1,5,677.00
36527,1,5,646.10
36522,1,5,47.56
36521,1,5,138.40
36520,1,5,25.40
36519,1,5,8400.00
36518,1,5,7560.00
36517,1,5,6570.00
36516,1,5,6180.00
36515,1,5,3252.00
36514,1,5,4515.00
36513,1,5,4065.00
36512,1,5,2244.00
36511,1,5,2175.00
36510,1,5,424.00
36509,1,5,3820.00
36508,1,5,1360.00
36507,1,5,1240.00
36506,1,5,11250.00
36505,1,5,4920.00
36494,1,5,2359.72
36493,1,5,799.20
36490,1,5,479.37
36489,1,5,108.54
36487,1,5,637.54
36486,1,5,360.50
36484,1,5,277.53
36483,1,5,66.88
36481,1,5,721.36
36480,1,5,199.28
36478,1,5,318.06
36474,1,5,973.35
36473,1,5,355.26
36472,1,5,4359.60
36471,1,5,3.74
36465,1,5,1009.65
36464,1,5,71.34
36463,1,5,207.60
36462,1,5,105.00
36461,1,5,219.00
36460,3,5,877.75
36457,1,5,139.75
36456,1,5,133.60
36455,1,5,333.00
36454,1,5,18.60
36453,1,5,346.00
36452,1,5,152.40
36451,1,5,201.04
36450,1,5,484.40
36428,1,5,42000.00
36414,1,5,16.00
36413,1,5,713.70
36412,1,5,61.38
36411,1,5,240.50
36408,1,5,141.60
36405,1,5,65.10
36404,1,5,23.70
36403,1,5,88.20
36401,1,5,274.80
36399,1,5,148.68
36396,1,5,7.40
36394,1,5,74.34
36393,1,5,216.30
36359,1,5,18.60
36358,1,5,362.00
36353,1,5,132.60
36343,1,5,22500.00
36342,1,5,14000.00
36340,1,5,113.20
36339,1,5,11.16
36337,1,5,289.80
36336,1,5,1557.00
36333,1,5,7.48
36331,1,5,39.50
36329,1,5,147.00
36328,1,5,43.40
36325,1,5,458.00
36324,1,5,141.60
36317,1,5,481.52
36316,1,5,558.00
36315,1,5,309.30
36314,1,5,651.00
36313,1,5,200.10
36312,1,5,419.25
36311,1,5,175.20
36310,1,5,12600.00
36303,1,5,23.40
36301,1,5,68.82
36300,1,5,190.50
36299,1,5,346.00
36298,1,5,691.00
36296,1,5,11.10
36292,1,5,266.50
36280,1,5,26.50
36278,2,5,415.00
36276,1,5,1557.00
36260,1,5,252.30
36255,1,5,117.84
36252,1,5,61.60
36251,1,5,25.38
36250,1,5,20.46
36248,1,5,252.30
36245,1,5,1.87
36244,1,5,202.74
36243,1,5,554.99
36242,1,5,1764.60
36241,1,5,540.00
36240,1,5,771.47
36224,1,5,16.20
36222,1,5,85.00
36221,1,5,337.75
36220,1,5,1080.00
36218,1,5,14.80
36215,1,5,9030.00
36214,1,5,8130.00
36213,1,5,7640.00
36210,1,5,8.10
36207,1,5,7.40
36203,1,5,606.34
36201,2,5,415.00
36200,1,5,69.00
36199,1,5,431.20
36198,1,5,282.50
36197,1,5,1204.00
36180,1,5,50.80
36179,1,5,95.12
36178,1,5,276.80
36176,1,5,298.50
36175,1,5,2062.50
36174,1,5,204.00
36173,1,5,1428.00
36169,1,5,24.30
36167,1,5,114.30
36165,1,5,53.00
36162,1,5,151.50
36158,1,5,415.20
36143,1,5,76.20
36142,1,5,142.68
36141,1,5,415.20
36139,1,5,43.40
36138,1,5,141.60
36136,1,5,734.72
36134,1,5,1496.32
36133,1,5,11.16
36131,1,5,289.80
36130,1,5,5.61
36127,1,5,381.00
36125,1,5,3.60
36123,1,5,120.00
36122,1,5,713.40
36121,1,5,2076.00
36120,1,5,748.16
36119,1,5,5378.24
36118,1,5,2244.48
36116,1,5,748.16
36115,1,5,161.00
36114,1,5,1559.04
36113,1,5,295.68
36112,1,5,2702.56
36110,1,5,466.48
36109,1,5,96.72
36108,1,5,168.20
36107,1,5,144.20
36106,1,5,420.50
36100,1,5,812.40
36099,1,5,339.00
36086,1,5,541.60
36063,1,5,162.00
36061,1,5,762.00
36055,1,5,204.44
36054,1,5,61.56
36037,1,5,829.00
36036,1,5,273.00
36035,1,5,22.32
36034,1,5,63.50
36033,1,5,346.00
36032,1,5,151.50
36031,1,5,582.00
36029,1,5,55.32
36028,1,5,161.00
36027,1,5,210.24
36020,1,5,16.20
36017,1,5,40.00
36015,1,5,85.00
36009,1,5,4255.00
36008,1,5,855.60
36007,1,5,12517.44
36005,1,5,3.70
36004,1,5,63.50
36003,1,5,118.90
36002,1,5,346.00
36001,1,5,22.32
36000,1,5,63.50
35999,1,5,345.50
35998,1,5,713.70
35997,1,5,1602.10
35996,1,5,332.94
35995,1,5,4003.84
35994,1,5,21.45
35993,1,5,1038.00
35984,1,5,121.50
35982,1,5,571.50
35971,1,5,145.08
35970,1,5,531.56
35969,1,5,1660.64
35967,1,5,196.40
35966,1,5,105.00
35965,1,5,210.24
35962,1,5,7.40
35961,1,5,79.00
35959,1,5,294.00
35958,1,5,21.70
35957,1,5,70.80
35956,1,5,916.00
35935,1,5,98.94
35934,1,5,13.51
35930,1,5,41.08
35929,1,5,149.94
35928,1,5,486.54
35927,1,5,50.50
35925,1,5,147.30
35924,1,5,42.00
35923,1,5,87.60
35920,1,5,1038.00
35919,1,5,290.10
35914,1,5,80.50
35900,1,5,98.94
35899,1,5,341.19
35898,1,5,1.87
35895,1,5,143.56
35892,1,5,218.50
35886,1,5,79.00
35884,1,5,294.00
35882,1,5,43.40
35880,1,5,916.00
35879,1,5,141.60
35877,1,5,86.80
35876,1,5,70.80
35875,1,5,212.40
35864,1,5,941.16
35863,1,5,289.80
35851,1,5,12.70
35850,1,5,23.78
35849,1,5,69.20
35848,1,5,215.60
35847,1,5,602.00
35843,1,5,1551.78
35839,1,5,20440.00
35838,1,5,41900.00
35837,1,5,26500.00
35835,1,5,8.10
35833,1,5,9.40
35830,1,5,48.60
35829,1,5,406.40
35828,1,5,252.30
35827,1,5,1695.40
35826,1,5,540.00
35825,1,5,15.84
35824,1,5,508.00
35822,1,5,2186.72
35821,1,5,612.85
35818,1,5,1245.60
35808,1,5,713.00
35805,1,5,11.10
35802,1,5,97.20
35800,1,5,457.20
35799,1,5,16.20
35797,1,5,85.00
35790,1,5,160.80
35789,1,5,257.00
35788,1,5,1111.20
35787,1,5,1803.00
35786,1,5,342.60
35784,1,5,43.34
35783,1,5,50.80
35782,1,5,95.12
35781,1,5,276.80
35780,1,5,368.00
35771,1,5,356.50
35769,1,5,349.20
35767,1,5,139.75
35766,1,5,99.48
35765,1,5,525.60
35764,1,5,111.00
35763,1,5,840.00
35761,1,5,381.00
35758,1,5,274.50
35757,1,5,92.50
35756,1,5,22.32
35742,1,5,55.32
35741,1,5,161.00
35739,1,5,176.32
35738,1,5,213.60
35737,1,5,323.95
35736,1,5,382.20
35721,1,5,6867.99
35720,1,5,2312.50
35719,1,5,465.00
35717,1,5,11.16
35716,1,5,217.20
35715,1,5,175.08
35714,1,5,525.60
35713,1,5,111.00
35712,1,5,21.45
35710,1,5,161.00
35704,1,5,28900.00
35703,1,5,13950.00
35702,1,5,412.75
35701,1,5,172.75
35700,1,5,1384.00
35699,1,5,721.00
35698,1,5,235.00
35697,1,5,342.90
35696,1,5,1868.40
35695,1,5,1420.00
35694,1,5,32.40
35693,1,5,18.80
35692,1,5,168.20
35690,1,5,596.90
35689,1,5,144.20
35688,1,5,3244.50
35687,1,5,96.80
35686,1,5,28.20
35684,1,5,420.50
35682,1,5,16.20
35680,1,5,14.84
35667,1,5,1546.00
35666,1,5,848.00
35665,1,5,2040.00
35664,1,5,7640.00
35663,1,5,1240.00
35662,1,5,11250.00
35661,1,5,3690.00
35659,1,5,55.30
35657,1,5,21.70
35656,1,5,205.80
35654,1,5,641.20
35652,1,5,70.80
35651,1,5,401.40
35650,1,5,117.60
35649,1,5,123.90
35648,1,5,360.50
35647,1,5,276.30
35643,1,5,14.80
35641,1,5,626.22
35640,1,5,13140.00
35639,1,5,12360.00
35638,1,5,3612.00
35637,1,5,3252.00
35636,1,5,903.00
35635,1,5,1626.00
35634,1,5,4350.00
35633,1,5,4488.00
35632,1,5,8400.00
35631,1,5,7560.00
35622,1,5,50.80
35621,1,5,95.12
35620,1,5,276.80
35619,1,5,11.16
35618,2,5,221.70
35617,1,5,1557.00
35615,1,5,463.00
35613,1,5,0.08
35612,1,5,0.00
35606,1,5,337.75
35605,1,5,1080.00
35604,1,5,52.20
35603,1,5,11.16
35602,2,5,221.70
35601,3,5,702.20
35600,1,5,434.00
35598,1,5,139.75
35597,1,5,50.80
35596,1,5,95.12
35595,1,5,276.80
35593,1,5,98.20
35586,1,5,88.38
35585,1,5,63.50
35584,1,5,345.50
35583,1,5,63.50
35582,1,5,346.00
35573,1,5,18.50
35569,1,5,154.60
35565,1,5,16.20
35563,1,5,85.00
35560,1,5,3.70
35557,1,5,27.66
35556,1,5,96.60
35543,1,5,4.70
35541,1,5,439.20
35540,1,5,148.00
35538,1,5,7.90
35537,1,5,29.40
35534,1,5,91.60
35533,1,5,39.50
35531,1,5,147.00
35530,1,5,238.70
35529,1,5,708.00
35528,1,5,458.00
35527,1,5,70.80
35526,1,5,4485.33
35525,1,5,2014.65
35524,1,5,405.48
35523,1,5,1485.12
35522,1,5,72.90
35521,1,5,400.05
35520,1,5,391.05
35519,1,5,1833.80
35518,1,5,360.50
35517,1,5,8.80
35516,1,5,127.00
35514,1,5,721.00
35513,1,5,96.80
35512,1,5,28.20
35511,1,5,462.55
35509,1,5,178.60
35508,1,5,514.35
35507,1,5,2802.60
35506,1,5,1079.20
35498,1,5,930.00
35497,1,5,4595.40
35496,1,5,13518.40
35495,1,5,10.16
35493,1,5,165.10
35492,1,5,889.20
35491,1,5,1496.32
35490,1,5,16.20
35488,1,5,76.20
35483,1,5,853.44
35482,1,5,3080.14
35481,1,5,1496.32
35480,1,5,284.48
35479,1,5,748.16
35478,1,5,748.16
35476,1,5,426.72
35475,1,5,197.12
35474,1,5,470.96
35472,1,5,142.24
35468,1,5,2338.56
35467,1,5,568.96
35465,1,5,1469.44
35464,1,5,568.96
35459,1,5,138.40
35458,1,5,1023.00
35457,1,5,1307.90
35456,1,5,3812.92
35455,1,5,116.72
35454,1,5,350.40
35453,1,5,74.00
35451,1,5,766.00
35440,1,5,60.30
35439,1,5,257.00
35438,1,5,416.70
35437,1,5,1803.00
35436,1,5,131.40
35435,1,5,86.14
35434,1,5,217.60
35430,1,5,1038.00
35426,1,5,370.40
35425,1,5,42.00
35424,1,5,87.60
35423,1,5,93.00
35422,1,5,118.90
35421,1,5,346.00
35415,1,5,456.80
35390,1,5,1360.00
35388,1,5,241.50
35387,1,5,778.50
35378,1,5,21.00
35377,1,5,35.04
35373,1,5,636.16
35372,1,5,13.25
35368,1,5,80.00
35367,1,5,215.60
35366,1,5,602.00
35363,1,5,3.94
35343,1,5,424.00
35342,1,5,3820.00
35341,1,5,1020.00
35340,1,5,1240.00
35339,1,5,11250.00
35338,1,5,3690.00
35337,1,5,11200.00
35336,1,5,10080.00
35335,1,5,17520.00
35334,1,5,1806.00
35333,1,5,2439.00
35332,1,5,3612.00
35331,1,5,4878.00
35330,1,5,3625.00
35329,1,5,471.00
35327,1,5,914.00
35326,1,5,778.50
35309,1,5,63.20
35308,1,5,235.20
35305,1,5,732.80
35302,1,5,63.50
35301,1,5,345.50
35300,1,5,25.40
35299,1,5,47.56
35298,1,5,138.40
35297,1,5,39.50
35295,1,5,147.00
35294,1,5,325.50
35293,1,5,715.08
35292,1,5,458.00
35291,1,5,354.00
35277,1,5,3.70
35274,1,5,128.50
35273,1,5,901.50
35272,1,5,241.20
35271,1,5,1666.80
35270,1,5,135.36
35269,1,5,775.97
35268,1,5,1660.80
35267,1,5,1868.40
35266,1,5,728.21
35265,1,5,817.92
35261,1,5,16.20
35259,1,5,85.00
35258,1,5,7.40
35256,1,5,2080.00
35246,1,5,12.70
35245,1,5,23.78
35244,1,5,69.20
35242,1,5,238.70
35241,1,5,785.88
35212,1,5,11.82
35211,1,5,25.74
35209,1,5,285.50
35201,1,5,9.72
35199,1,5,123.90
35198,1,5,360.50
35190,1,5,91.20
35189,1,5,30.40
35186,1,5,34.29
35179,1,5,42.00
35178,1,5,10510.00
35169,1,5,356.50
35167,1,5,8.10
35166,1,5,50.80
35164,1,5,42.50
35163,1,5,95.12
35162,1,5,276.80
35161,1,5,121.50
35159,1,5,571.50
35158,1,5,12600.00
35138,1,5,295.00
35137,1,5,2084.16
35136,1,5,210.63
35135,1,5,612.85
35133,1,5,427.42
35131,1,5,161.00
35128,1,5,63.50
35127,1,5,346.00
35126,1,5,8.10
35125,1,5,50.80
35123,1,5,42.50
35122,1,5,95.12
35121,1,5,276.80
35116,1,5,24.30
35112,1,5,2076.00
35111,1,5,1354.00
35110,1,5,192.00
35106,1,5,342.60
35097,1,5,161.00
35096,1,5,73.50
35095,1,5,148.92
35092,1,5,3.60
35090,1,5,120.00
35088,1,5,424.00
35087,1,5,4584.00
35086,1,5,1360.00
35085,1,5,1240.00
35084,1,5,13500.00
35083,1,5,4920.00
35075,1,5,79.00
35074,1,5,294.00
35073,1,5,954.00
35072,1,5,3.94
35071,1,5,1354.00
35065,1,5,42.50
35054,1,5,372.00
35053,1,5,475.60
35052,1,5,1384.00
35051,1,5,175.08
35050,1,5,525.60
35049,1,5,111.00
35047,1,5,12.95
35046,1,5,201.00
35045,1,5,1389.00
35044,1,5,77.10
35043,1,5,540.90
35042,1,5,6117.79
35041,1,5,1656.00
35040,1,5,69.60
35039,1,5,135.00
35038,1,5,18.60
35037,1,5,371.70
35036,2,5,302.99
35034,1,5,80.50
35033,1,5,425.00
35030,1,5,96.00
35016,1,5,4.29
35015,1,5,21.00
35014,1,5,43.80
35012,1,5,231.50
35007,1,5,63.20
35005,1,5,235.20
35004,1,5,217.00
35003,1,5,354.00
35002,1,5,732.80
35001,1,5,354.00
34999,1,5,1.85
34997,1,5,2076.00
34987,1,5,185.20
34968,1,5,40.00
34967,1,5,129.60
34966,1,5,665.01
34965,1,5,26.44
34964,1,5,57.60
34960,1,5,1083.20
34959,1,5,291.00
34958,1,5,356.80
34957,1,5,10.50
34956,1,5,21.90
34952,1,5,94.30
34951,1,5,49.30
34950,1,5,134.40
34949,1,5,96.72
34948,1,5,204.44
34947,1,5,61.56
34946,1,5,1236.00
34937,1,5,257.00
34936,1,5,1803.00
34935,1,5,100.50
34934,1,5,694.50
34933,1,5,539.40
34932,1,5,163.80
34930,1,5,13.25
34929,1,5,72.90
34928,1,5,171.45
34927,1,5,378.45
34926,1,5,972.00
34925,1,5,88.00
34924,1,5,609.60
34923,1,5,3321.60
34921,1,5,96.80
34920,1,5,99.06
34919,1,5,462.55
34918,1,5,562.38
34917,1,5,94.00
34916,1,5,571.50
34915,1,5,3120.92
34914,1,5,568.00
34912,1,5,279.50
34911,1,5,47.40
34909,1,5,176.40
34908,1,5,108.50
34907,1,5,549.60
34906,1,5,354.00
34904,1,5,8.10
34900,1,5,42.50
34869,1,5,337.75
34868,1,5,1080.00
34867,1,5,54.90
34866,1,5,5696.02
34865,1,5,882.28
34864,1,5,1372.68
34863,1,5,16673.13
34862,1,5,2756.32
34860,1,5,1360.00
34854,1,5,32.40
34852,1,5,152.40
34851,1,5,228.40
34848,1,5,38.10
34847,1,5,71.34
34846,1,5,207.60
34836,1,5,39.50
34834,1,5,147.00
34833,1,5,217.00
34832,1,5,708.00
34831,1,5,458.00
34830,1,5,19.64
34829,1,5,671.00
34828,1,5,414.00
34826,1,5,208.00
34825,1,5,127.00
34824,1,5,346.00
34823,1,5,345.50
34820,1,5,5600.00
34819,1,5,6300.00
34818,1,5,8760.00
34817,1,5,8240.00
34816,1,5,1626.00
34815,1,5,3252.00
34814,1,5,2992.00
34813,1,5,2900.00
34810,1,5,377.72
34807,1,5,930.00
34806,1,5,1189.00
34805,1,5,3460.00
34803,1,5,2040.00
34802,1,5,7380.00
34801,1,5,848.00
34800,1,5,2480.00
34799,1,5,4584.00
34798,1,5,13500.00
34797,1,5,198.24
34796,1,5,576.80
34794,1,5,7.40
34793,1,5,50.80
34792,1,5,95.12
34791,1,5,276.80
34790,1,5,124.35
34789,1,5,228.40
34775,1,5,25.40
34774,1,5,47.56
34773,1,5,138.40
34772,1,5,175.08
34771,1,5,525.60
34770,1,5,111.00
34769,1,5,2076.00
34755,1,5,7.40
34753,3,5,351.10
34752,1,5,217.00
34750,1,5,419.25
34748,2,5,415.00
34739,1,5,337.75
34738,1,5,1080.00
34733,1,5,13.25
34731,1,5,139.75
34730,1,5,63.50
34729,1,5,368.00
34717,1,5,48.36
34716,1,5,107.60
34715,1,5,37.20
34714,1,5,25.40
34713,1,5,83.23
34712,1,5,242.20
34693,1,5,69.00
34692,1,5,215.60
34691,1,5,602.00
34688,1,5,241.50
34686,1,5,892.00
34672,1,5,39.50
34670,1,5,147.00
34669,1,5,217.00
34668,1,5,715.08
34667,1,5,458.00
34666,1,5,205.50
34665,1,5,55.80
34664,1,5,646.28
34663,1,5,16.20
34661,1,5,85.00
34657,1,5,21.70
34654,1,5,70.80
34626,1,5,58.00
34625,1,5,1624.80
34624,1,5,1557.00
34622,1,5,25.40
34621,1,5,47.56
34620,1,5,138.40
34619,1,5,779.52
34616,1,5,197.12
34615,1,5,1883.84
34614,1,5,2244.48
34613,1,5,748.16
34612,1,5,748.16
34611,1,5,2702.56
34610,1,5,7305.90
34609,1,5,1496.32
34608,1,5,14.10
34606,1,5,8.10
34601,1,5,266.50
34599,1,5,279.00
34597,1,5,298.20
34587,1,5,362.70
34586,1,5,807.00
34585,1,5,50.80
34584,1,5,451.82
34583,1,5,1314.80
34582,1,5,1557.00
34576,1,5,1354.00
34575,1,5,337.75
34574,1,5,1080.00
34573,1,5,8.10
34569,1,5,42.50
34568,1,5,63.50
34567,1,5,368.00
34566,1,5,6112.00
34565,1,5,2040.00
34564,1,5,18000.00
34563,1,5,8487.00
34554,1,5,558.00
34553,1,5,63.50
34552,1,5,345.50
34551,1,5,38.10
34550,1,5,71.34
34549,1,5,207.60
34546,1,5,14.80
34543,1,5,10370.79
34542,1,5,334.50
34541,1,5,3412.50
34540,1,5,98.00
34538,1,5,5.55
34536,1,5,223.02
34535,1,5,648.90
34533,1,5,314.24
34531,1,5,435.22
34501,1,5,79.00
34499,1,5,294.00
34498,1,5,108.50
34497,1,5,925.16
34496,1,5,354.00
34495,1,5,337.75
34494,1,5,1080.00
34489,1,5,42.30
34488,1,5,220.98
34487,1,5,590.40
34486,1,5,663.32
34485,1,5,255.60
34484,1,5,17.60
34483,1,5,4.70
34480,1,5,23.64
34477,1,5,1286.56
34476,1,5,171.25
34475,1,5,301.32
34474,1,5,3782.61
34473,1,5,535.00
34472,1,5,5490.00
34471,1,5,2992.00
34470,1,5,595.20
34469,1,5,3294.00
34468,1,5,10.50
34467,1,5,21.90
34461,1,5,16.20
34459,1,5,76.20
34457,1,5,17.45
34456,1,5,1354.00
34455,1,5,361.80
34454,1,5,257.00
34453,1,5,2500.20
34452,1,5,1803.00
34451,1,5,565.00
34429,1,5,17.45
34414,1,5,840.00
34413,1,5,23.20
34412,1,5,6570.00
34411,1,5,6180.00
34410,1,5,3740.00
34409,1,5,3625.00
34408,1,5,4515.00
34407,1,5,4065.00
34406,1,5,5600.00
34405,1,5,5040.00
34402,1,5,39.75
34401,1,5,63.50
34400,1,5,346.00
34399,1,5,403.60
34398,1,5,858.00
34395,1,5,181.35
34394,1,5,403.50
34393,1,5,121.50
34392,1,5,132.60
34390,1,5,14000.00
34388,1,5,324.60
34386,1,5,186.00
34385,1,5,3.60
34383,1,5,120.00
34382,1,5,237.80
34381,1,5,692.00
34379,1,5,8.41
34378,1,5,15.35
34377,1,5,13.88
34374,1,5,1.97
34373,1,5,840.00
34349,1,5,19.20
34333,1,5,161.00
34332,1,5,1557.00
34328,1,5,1245.60
34327,1,5,738.40
34326,1,5,72.10
34324,1,5,17.60
34323,1,5,188.00
34320,1,5,48.60
34319,1,5,711.20
34318,1,5,1667.72
34317,1,5,360.50
34316,1,5,252.30
34315,1,5,576.00
34314,1,5,12.09
34313,1,5,26.90
34312,1,5,42.00
34311,1,5,87.60
34310,1,5,121.50
34308,1,5,571.50
34304,1,5,139.75
34302,1,5,161.00
34300,1,5,447.30
34279,1,5,930.00
34278,1,5,1189.00
34277,1,5,3460.00
34276,1,5,12.70
34275,1,5,23.78
34274,1,5,69.20
34271,1,5,217.00
34268,1,5,715.08
34264,1,5,13.25
34262,1,5,1295.00
34253,1,5,1.85
34251,1,5,48.60
34247,1,5,254.51
34245,1,5,16.20
34243,1,5,85.00
34237,1,5,622.80
34225,1,5,82.00
34224,1,5,16.20
34208,1,5,10.50
34207,1,5,21.90
34206,1,5,12.09
34205,1,5,26.90
34194,1,5,324.60
34191,1,5,40.00
34190,1,5,10.50
34189,1,5,30.66
34171,1,5,63.50
34170,1,5,345.50
34164,1,5,3848.46
34163,1,5,2244.48
34162,1,5,374.08
34161,1,5,374.08
34159,1,5,1496.32
34158,1,5,1559.04
34156,1,5,1469.44
34152,1,5,17.16
34150,1,5,7.40
34149,1,5,295.68
34148,1,5,470.96
34147,1,5,2702.56
34144,1,5,156.60
34143,1,5,11.16
34142,2,5,672.49
34138,1,5,98.20
34134,1,5,11.10
34133,1,5,337.75
34132,1,5,1080.00
34131,1,5,9.82
34130,1,5,198.24
34129,1,5,576.80
34118,1,5,11.82
34116,1,5,298.20
34104,1,5,16.20
34103,1,5,12.70
34101,1,5,85.00
34100,1,5,23.78
34099,1,5,69.20
34097,1,5,442.00
34095,1,5,77.10
34094,1,5,540.90
34093,1,5,221.10
34092,1,5,1527.90
34073,1,5,25.40
34072,1,5,47.56
34071,1,5,138.40
34070,1,5,583.60
34069,1,5,1752.00
34068,1,5,370.00
34057,1,5,5600.00
34056,1,5,2520.00
34055,1,5,8760.00
34054,1,5,8240.00
34053,1,5,2439.00
34052,1,5,2244.00
34051,1,5,1187.20
34050,1,5,7640.00
34049,1,5,2720.00
34048,1,5,3472.00
34047,1,5,22500.00
34046,1,5,9840.00
34045,1,5,215.60
34044,1,5,602.00
34042,1,5,173.60
34041,1,5,70.80
34040,1,5,361.08
34039,1,5,141.60
34037,1,5,110.20
34036,1,5,234.96
34034,1,5,225.72
34033,1,5,372.40
34032,1,5,42.00
33985,1,5,1.97
33964,1,5,1038.00
33958,1,5,117.20
33956,1,5,699.00
33955,1,5,510.00
33954,1,5,6117.79
33951,1,5,1564.00
33950,1,5,63.50
33949,1,5,368.00
33948,1,5,829.00
33947,1,5,273.00
33946,1,5,32.20
33944,1,5,12.70
33941,1,5,76.26
33933,1,5,3432.00
33932,1,5,578.00
33931,1,5,3305.00
33930,1,5,2880.00
33927,1,5,1020.00
33926,1,5,840.00
33925,1,5,4560.00
33924,1,5,1442.00
33923,1,5,1520.00
33921,1,5,209.40
33920,1,5,1009.00
33919,1,5,511.00
33918,1,5,838.00
33917,1,5,1322.00
33916,1,5,662.50
33915,1,5,1725.00
33912,1,5,78.80
33910,1,5,71.34
33909,1,5,207.60
33908,1,5,792.00
33907,1,5,2878.72
33906,1,5,1045.45
33905,1,5,94.00
33904,1,5,1289.05
33903,1,5,2179.80
33902,1,5,568.00
33901,1,5,1306.62
33900,1,5,1613.81
33899,1,5,321.78
33898,1,5,3436.74
33893,1,5,98.20
33885,1,5,322.00
33884,1,5,39.50
33882,1,5,147.00
33881,1,5,217.00
33880,1,5,715.08
33879,1,5,458.00
33877,1,5,69.80
33876,1,5,55.30
33875,1,5,205.80
33874,1,5,641.20
33871,1,5,39.50
33869,1,5,147.00
33868,1,5,130.20
33867,1,5,431.88
33866,1,5,458.00
33865,1,5,66.70
33864,1,5,139.75
33851,1,5,352.92
33837,1,5,105.60
33836,1,5,14.10
33835,1,5,504.60
33833,1,5,8.80
33832,1,5,360.50
33831,1,5,23.50
33829,1,5,635.00
33827,1,5,3251.71
33826,1,5,72.90
33825,1,5,378.45
33822,1,5,5.55
33798,1,5,93.00
33797,1,5,118.90
33796,1,5,346.00
33792,1,5,16.65
33782,1,5,438.00
33781,1,5,7640.00
33780,1,5,52.20
33778,1,5,22.32
33777,2,5,221.70
33776,1,5,224.44
33764,1,5,3490.00
33762,1,5,1150.92
33761,1,5,98.00
33760,1,5,334.50
33758,1,5,388.92
33755,1,5,10.50
33754,1,5,21.90
33752,1,5,1.97
33749,1,5,161.07
33748,1,5,468.65
33746,1,5,9.25
33745,1,5,52.20
33744,2,5,221.70
33743,1,5,20.44
33742,1,5,41.90
33728,1,5,20.04
33727,1,5,255.00
33726,1,5,203.70
33723,1,5,40.00
33722,1,5,9.85
33720,1,5,302.70
33719,1,5,643.50
33707,1,5,0.00
33706,1,5,0.00
33705,1,5,863.88
33704,1,5,6146.58
33703,1,5,4194.20
33702,1,5,17.93
33701,1,5,44.52
33699,1,5,2708.00
33684,1,5,57800.00
33678,1,5,9.40
33673,1,5,217.00
33671,1,5,715.08
33669,1,5,47.40
33668,1,5,176.40
33667,1,5,274.80
33666,1,5,274.80
33665,1,5,3702.60
33664,1,5,171.25
33663,1,5,783.06
33662,1,5,10875.69
33661,1,5,535.00
33653,1,5,27.78
33652,1,5,93.52
33647,1,5,588.70
33646,1,5,576.00
33644,1,5,2498.12
33643,1,5,123.20
33642,1,5,454.40
33641,1,5,122.20
33640,1,5,691.00
33639,1,5,32.20
33638,1,5,723.90
33637,1,5,903.64
33636,1,5,2636.52
33635,1,5,127.00
33634,1,5,692.00
33632,1,5,457.24
33629,1,5,322.00
33595,1,5,13.25
33594,1,5,18.60
33570,1,5,2708.00
33566,1,5,38.10
33564,1,5,98.20
33563,1,5,71.34
33562,1,5,214.52
33546,1,5,274.00
33545,1,5,74.40
33544,1,5,856.00
33543,3,5,877.75
33542,1,5,542.50
33540,1,5,419.25
33538,1,5,402.00
33537,1,5,2778.00
33536,1,5,257.00
33535,1,5,1803.00
33522,1,5,1389.00
33521,1,5,201.00
33520,1,5,257.00
33519,1,5,1803.00
33517,1,5,139.75
33514,1,5,49.56
33513,1,5,144.20
33512,1,5,669.00
33511,1,5,196.00
33499,1,5,1746.00
33490,1,5,57.33
33488,1,5,9.25
33469,1,5,1248.00
33459,1,5,14.80
33456,1,5,27.90
33455,1,5,103.80
33454,1,5,63.50
33453,1,5,118.90
33452,1,5,346.00
33451,1,5,63.50
33450,1,5,368.00
33444,1,5,24.18
33443,1,5,53.80
33441,1,5,32.76
33432,1,5,2076.00
33429,1,5,6.48
33426,1,5,65.52
33414,1,5,216.20
33413,1,5,102200.00
33402,1,5,690.50
33401,1,5,100.50
33400,1,5,128.50
33399,1,5,901.50
33398,1,5,26.50
33395,1,5,131.04
33393,1,5,433.60
33381,1,5,252.50
33380,1,5,431.20
33379,1,5,1204.00
33378,1,5,1192.40
33376,1,5,12.70
33375,1,5,23.78
33374,1,5,69.20
33365,1,5,118.90
33364,1,5,380.60
33358,1,5,63.50
33357,1,5,345.50
33356,1,5,16.20
33354,1,5,85.00
33353,1,5,1.97
33305,1,5,32.76
33304,1,5,123.90
33303,1,5,360.50
33295,1,5,1746.00
33290,1,5,3056.00
33289,1,5,1360.00
33288,1,5,9000.00
33287,1,5,4920.00
33286,1,5,5320.00
33285,1,5,6300.00
33283,1,5,42.00
33282,1,5,87.60
33278,1,5,322.00
33272,1,5,15.36
33271,1,5,129.45
33270,1,5,52.20
33269,2,5,221.70
33267,1,5,78.80
33266,1,5,1348.71
33265,1,5,828.00
33263,1,5,416.00
33262,1,5,100.35
33260,1,5,121.50
33258,1,5,571.50
33249,1,5,1360.00
33244,1,5,291.80
33243,1,5,884.76
33242,1,5,185.00
33241,1,5,118.50
33240,1,5,441.00
33239,1,5,458.00
33238,1,5,925.16
33237,1,5,7.90
33235,1,5,29.40
33234,1,5,108.50
33233,1,5,354.00
33232,1,5,91.60
33230,1,5,21.70
33229,1,5,70.80
33228,1,5,193.44
33227,1,5,419.64
33226,1,5,126.36
33223,1,5,3.70
33221,1,5,1.85
33218,1,5,584.20
33217,1,5,3183.20
33216,1,5,558.00
33206,1,5,8.94
33205,1,5,27.25
33204,1,5,79.00
33203,1,5,294.00
33202,1,5,954.00
33199,1,5,131.04
33195,1,5,2031.00
33191,1,5,139.75
33187,1,5,43.80
33174,1,5,2708.00
33173,1,5,1245.60
33166,1,5,924.42
33164,1,5,85.00
33163,1,5,52.20
33161,1,5,11.16
33160,1,5,324.60
33159,2,5,229.09
33153,1,5,392.80
33150,1,5,6796.79
33149,1,5,96.00
33148,1,5,1840.00
33132,1,5,5.55
33130,1,5,13.25
33127,1,5,81.00
33126,1,5,63.50
33125,1,5,420.50
33124,1,5,360.50
33123,1,5,32.90
33122,1,5,266.70
33121,1,5,1514.10
33119,1,5,204.60
33118,1,5,3019.50
33117,1,5,2524.50
33116,1,5,223.31
33115,1,5,4397.49
33114,1,5,697.64
33113,1,5,203.20
33112,1,5,357.12
33111,1,5,346.00
33110,1,5,792.00
33109,1,5,7210.00
33108,1,5,28.90
33107,1,5,32.40
33105,1,5,56.80
33087,1,5,43.68
33068,1,5,1248.00
33058,1,5,40.00
33056,1,5,217.00
33055,1,5,354.00
33054,1,5,354.00
33052,1,5,29.40
33051,1,5,43.40
33050,1,5,91.60
33049,1,5,141.60
33048,1,5,126.40
33047,1,5,470.40
33046,1,5,1474.76
33041,1,5,76.20
33040,1,5,142.68
33039,1,5,415.20
33038,1,5,23.32
33037,1,5,71.70
33036,1,5,3855.00
33035,1,5,42.00
33034,1,5,87.60
33033,1,5,497.40
33032,1,5,163.80
33031,1,5,38.10
33030,1,5,71.34
33029,1,5,207.60
33027,1,5,765.38
33026,1,5,215.60
33025,1,5,602.00
33024,1,5,356.50
33021,1,5,201.00
33020,1,5,1389.00
33019,1,5,154.20
33018,1,5,1081.80
33017,1,5,285.50
33016,1,5,12.70
33015,1,5,23.78
33014,1,5,69.20
33012,1,5,139.75
33003,1,5,238.00
33002,1,5,3080.14
33001,1,5,1496.32
33000,1,5,748.16
32999,1,5,1496.32
32997,1,5,2244.48
32995,1,5,197.12
32994,1,5,941.92
32993,1,5,2338.56
32990,1,5,1469.44
32989,1,5,2844.80
32988,1,5,337.75
32987,1,5,1088.64
32986,1,5,5.91
32983,1,5,52.88
32982,1,5,115.20
32950,1,5,14000.00
32949,1,5,7.20
32946,1,5,39.50
32945,1,5,147.00
32942,1,5,467.16
32940,1,5,151.90
32939,1,5,77.88
32938,1,5,431.88
32937,1,5,1.97
32934,1,5,132.60
32905,1,5,356.50
32904,1,5,266.50
32901,1,5,744.00
32900,1,5,3.60
32898,1,5,120.00
32897,1,5,951.20
32896,1,5,2774.92
32888,1,5,1245.60
32875,1,5,25.40
32856,1,5,678.40
32855,1,5,2292.00
32854,1,5,1020.00
32853,1,5,1984.00
32852,1,5,6750.00
32851,1,5,3690.00
32850,1,5,2674.00
32849,1,5,1496.00
32848,1,5,7875.00
32847,1,5,5067.60
32832,1,5,622.80
32831,1,5,80.40
32830,1,5,102.80
32829,1,5,555.60
32828,1,5,721.20
32827,1,5,2166.40
32822,1,5,837.29
32821,1,5,428.61
32820,1,5,96.72
32819,1,5,209.82
32818,1,5,191.16
32817,1,5,665.01
32816,1,5,12.70
32811,1,5,139.75
32809,1,5,3.70
32804,1,5,1559.04
32803,1,5,3080.14
32802,1,5,1422.40
32801,1,5,734.72
32800,1,5,115.60
32789,1,5,115.60
32785,1,5,337.75
32784,1,5,1088.64
32783,1,5,112.80
32782,1,5,1868.40
32781,1,5,681.60
32780,1,5,927.10
32779,1,5,3190.12
32733,1,5,346.92
32732,1,5,1009.40
32730,1,5,5.55
32726,1,5,17.45
32724,1,5,118.50
32723,1,5,441.00
32721,1,5,1383.16
32718,1,5,86.80
32717,1,5,141.60
32716,1,5,141.60
32713,1,5,2019.71
32712,1,5,624.00
32711,1,5,16.20
32709,1,5,85.00
32707,1,5,1153.60
32705,1,5,3114.00
32704,1,5,65.80
32703,1,5,1987.55
32701,1,5,3244.50
32700,1,5,18.80
32699,1,5,63.50
32698,1,5,360.50
32696,1,5,123.20
32695,1,5,75.20
32694,1,5,588.70
32693,1,5,454.40
32692,1,5,3.72
32691,1,5,14.42
32688,1,5,32.40
32686,1,5,63.50
32685,1,5,345.50
32683,1,5,50.80
32680,1,5,95.12
32679,1,5,276.80
32678,1,5,145.80
32677,1,5,35.20
32676,1,5,200.66
32675,1,5,756.90
32674,1,5,1137.60
32672,1,5,3.84
32671,1,5,48.60
32669,1,5,255.00
32668,1,5,42.00
32667,1,5,87.60
32664,1,5,304.42
32663,1,5,1245.60
32631,1,5,1248.00
32622,1,5,32.20
32612,1,5,201.00
32611,1,5,1389.00
32610,1,5,257.00
32609,1,5,1803.00
32607,1,5,158.00
32605,1,5,588.00
32604,1,5,108.50
32602,1,5,354.00
32601,1,5,1383.16
32599,1,5,458.00
32598,1,5,1354.00
32597,1,5,56.80
32596,1,5,252.50
32595,1,5,1164.00
32594,1,5,7136.29
32593,1,5,1932.00
32592,1,5,317.90
32591,1,5,61.65
32590,1,5,79.98
32589,1,5,933.30
32588,1,5,192.60
32570,1,5,266.50
32565,1,5,21.00
32564,1,5,43.80
32560,1,5,20.44
32559,1,5,41.90
32558,1,5,829.00
32557,1,5,669.00
32556,1,5,273.00
32555,1,5,196.00
32554,1,5,160.49
32553,1,5,481.80
32552,1,5,101.75
32530,1,5,56.80
32528,1,5,42.00
32527,1,5,87.60
32523,1,5,217.00
32522,1,5,715.08
32521,1,5,111.51
32520,1,5,324.45
32515,1,5,21.84
32513,1,5,1209.00
32512,1,5,1545.70
32511,1,5,4504.92
32510,1,5,135.00
32509,1,5,11.16
32508,1,5,384.09
32507,1,5,32.20
32473,1,5,487.06
32466,1,5,7.90
32464,1,5,29.40
32463,1,5,130.20
32462,1,5,91.60
32461,1,5,431.88
32459,1,5,3.70
32458,1,5,25.40
32457,1,5,47.56
32456,1,5,138.40
32455,1,5,63.50
32454,1,5,346.00
32453,3,5,877.75
32452,1,5,546.84
32450,1,5,419.25
32429,1,5,1360.00
32425,1,5,5348.00
32424,1,5,2040.00
32423,1,5,15750.00
32422,1,5,7380.00
32415,1,5,89430.00
32385,1,5,102.75
32384,1,5,111.60
32383,1,5,411.75
32382,1,5,3733.20
32381,1,5,624.96
32380,1,5,3562.35
32379,1,5,6730.74
32377,1,5,139.75
32376,1,5,3.94
32373,1,5,13.25
32369,1,5,18.80
32357,1,5,10370.79
32356,1,5,3412.50
32354,1,5,32.76
32349,1,5,63.50
32348,1,5,368.00
32347,1,5,16.20
32346,1,5,85.00
32342,1,5,528.00
32341,1,5,99.12
32340,1,5,288.40
32318,1,5,436.80
32317,1,5,1354.00
32314,1,5,3.94
32312,1,5,10.22
32311,1,5,20.95
32310,1,5,25.40
32309,1,5,47.56
32308,1,5,138.40
32307,1,5,3648.26
32306,1,5,641.35
32305,1,5,96.00
32303,1,5,255.32
32300,1,5,1669.57
32280,1,5,4515.00
32279,1,5,4065.00
32278,1,5,10080.00
32277,1,5,11600.00
32276,1,5,10950.00
32275,1,5,10300.00
32274,1,5,4488.00
32273,1,5,4350.00
32271,1,5,53.00
32269,1,5,94.23
32267,1,5,39.50
32265,1,5,147.00
32264,1,5,21.70
32261,1,5,458.00
32259,1,5,70.80
32241,1,5,63.50
32239,1,5,139.75
32237,1,5,186.00
32236,1,5,3.60
32234,1,5,120.00
32233,1,5,356.70
32232,1,5,1044.92
32231,1,5,2802.60
32230,1,5,64.80
32229,1,5,141.00
32228,1,5,336.40
32227,1,5,311.40
32226,1,5,852.00
32225,1,5,576.00
32224,1,5,3120.92
32223,1,5,1308.10
32222,1,5,345.50
32221,1,5,186.00
32216,1,5,92.82
32215,1,5,215.60
32214,1,5,602.00
32213,1,5,193.40
32212,1,5,241.20
32211,1,5,1666.80
32210,1,5,257.00
32209,1,5,1803.00
32208,1,5,52.20
32207,1,5,11.16
32206,2,5,229.09
32205,1,5,79.00
32204,1,5,294.00
32203,1,5,963.54
32202,1,5,748.16
32201,1,5,5769.26
32200,1,5,2244.48
32198,1,5,748.16
32197,1,5,2244.48
32196,1,5,197.12
32194,1,5,470.96
32192,1,5,1469.44
32191,1,5,2844.80
32142,1,5,8400.00
32132,1,5,519.00
32131,1,5,30.03
32127,1,5,813.00
32126,1,5,14760.00
32123,1,5,16.20
32122,1,5,25.40
32118,1,5,85.00
32117,1,5,47.56
32116,1,5,138.40
32115,1,5,904.54
32114,1,5,303.00
32111,1,5,17.60
32105,1,5,1.97
32102,1,5,483.00
32100,1,5,238.00
32097,1,5,186.00
32096,1,5,193.40
32093,1,5,34.32
32092,1,5,51.00
32090,1,5,508.00
32087,1,5,337.75
32086,1,5,1080.00
32085,1,5,519.00
32084,1,5,291.80
32083,1,5,876.00
32082,1,5,185.00
32081,1,5,63.50
32080,1,5,346.00
32078,1,5,49.10
32077,1,5,13.25
32038,1,5,192.00
32033,1,5,2580.30
32032,1,5,2677.84
32031,1,5,533.82
32030,1,5,5286.87
32028,1,5,483.00
32027,1,5,123.90
32026,1,5,360.50
32019,1,5,1310.00
32012,1,5,840.00
32011,1,5,140.70
32010,1,5,128.50
32009,1,5,812.40
32008,1,5,972.30
32007,1,5,901.50
32004,1,5,92.82
32003,1,5,39.50
32001,1,5,147.00
32000,1,5,238.70
31999,1,5,70.80
31998,1,5,458.00
31997,1,5,715.08
31996,1,5,131.00
31995,1,5,238.00
31972,1,5,61.56
31971,1,5,39.50
31970,1,5,147.00
31968,1,5,12.70
31966,1,5,98.20
31965,1,5,467.16
31963,1,5,40.00
31962,1,5,23.78
31961,1,5,69.20
31960,1,5,96.72
31959,1,5,204.44
31935,1,5,512.00
31934,1,5,16.20
31933,1,5,25.40
31929,1,5,85.00
31928,1,5,47.56
31927,1,5,145.32
31926,1,5,136.80
31925,1,5,45.60
31918,1,5,21.00
31917,1,5,35.04
31915,1,5,16.20
31914,1,5,63.50
31913,1,5,345.50
31911,1,5,337.75
31910,1,5,1088.64
31908,1,5,85.00
31904,1,5,1354.00
31902,1,5,121.50
31900,1,5,571.50
31899,1,5,854.84
31896,1,5,5600.00
31895,1,5,5040.00
31894,1,5,6570.00
31893,1,5,6180.00
31892,1,5,3740.00
31891,1,5,3625.00
31847,1,5,80.40
31846,1,5,102.80
31844,1,5,555.60
31843,1,5,757.26
31842,1,5,3.74
31841,1,5,79.00
31839,1,5,294.00
31838,1,5,325.50
31837,1,5,916.00
31836,1,5,1069.08
31834,1,5,483.00
31833,1,5,21.00
31832,1,5,43.80
31829,1,5,7.90
31828,1,5,29.40
31827,1,5,43.40
31825,1,5,3.94
31823,1,5,141.60
31821,1,5,91.60
31806,1,5,3156.75
31803,1,5,17.16
31802,1,5,49.68
31801,1,5,2197.25
31800,1,5,257.56
31799,1,5,1454.52
31798,1,5,3299.49
31797,1,5,804.64
31794,1,5,676.20
31793,1,5,1189.00
31792,1,5,3466.92
31756,1,5,16.20
31754,1,5,11.16
31753,1,5,152.40
31752,1,5,697.91
31751,1,5,289.80
31747,1,5,85.00
31746,1,5,47.56
31745,1,5,138.40
31741,1,5,215.60
31740,1,5,602.00
31739,1,5,1083.20
31738,1,5,519.00
31737,1,5,342.60
31734,1,5,48.36
31733,1,5,107.60
31731,1,5,204.75
31730,1,5,52.20
31728,1,5,9.40
31726,2,5,229.09
31722,1,5,139.75
31721,1,5,30.66
31720,1,5,62.85
31714,1,5,2166.40
31713,1,5,667.50
31710,1,5,19.11
31705,1,5,39.40
31703,1,5,21.00
31702,1,5,52.56
31686,1,5,24.60
31685,1,5,1103.49
31684,1,5,5.52
31683,1,5,374.00
31682,1,5,112.80
31681,1,5,939.30
31680,1,5,787.40
31679,1,5,368.00
31678,1,5,3120.92
31677,1,5,865.20
31676,1,5,681.60
31674,1,5,16.65
31673,1,5,64.80
31671,1,5,47.00
31670,1,5,444.50
31669,1,5,336.40
31668,1,5,2076.00
31667,1,5,360.50
31665,1,5,5.91
31662,1,5,49.10
31659,1,5,206.40
31658,1,5,32.40
31656,1,5,23.70
31655,1,5,88.20
31653,1,5,9.40
31649,1,5,49.10
31647,1,5,283.96
31646,1,5,52.20
31645,1,5,88.00
31644,1,5,34.78
31643,1,5,11.16
31642,1,5,254.00
31641,1,5,1447.20
31637,2,5,229.09
31629,1,5,930.00
31628,1,5,353.50
31621,1,5,1400.00
31620,1,5,1260.00
31619,1,5,2190.00
31618,1,5,2060.00
31617,1,5,903.00
31616,1,5,813.00
31615,1,5,2800.00
31614,1,5,2520.00
31613,1,5,4380.00
31612,1,5,4120.00
31611,1,5,1626.00
31610,1,5,3612.00
31609,1,5,4065.00
31608,1,5,3740.00
31607,1,5,3625.00
31596,1,5,104.40
31594,1,5,83.04
31593,1,5,324.60
31592,2,5,450.79
31578,1,5,241.20
31577,1,5,154.20
31576,1,5,1666.80
31575,1,5,1081.80
31574,1,5,28.20
31573,1,5,25.40
31571,1,5,5.91
31570,1,5,337.75
31569,1,5,1080.00
31568,1,5,47.56
31567,1,5,138.40
31566,1,5,27.02
31565,1,5,86.40
31540,1,5,519.00
31538,1,5,785.26
31537,1,5,63.50
31536,1,5,352.92
31534,1,5,39.40
31531,1,5,663.00
31530,1,5,64.56
31529,1,5,21.00
31528,1,5,43.80
31527,1,5,24.18
31526,1,5,53.80
31524,1,5,32.76
31523,1,5,24.30
31522,1,5,63.50
31520,1,5,5.91
31518,1,5,127.50
31516,1,5,1248.00
31499,1,5,13950.00
31482,1,5,374.00
31481,1,5,1098.00
31480,1,5,74.40
31471,1,5,114.07
31470,1,5,41.00
31468,1,5,6457.29
31467,1,5,1677.50
31466,1,5,362.70
31465,1,5,812.38
31464,1,5,520.00
31462,1,5,192.00
31461,1,5,1748.00
31460,1,5,9.20
31459,1,5,186.00
31458,1,5,206.20
31457,1,5,434.00
31456,1,5,237.80
31455,1,5,692.00
31453,1,5,667.50
31452,1,5,23.70
31450,1,5,88.20
31449,1,5,108.50
31447,1,5,274.80
31446,1,5,361.08
31437,1,5,1372.50
31436,1,5,2103.75
31435,1,5,422.22
31434,1,5,4803.75
31433,1,5,930.00
31432,1,5,8.10
31429,1,5,40.00
31427,1,5,42.50
31425,1,5,10.22
31424,1,5,20.95
31414,1,5,48.30
31413,1,5,53.00
31399,1,5,67.55
31398,1,5,177.00
31397,1,5,49.30
31396,1,5,134.40
31394,1,5,2708.00
31393,1,5,1245.60
31392,1,5,456.80
31390,1,5,24.05
31387,1,5,1360.00
31383,1,5,16.20
31381,1,5,118.50
31379,1,5,441.00
31378,1,5,217.00
31376,1,5,50.80
31373,1,5,98.20
31371,1,5,458.00
31369,1,5,925.16
31368,1,5,708.00
31366,1,5,85.00
31364,1,5,95.12
31363,1,5,283.72
31362,1,5,52.20
31360,1,5,129.60
31359,1,5,22.32
31358,1,5,12.70
31357,2,5,221.70
31356,1,5,441.64
31353,1,5,665.01
31351,1,5,127.66
31350,1,5,23.78
31349,1,5,69.20
31324,1,5,892.00
31323,1,5,962.00
31321,1,5,90.55
31319,1,5,204.26
31318,1,5,613.20
31317,1,5,21.00
31316,1,5,43.80
31315,1,5,278.07
31314,1,5,613.32
31313,1,5,79.17
31312,1,5,129.50
31311,1,5,183.06
31309,1,5,651.00
31308,1,5,832.30
31307,1,5,2428.92
31292,1,5,241.80
31291,1,5,538.00
31290,1,5,98.56
31289,1,5,2844.80
31287,1,5,470.96
31286,1,5,748.16
31285,1,5,748.16
31284,1,5,2244.48
31283,1,5,7690.06
31282,1,5,2244.48
31281,1,5,2371.60
31280,1,5,602.00
31278,1,5,241.20
31276,1,5,154.20
31275,1,5,1666.80
31274,1,5,1081.80
31273,1,5,1235.25
31272,1,5,888.25
31271,1,5,176.70
31268,1,5,1377.99
31257,1,5,322.00
31256,1,5,132.60
31250,1,5,135.00
31249,1,5,11.16
31248,1,5,128.27
31247,1,5,359.32
31246,1,5,384.09
31241,1,5,63.20
31239,1,5,235.20
31238,1,5,86.80
31235,1,5,746.82
31234,1,5,283.20
31232,1,5,48.30
31222,1,5,21900.00
31217,1,5,16.20
31216,1,5,346.00
31214,1,5,85.00
31213,1,5,775.32
31208,1,5,186.00
31207,1,5,11.16
31206,1,5,459.42
31205,1,5,1052.80
31204,1,5,304.56
31201,1,5,63.50
31200,1,5,375.36
31198,1,5,49.10
31192,1,5,22500.00
31191,1,5,15280.00
31189,1,5,70.63
31188,1,5,132.99
31187,1,5,25.50
31186,1,5,80.22
31184,1,5,321.44
31183,1,5,121.50
31181,1,5,571.50
31179,3,5,282.55
31178,1,5,542.50
31176,1,5,279.50
31175,1,5,61.32
31174,1,5,108.94
31173,1,5,20.44
31172,1,5,42.30
31171,1,5,508.00
31170,1,5,274.00
31169,1,5,225.06
31168,1,5,2201.49
31167,1,5,860.28
31166,1,5,11.89
31165,1,5,6.92
31164,1,5,6.79
31163,1,5,32.40
31162,1,5,63.50
31161,1,5,403.41
31158,1,5,9.16
31156,1,5,170.00
31150,1,5,858.50
31149,1,5,6117.79
31147,1,5,1656.00
31145,1,5,118.50
31143,1,5,441.00
31142,1,5,86.80
31140,1,5,148.68
31139,1,5,925.16
31137,1,5,148.68
31136,1,5,467.16
31135,1,5,180.90
31134,1,5,179.90
31133,1,5,1245.60
31132,1,5,1250.10
31131,1,5,1262.10
31128,1,5,49.10
31127,1,5,17.60
31126,1,5,37.60
31125,1,5,927.10
31124,1,5,2560.40
31121,1,5,2498.12
31102,1,5,399.70
31091,1,5,49800.00
31089,1,5,14000.00
31088,1,5,132.60
31086,1,5,422.28
31084,1,5,11.10
31083,1,5,97.20
31081,1,5,176.00
31080,1,5,504.60
31079,1,5,849.41
31076,1,5,549.00
31075,1,5,698.50
31074,1,5,291.81
31073,1,5,199.39
31072,1,5,12.70
31071,1,5,2475.99
31070,1,5,911.64
31066,1,5,1970.00
31032,1,5,18060.00
31031,1,5,252.50
31030,1,5,1746.00
31029,1,5,140.70
31028,1,5,972.30
31027,1,5,128.50
31026,1,5,901.50
31025,1,5,72.40
31023,1,5,266.50
31006,1,5,1297.50
31003,2,5,105.18
31001,1,5,393.12
30997,1,5,285.09
30993,1,5,22.20
30992,1,5,79.00
30990,1,5,294.00
30989,1,5,21.70
30988,1,5,70.80
30987,1,5,925.16
30986,1,5,735.56
30982,1,5,9030.00
30966,1,5,1528.00
30965,1,5,4500.00
30956,1,5,25200.00
30949,1,5,1164.00
30948,1,5,1723.20
30947,1,5,4333.21
30942,1,5,41.70
30941,1,5,43.08
30940,1,5,93.73
30939,1,5,162.99
30937,1,5,73.84
30936,1,5,265.50
30919,1,5,69.50
30909,1,5,3525.00
30907,1,5,67.04
30906,1,5,54.30
30905,1,5,180.11
30899,1,5,125.00
30898,1,5,48.50
30897,1,5,557.50
30896,1,5,860.00
30895,1,5,2168.64
30894,1,5,193.80
30893,1,5,1082.00
30892,1,5,2260.00
30891,1,5,2825.00
30890,1,5,25.35
30889,1,5,39.60
30887,1,5,132.75
30886,1,5,86.16
30885,1,5,223.51
30884,1,5,132.00
30882,1,5,489.60
30881,1,5,113.00
30880,1,5,19.60
30879,1,5,1518.00
30878,1,5,1369.90
30877,1,5,721.00
30875,1,5,3251.71
30874,1,5,1946.70
30873,1,5,1009.40
30872,1,5,269.89
30870,1,5,1469.55
30869,1,5,92.20
30868,1,5,461.00
30867,1,5,369.00
30864,1,5,813.00
30853,1,5,1195.35
30852,1,5,100.00
30851,1,5,140.70
30850,1,5,275.48
30849,1,5,3512.08
30848,1,5,446.00
30847,1,5,400.21
30846,1,5,3.94
30845,1,5,91.20
30844,1,5,152.00
30838,1,5,26.72
30837,1,5,66.60
30836,1,5,33.08
30835,1,5,57.60
30834,1,5,11.58
30830,1,5,92.07
30828,1,5,574.40
30827,1,5,1442.00
30818,1,5,153.00
30815,1,5,198.48
30814,1,5,345.60
30808,1,5,7568.64
30807,1,5,2485.00
30798,1,5,147.84
30795,1,5,418.00
30794,1,5,2674.00
30793,1,5,201.00
30792,1,5,1167.75
30790,1,5,272.00
30788,1,5,734.72
30785,1,5,2338.56
30783,1,5,307.44
30781,1,5,490.56
30780,1,5,779.52
30779,1,5,1559.04
30778,1,5,2661.12
30777,1,5,3125.04
30776,1,5,1559.04
30773,1,5,360.50
30772,1,5,391.17
30771,1,5,470.22
30770,1,5,73.80
30769,1,5,114.88
30768,1,5,288.40
30767,1,5,22.60
30766,1,5,360.50
30765,1,5,289.76
30763,1,5,136.32
30762,1,5,41.25
30760,1,5,2800.00
30759,1,5,2520.00
30758,1,5,4380.00
30757,1,5,4120.00
30756,1,5,1626.00
30755,1,5,1806.00
30754,1,5,813.00
30753,1,5,1496.00
30752,1,5,1450.00
30739,1,5,1299.00
30735,1,5,16.90
30731,1,5,97.35
30730,1,5,34.44
30729,1,5,13.80
30629,1,5,82.50
30628,1,5,151.32
30627,1,5,279.45
30626,1,5,300.15
30625,1,5,738.00
30619,1,5,206000.00
30615,1,5,36.22
30614,1,5,440.64
30613,1,5,334.50
30612,1,5,247.80
30611,1,5,647.52
30609,1,5,159.04
30608,1,5,102.00
30607,1,5,135.10
30606,1,5,16.90
30604,1,5,88.50
30579,1,5,129.80
30578,1,5,811.50
30577,1,5,2825.00
30575,1,5,573.04
30574,1,5,5.91
30571,1,5,82.00
30554,1,5,356.50
30550,1,5,107.25
30548,1,5,397.80
30547,1,5,384.20
30544,1,5,369.00
30542,1,5,102.30
30541,1,5,147.60
30540,1,5,92.20
30538,1,5,1115.62
30528,1,5,74800.00
30526,1,5,193.40
30525,1,5,138.20
30524,1,5,93.66
30523,1,5,478.42
30522,1,5,1058.40
30520,1,5,26.52
30519,1,5,317.72
30517,1,5,76.80
30516,1,5,547.66
30513,1,5,337.75
30512,1,5,1088.64
30492,1,5,14000.00
30490,1,5,2145.00
30486,1,5,2657.85
30485,1,5,125.00
30484,1,5,576.18
30483,1,5,5657.08
30482,1,5,557.50
30480,1,5,204.60
30478,1,5,67.04
30477,1,5,217.35
30476,1,5,649.20
30475,1,5,19.60
30468,1,5,38.40
30462,1,5,8130.00
30461,1,5,21900.00
30439,1,5,83.60
30438,1,5,80.40
30437,1,5,534.80
30436,1,5,563.40
30434,1,5,11.58
30431,1,5,3.60
30429,1,5,204.60
30426,1,5,115.63
30409,1,5,1146.00
30408,1,5,4500.00
30407,1,5,1818.00
30405,1,5,28.72
30404,1,5,72.10
30400,1,5,9.61
30399,1,5,23.00
30398,1,5,182.40
30397,1,5,547.20
30396,1,5,115.80
30393,1,5,41.25
30391,1,5,153.00
30390,1,5,45.20
30388,1,5,11.64
30387,1,5,233.74
30385,1,5,470.22
30384,1,5,147.60
30381,1,5,176.40
30380,1,5,727.32
30379,1,5,2321.62
30377,1,5,360.50
30376,1,5,1297.80
30375,1,5,857.68
30362,1,5,577.72
30358,1,5,195.00
30357,1,5,158.40
30354,1,5,360.50
30353,1,5,367.71
30352,1,5,3.94
30351,1,5,82.50
30350,1,5,145.50
30347,1,5,1728.00
30346,1,5,568.00
30345,1,5,67.60
30343,1,5,250.80
30342,1,5,350.40
30341,1,5,504.00
30340,1,5,865.20
30338,1,5,41.70
30337,1,5,10612.07
30336,1,5,1500.00
30335,1,5,582.00
30325,1,5,26.64
30324,1,5,319.20
30323,1,5,560.00
30320,1,5,66.00
30317,1,5,391.17
30314,1,5,900.45
30312,1,5,72500.00
30295,1,5,251.80
30294,1,5,560.00
30286,1,5,885.00
30284,1,5,4598.56
30282,1,5,192.00
30281,1,5,1344.00
30280,1,5,59.15
30279,1,5,14.70
30276,1,5,31.52
30262,1,5,315.00
30257,1,5,8.45
30256,1,5,576.00
30255,1,5,10.23
30253,1,5,44.25
30251,1,5,50.28
30250,1,5,24.78
30249,1,5,72.10
30244,1,5,57500.00
30243,1,5,13220.00
30241,1,5,5.79
30239,1,5,57.75
30237,1,5,214.20
30236,1,5,203.40
30233,1,5,11.64
30232,2,5,228.60
30231,1,5,147.60
30229,1,5,368.80
30228,1,5,276.60
30227,1,5,516.60
30225,1,5,104.50
30224,1,5,668.50
30221,1,5,211.20
30220,1,5,607.80
30217,1,5,101.40
30213,1,5,476.40
30212,1,5,3.94
30202,1,5,117.15
30201,1,5,61.20
30199,1,5,856.80
30188,1,5,1760.85
30187,1,5,38.00
30186,1,5,219.60
30185,1,5,181.30
30184,1,5,944.78
30183,1,5,831.60
30182,1,5,1051.20
30181,1,5,4549.51
30180,1,5,908.80
30178,1,5,4953.52
30177,1,5,169.48
30176,1,5,743.40
30175,1,5,2163.00
30174,1,5,356.50
30173,1,5,263.00
30171,1,5,11.64
30170,1,5,22.88
30169,1,5,226.20
30168,1,5,430.00
30167,1,5,1080.00
30165,1,5,41.25
30163,1,5,153.00
30162,1,5,67.80
30159,1,5,147.60
30158,1,5,184.40
30156,1,5,285.82
30155,1,5,73.80
30146,1,5,112.53
30145,1,5,109.44
30110,1,5,239.40
30109,1,5,630.75
30108,1,5,89.25
30107,1,5,2820.00
30105,1,5,687.00
30104,1,5,9.01
30102,1,5,2820.00
30093,1,5,201.44
30080,1,5,17.45
30078,1,5,93.00
30077,1,5,343.50
30076,1,5,343.50
30075,1,5,82.50
30074,1,5,221.00
30073,1,5,28.72
30072,1,5,68.70
30071,1,5,2659.95
30063,1,5,450.50
30061,1,5,1340.67
30060,1,5,416.00
30059,3,5,888.50
30055,1,5,1930.00
30053,1,5,11.64
30052,1,5,300.39
30051,1,5,6.90
30043,1,5,17.34
30040,1,5,46.30
30033,1,5,4500.00
30031,1,5,1299.00
30023,1,5,350.40
30021,1,5,68.60
30006,1,5,14000.00
29989,1,5,73.80
29987,1,5,48.90
29985,1,5,183.00
29984,1,5,111.50
29983,1,5,553.20
29982,1,5,253.20
29981,1,5,81.50
29979,1,5,305.00
29978,1,5,111.50
29977,1,5,316.50
29976,1,5,963.54
29975,1,5,10.96
29973,1,5,307.87
29971,1,5,144.84
29970,1,5,46.50
29968,1,5,2865.72
29967,1,5,1575.50
29966,1,5,125.00
29965,1,5,494.70
29964,1,5,3646.50
29963,1,5,1047.50
29962,1,5,23.80
29960,1,5,177.00
29949,1,5,74.40
29948,1,5,549.60
29947,1,5,16.54
29946,1,5,28.80
29938,1,5,54.34
29931,1,5,760.62
29929,1,5,355.00
29928,1,5,16.53
29927,1,5,50.65
29926,1,5,21.88
29925,1,5,66.60
29921,1,5,135.20
29919,1,5,663.20
29918,1,5,55.80
29917,1,5,343.50
29916,1,5,116.40
29912,1,5,0.00
29911,1,5,0.00
29904,1,5,51.66
29902,1,5,10.96
29901,1,5,165.00
29900,1,5,442.00
29896,1,5,81.50
29895,1,5,305.00
29894,1,5,931.22
29891,1,5,280.50
29890,1,5,327.00
29889,1,5,2005.50
29888,1,5,198.40
29887,1,5,1472.00
29886,1,5,425.00
29884,1,5,1814.50
29883,1,5,6238.56
29881,1,5,120.56
29880,1,5,5.95
29878,1,5,44.25
29876,1,5,107.40
29863,1,5,8130.00
29860,1,5,136.80
29859,1,5,52.83
29857,1,5,981.12
29855,1,5,1559.04
29854,1,5,779.52
29853,1,5,779.52
29852,1,5,1774.08
29851,1,5,3897.60
29850,1,5,1559.04
29840,1,5,1528.00
29839,1,5,680.00
29838,1,5,4500.00
29837,1,5,2460.00
29836,1,5,2800.00
29835,1,5,4380.00
29834,1,5,4120.00
29833,1,5,2244.00
29832,1,5,2175.00
29826,1,5,81.80
29824,1,5,2338.56
29823,1,5,204.96
29822,1,5,1182.72
29808,1,5,25200.00
29782,1,5,66.00
29781,1,5,360.50
29749,1,5,51.66
29748,1,5,3088.80
29747,1,5,1170.00
29746,1,5,38.00
29745,1,5,248.32
29744,1,5,343.20
29743,1,5,169.48
29733,1,5,53.00
29732,1,5,173.40
29731,1,5,36.36
29729,1,5,279.45
29728,1,5,95.76
29727,1,5,168.00
29726,1,5,5.91
29724,1,5,106.88
29723,1,5,266.40
29720,1,5,234.50
29719,1,5,23.28
29718,1,5,658.41
29717,1,5,289.80
29715,1,5,182.40
29711,1,5,319.20
29710,1,5,560.00
29709,1,5,393.60
29708,1,5,682.52
29707,1,5,858.00
29706,1,5,170.72
29705,1,5,2522.52
29704,1,5,65.60
29703,1,5,111.75
29702,1,5,5.91
29699,1,5,204.48
29696,1,5,45.60
29689,1,5,73.80
29688,1,5,123.75
29686,1,5,306.00
29685,1,5,406.80
29684,1,5,811.80
29683,1,5,931.22
29682,1,5,109.80
29681,1,5,250.80
29680,1,5,153.00
29678,1,5,461.00
29677,1,5,442.80
29674,1,5,525.60
29673,1,5,1016.61
29671,1,5,360.50
29664,1,5,214.83
29663,1,5,66.00
29662,1,5,360.50
29661,1,5,212.40
29660,1,5,556.32
29659,1,5,115.80
29656,1,5,36.36
29654,1,5,50.28
29653,1,5,82.50
29652,1,5,145.50
29640,1,5,9.85
29638,1,5,430.00
29637,1,5,1088.64
29636,1,5,878.82
29635,1,5,1306.76
29634,1,5,3273.34
29632,1,5,248.60
29631,1,5,442.80
29630,1,5,221.40
29629,1,5,147.60
29628,1,5,33.80
29626,1,5,177.00
29625,1,5,1341.60
29624,1,5,125.00
29623,1,5,316.22
29622,1,5,3941.08
29621,1,5,557.50
29620,1,5,66.00
29619,1,5,360.50
29618,1,5,66.00
29617,1,5,143.60
29616,1,5,367.71
29615,1,5,1435.72
29614,1,5,487.50
29613,1,5,97.00
29610,1,5,22.60
29607,1,5,81.18
29606,1,5,124.11
29588,1,5,2709.00
29587,1,5,386.50
29586,1,5,2709.00
29585,1,5,5300.00
29584,1,5,4400.00
29574,1,5,164.00
29573,1,5,595.00
29572,1,5,334.40
29571,1,5,2139.20
29570,1,5,268.00
29569,1,5,1878.00
29568,1,5,23360.00
29567,1,5,44700.00
29565,1,5,606.00
29564,1,5,1130.00
29563,1,5,1130.00
29560,1,5,460.00
29557,1,5,41.70
29534,1,5,5640.00
29529,1,5,62.70
29528,1,5,434.10
29526,1,5,672.75
29523,1,5,5910.56
29522,1,5,192.00
29521,1,5,1728.00
29518,1,5,67.80
29516,1,5,73.80
29515,1,5,154.98
29497,1,5,131.20
29496,1,5,452.75
29494,1,5,213.00
29493,1,5,1130.00
29492,1,5,1130.00
29491,1,5,909.00
29490,1,5,13.28
29489,1,5,26.25
29487,1,5,50.70
29485,1,5,238.20
29483,1,5,69.80
29482,1,5,33.52
29481,1,5,7.21
29479,1,5,13.80
29476,1,5,3855.00
29465,1,5,457.00
29463,1,5,2720.00
29461,1,5,55.44
29460,1,5,129.24
29459,1,5,302.82
29457,1,5,10.60
29456,1,5,26.40
29454,1,5,5.79
29453,1,5,52.80
29452,1,5,114.88
29451,1,5,288.40
29449,1,5,13.80
29443,1,5,11.58
29442,1,5,59.15
29440,1,5,238.20
29439,1,5,198.00
29438,1,5,345.00
29437,1,5,31.80
29436,1,5,26.56
29435,1,5,52.50
29431,1,5,5.79
29428,1,5,13.12
29427,1,5,22.35
29426,1,5,6.60
29425,1,5,8.45
29420,1,5,48500.00
29416,1,5,13228.80
29412,1,5,457.00
29400,2,5,111.67
29399,1,5,66.00
29398,1,5,360.50
29395,1,5,41.70
29392,1,5,34.90
29391,1,5,2705.00
29383,1,5,80.77
29381,1,5,39.60
29380,1,5,86.16
29379,1,5,216.30
29378,1,5,16.90
29376,1,5,88.50
29375,1,5,1304.64
29374,1,5,426.00
29373,1,5,39.20
29359,1,5,1666.35
29344,1,5,34.90
29334,1,5,82.50
29333,1,5,151.32
29331,1,5,106.38
29328,1,5,36.22
29326,1,5,17.04
29314,1,5,1410.00
29313,1,5,255.36
29312,1,5,442.40
29311,1,5,360.50
29310,1,5,541.20
29309,1,5,2602.81
29308,1,5,117.60
29307,1,5,681.60
29306,1,5,1299.00
29304,1,5,349.00
29303,1,5,440.65
29302,1,5,985.60
29301,1,5,295.75
29290,1,5,73.80
29284,1,5,271.20
29283,1,5,295.20
29282,1,5,523.98
29281,1,5,194.00
29280,1,5,287.20
29279,1,5,721.00
29278,1,5,1395.00
29276,1,5,1267.50
29275,1,5,150.00
29274,1,5,310.40
29273,1,5,3723.72
29272,1,5,669.00
29271,1,5,16.90
29269,1,5,88.50
29262,1,5,2115.00
29258,1,5,68000.00
29253,1,5,2292.00
29252,1,5,4500.00
29251,1,5,5600.00
29250,1,5,6300.00
29249,1,5,2439.00
29248,1,5,3252.00
29247,1,5,1496.00
29246,1,5,2175.00
29241,1,5,535.20
29240,1,5,163.20
29237,1,5,930.00
29234,1,5,91.20
29233,1,5,176.10
29197,1,5,7640.00
29196,1,5,24800.00
29195,1,5,77300.00
29193,1,5,615.74
29191,1,5,286.84
29190,1,5,970.00
29189,1,5,1436.00
29188,1,5,3612.21
29185,1,5,26.72
29184,1,5,66.60
29169,1,5,138000.00
29164,1,5,132.00
29163,1,5,774.67
29161,1,5,6041.76
29160,1,5,192.00
29159,1,5,1728.00
29158,1,5,212.40
29157,1,5,547.20
29156,1,5,115.80
29155,1,5,1130.00
29150,1,5,507.08
29148,1,5,238.56
29138,1,5,204.60
29136,1,5,691.20
29135,1,5,535.20
29134,1,5,163.20
29133,1,5,432.00
29132,1,5,369.20
29131,1,5,82.50
29129,1,5,306.00
29128,1,5,113.00
29127,1,5,369.00
29126,1,5,931.22
29124,1,5,755.97
29123,1,5,295.68
29121,1,5,5.79
29116,1,5,432.00
29115,1,5,408.09
29114,1,5,142.00
29113,1,5,122.40
29107,1,5,360.50
29106,1,5,367.71
29105,1,5,169.00
29104,1,5,876.00
29103,1,5,394.20
29101,1,5,4677.12
29100,1,5,779.52
29099,1,5,779.52
29098,1,5,779.52
29096,1,5,779.52
29095,1,5,305.61
29094,1,5,490.56
29092,1,5,3125.04
29088,1,5,2793.12
29081,1,5,431.00
29078,1,5,502.80
29076,1,5,724.40
29074,1,5,340.80
29073,1,5,465.00
29066,1,5,9728.64
29065,1,5,3195.00
29064,1,5,86.16
29063,1,5,216.30
29059,1,5,2674.00
29058,1,5,396.00
29057,1,5,2820.00
29056,1,5,1426.00
29055,1,5,263.00
29054,1,5,1212.00
29053,1,5,16.90
29039,1,5,403.44
29037,1,5,204.48
29032,1,5,12026.07
29031,1,5,2431.00
29030,1,5,659.60
29027,1,5,299.46
29026,1,5,26.40
29023,1,5,2865.72
29022,1,5,125.84
29021,1,5,392.48
29020,1,5,1585.35
29019,1,5,347.26
29018,1,5,1790.36
29015,1,5,41.70
29009,1,5,81300.00
29008,1,5,22500.00
29007,1,5,24600.00
29006,1,5,14000.00
29005,1,5,91200.00
29004,1,5,152000.00
29003,1,5,52880.00
29002,1,5,57600.00
29000,1,5,82.00
28999,1,5,2602.81
28998,1,5,648.90
28997,1,5,397.60
28995,1,5,1848.00
28994,1,5,2595.60
28993,1,5,360.50
28992,1,5,3244.50
28990,1,5,88.20
28988,1,5,648.00
28976,1,5,1168.00
28975,1,5,1322.00
28971,1,5,1066.05
28970,1,5,33.80
28968,1,5,177.00
28965,1,5,691.00
28964,1,5,576.00
28950,1,5,3855.00
28948,1,5,7480.00
28947,1,5,7250.00
28946,1,5,20600.00
28945,1,5,21900.00
28944,1,5,426.30
28934,1,5,12.24
28933,1,5,2645.00
28929,1,5,153.45
28925,1,5,13.80
28924,1,5,112.40
28923,1,5,621.00
28922,1,5,41.25
28920,1,5,153.00
28919,1,5,135.60
28918,1,5,73.80
28917,1,5,486.54
28916,1,5,369.00
28914,1,5,144.20
28913,1,5,27.60
28912,1,5,390.45
28911,1,5,927.96
28907,1,5,5.79
28906,1,5,26.72
28905,1,5,66.60
28904,1,5,39.36
28903,1,5,67.05
28894,1,5,7629.60
28891,1,5,16.90
28887,1,5,88.50
28886,1,5,507.08
28884,1,5,238.56
28883,1,5,198.97
28881,1,5,430.00
28880,1,5,1088.64
28867,1,5,2164.00
28866,1,5,26.40
28865,1,5,57.44
28864,1,5,144.20
28855,1,5,139.00
28854,1,5,275.00
28851,1,5,579.60
28850,1,5,2820.00
28849,1,5,776.00
28848,1,5,1148.80
28847,1,5,2891.21
28846,1,5,713.00
28834,1,5,334.50
28833,1,5,175.20
28832,1,5,1622.25
28831,1,5,3226.08
28830,1,5,1585.35
28829,1,5,75.00
28828,1,5,343.38
28827,1,5,88.50
28826,1,5,2278.36
28825,1,5,340.80
28824,1,5,1430.00
28823,1,5,1081.50
28822,1,5,468.65
28821,1,5,197.00
28819,1,5,50.70
28818,1,5,175.20
28816,1,5,1326.60
28815,1,5,1297.80
28814,1,5,504.70
28813,1,5,91.50
28812,1,5,78.40
28810,1,5,262.80
28805,1,5,68.88
28803,1,5,6.15
28801,1,5,3.86
28789,1,5,44100.00
28776,1,5,37.24
28775,1,5,215.84
28774,1,5,132.00
28773,1,5,360.50
28772,1,5,360.50
28770,1,5,226.20
28769,1,5,1337.00
28766,1,5,4.47
28764,1,5,226.00
28763,1,5,369.00
28762,1,5,376.38
28760,1,5,11.64
28759,1,5,418.00
28758,1,5,82.50
28757,1,5,306.00
28756,1,5,461.00
28755,1,5,461.00
28751,1,5,2170.50
28746,1,5,1322.00
28745,1,5,268.50
28744,1,5,569.52
28741,1,5,432.00
28740,1,5,142.00
28739,1,5,535.20
28738,1,5,163.20
28736,1,5,19.40
28735,1,5,384.54
28716,1,5,930.00
28715,1,5,1002.00
28712,1,5,53.90
28711,1,5,39.20
28704,1,5,82.50
28703,1,5,306.00
28702,1,5,954.00
28700,1,5,339.00
28699,1,5,892.98
28698,1,5,430.00
28697,1,5,1088.64
28696,1,5,526.00
28695,1,5,221.40
28694,1,5,13.80
28690,1,5,127.68
28689,1,5,212.80
28688,1,5,64.22
28684,1,5,155.20
28682,1,5,1299.00
28675,1,5,289.76
28673,1,5,136.32
28671,1,5,558.90
28668,1,5,3377.25
28656,1,5,268.00
28645,1,5,1447.00
28644,1,5,263.00
28631,1,5,2439.00
28630,1,5,2439.00
28611,1,5,141.60
28609,1,5,1212.00
28608,1,5,1130.00
28607,1,5,465.00
28606,1,5,2709.00
28605,1,5,2709.00
28603,1,5,1360.00
28602,1,5,39.76
28600,1,5,3820.00
28596,1,5,39.20
28589,1,5,315.00
28584,1,5,1878.00
28583,1,5,287.62
28577,1,5,11200.00
28576,1,5,10080.00
28567,1,5,367.71
28566,1,5,331.66
28564,1,5,1124.76
28563,1,5,9.15
28562,1,5,52.56
28561,1,5,1953.91
28560,1,5,44.10
28559,1,5,204.48
28558,1,5,752.40
28557,1,5,367.71
28556,1,5,11.00
28555,1,5,78.72
28554,1,5,116.22
28553,1,5,55.44
28552,1,5,123.90
28547,1,5,358.54
28546,1,5,1088.64
28544,1,5,402.00
28543,1,5,2817.00
28542,1,5,522.50
28541,1,5,3617.50
28539,1,5,2288.00
28538,1,5,1706.25
28537,1,5,2722.72
28536,1,5,355.02
28535,1,5,38.00
28534,1,5,223.08
28533,1,5,8.80
28529,2,5,102.01
28528,1,5,82.70
28527,1,5,120.96
28526,1,5,963.54
28525,1,5,470.22
28524,1,5,165.00
28523,1,5,612.00
28522,1,5,486.51
28521,1,5,39.20
28518,1,5,90.10
28514,1,5,226.00
28512,1,5,1426.00
28499,1,5,787.50
28456,1,5,2235.00
28455,1,5,840.50
28446,1,5,115.80
28445,1,5,197.60
28444,1,5,556.32
28443,1,5,51.66
28438,1,5,18.00
28437,1,5,13.20
28436,1,5,776.00
28435,1,5,1191.88
28434,1,5,2963.31
28433,1,5,2705.00
28432,1,5,2115.00
28428,1,5,3520.00
28427,1,5,2175.00
28413,1,5,263.00
28412,1,5,122.40
28411,1,5,378.02
28410,1,5,221.40
28408,1,5,135.60
28407,1,5,376.38
28406,1,5,2293.72
28405,1,5,1706.25
28403,1,5,358.90
28402,1,5,40.00
28401,1,5,178.40
28378,1,5,1066.05
28353,1,5,1055.70
28352,1,5,713.00
28350,1,5,3612.00
28345,1,5,50.04
28344,1,5,49.50
28342,1,5,183.60
28341,1,5,22.60
28340,1,5,562.42
28339,1,5,73.80
28338,1,5,1695.00
28335,1,5,9.80
28299,1,5,57.44
28298,1,5,144.20
28296,1,5,39.60
28295,1,5,86.16
28294,1,5,223.51
28293,1,5,16.90
28291,1,5,88.50
28290,1,5,1410.00
28286,1,5,2164.00
28285,1,5,3450.00
28282,1,5,1322.00
28281,1,5,1320.00
28269,1,5,197.00
28265,1,5,204.96
28264,1,5,981.12
28263,1,5,389.76
28262,1,5,3118.08
28259,1,5,779.52
28257,1,5,1330.56
28256,1,5,3855.00
28254,1,5,44.25
28253,1,5,1626.24
28252,1,5,779.52
28251,1,5,4684.08
28250,1,5,3118.08
28249,1,5,583.12
28248,1,5,8.45
28247,1,5,9.80
28244,1,5,133.60
28243,1,5,333.00
28230,1,5,25.35
28229,1,5,131.40
28228,1,5,144.20
28224,1,5,26.72
28223,1,5,45.60
28222,1,5,576.80
28220,1,5,58.80
28219,1,5,324.45
28218,1,5,255.60
28217,1,5,257.40
28216,1,5,367.71
28215,1,5,115.80
28214,1,5,209.00
28213,1,5,38.40
28212,1,5,606.00
28209,1,5,115.80
28208,1,5,182.40
28207,1,5,547.20
28206,1,5,268.00
28205,1,5,30.69
28204,1,5,26.40
28203,1,5,57.44
28202,1,5,144.20
28201,1,5,287.28
28200,1,5,504.00
28198,1,5,870.00
28189,1,5,3268.00
28188,1,5,2235.00
28187,1,5,5707.00
28185,1,5,67.24
28183,1,5,34.08
28181,1,5,144.20
28180,1,5,27.60
28179,1,5,209.00
28176,1,5,269.52
28175,1,5,752.40
28174,1,5,2674.00
28173,1,5,19.40
28171,1,5,71.50
28170,1,5,11200.00
28169,1,5,10080.00
28168,1,5,16480.00
28165,1,5,1168.00
28164,1,5,4488.00
28162,1,5,69.00
28161,1,5,28.86
28160,1,5,5418.00
28144,1,5,840.00
28140,1,5,2825.00
28137,1,5,41.70
28135,1,5,3.94
28115,1,5,1320.00
28114,1,5,1590.00
28113,1,5,920.00
28111,1,5,7.21
28110,1,5,41.25
28108,1,5,153.00
28107,1,5,158.20
28106,1,5,376.38
28105,1,5,461.00
28104,1,5,147.60
28102,1,5,34.90
28101,1,5,140.70
28100,1,5,11.64
28099,1,5,387.30
28098,1,5,49.00
28094,1,5,11.64
28093,1,5,289.80
28092,1,5,233.74
28091,1,5,22.35
28083,1,5,6184.00
28082,1,5,2992.00
28078,1,5,52.80
28076,1,5,41.70
28075,1,5,114.88
28074,1,5,295.61
28069,1,5,101.40
28067,1,5,476.40
28066,1,5,172.80
28065,1,5,56.80
28064,1,5,22.35
28063,1,5,390.00
28062,1,5,77.60
28061,1,5,1149.72
28054,1,5,139.60
28052,1,5,184.36
28050,1,5,2115.00
28049,1,5,699.00
28047,1,5,1327.50
28044,1,5,192.00
28043,1,5,4270.56
28042,1,5,1248.00
28032,1,5,14420.00
28031,1,5,3880.00
28024,1,5,1312.00
28015,1,5,209.00
28014,1,5,268.00
28013,1,5,1447.00
28012,1,5,1557.00
28010,1,5,34.44
28008,1,5,61.50
28006,1,5,361.60
28005,1,5,1114.38
28004,1,5,73.80
28003,1,5,970.00
28002,1,5,1695.00
28000,1,5,752.54
27998,1,5,1107.45
27997,1,5,504.30
27995,1,5,255.60
27991,1,5,25.35
27989,1,5,119.10
27948,1,5,4065.00
27947,1,5,4065.00
27941,1,5,159.60
27940,1,5,280.00
27939,1,5,84.50
27938,1,5,2825.00
27936,1,5,483.50
27934,1,5,813.00
27933,1,5,3820.00
27929,1,5,17520.00
27924,1,5,69.80
27922,1,5,33.52
27918,1,5,32.82
27917,1,5,99.90
27916,1,5,26.24
27915,1,5,44.70
27912,1,5,1168.00
27911,1,5,384.00
27910,1,5,1680.80
27897,1,5,1442.00
27894,1,5,330.96
27889,1,5,378.51
27888,1,5,40.08
27887,1,5,99.90
27885,1,5,101.40
27884,1,5,525.60
27883,1,5,195.00
27882,1,5,38.80
27881,1,5,577.72
27880,1,5,879.62
27878,1,5,576.80
27876,1,5,91.50
27875,1,5,49.00
27874,1,5,623.04
27873,1,5,306.60
27872,1,5,1953.91
27871,1,5,227.20
27868,1,5,286.33
27867,1,5,677.16
27865,1,5,6195.00
27861,1,5,12600.00
27841,1,5,34.90
27839,1,5,177.00
27838,1,5,465.12
27837,1,5,96.50
27822,1,5,14.70
27820,1,5,42.25
27815,1,5,1828.00
27814,1,5,1496.00
27811,1,5,9905.07
27810,1,5,2002.00
27809,1,5,543.20
27807,1,5,2720.00
27806,1,5,66.00
27805,1,5,367.71
27803,1,5,34.90
27801,1,5,83.80
27797,1,5,288.40
27796,1,5,3244.50
27795,1,5,18.30
27794,1,5,983.40
27793,1,5,87.60
27792,1,5,1629.46
27791,1,5,216.30
27790,1,5,5472.00
27789,1,5,3456.00
27788,1,5,3468.00
27783,1,5,1183.00
27779,1,5,3625.00
27763,1,5,4926.56
27762,1,5,192.00
27761,1,5,1440.00
27760,1,5,26.40
27759,1,5,57.44
27758,1,5,144.20
27757,1,5,699.00
27756,1,5,442.50
27751,1,5,45.20
27750,1,5,147.60
27734,1,5,354.00
27733,1,5,912.00
27731,1,5,1299.00
27729,1,5,4515.00
27728,1,5,1365.00
27727,1,5,1200.00
27711,1,5,69.80
27708,1,5,1086.75
27704,1,5,507.08
27702,1,5,238.56
27699,1,5,344.75
27698,1,5,1080.00
27697,1,5,360.50
27696,1,5,9.80
27695,1,5,132.00
27692,1,5,143.60
27691,1,5,367.71
27686,1,5,23.32
27684,1,5,50.70
27683,1,5,2397.00
27680,1,5,5.91
27679,1,5,53.60
27677,1,5,238.20
27672,1,5,221.40
27669,1,5,158.20
27668,1,5,228.78
27667,1,5,73.80
27666,1,5,3492.00
27655,1,5,1131.00
27650,1,5,44.70
27649,1,5,384.00
27647,1,5,3612.21
27646,1,5,660.00
27645,1,5,11.64
27644,2,5,228.60
27635,1,5,430.00
27634,1,5,1088.64
27632,1,5,69.80
27631,1,5,2164.00
27624,1,5,595.00
27623,1,5,122.85
27622,1,5,25.22
27621,1,5,366.08
27620,1,5,527.04
27619,1,5,170.40
27618,1,5,133.60
27617,1,5,333.00
27614,1,5,551.60
27611,1,5,358.05
27610,1,5,2705.00
27609,1,5,1130.00
27608,1,5,2505.00
27607,1,5,66.00
27606,1,5,391.17
27603,1,5,67.04
27601,1,5,191.95
27600,1,5,71.80
27599,1,5,180.25
27590,1,5,12600.00
27587,1,5,1037.12
27586,1,5,873.00
27585,1,5,1292.40
27584,1,5,3251.71
27583,1,5,401.40
27582,1,5,122.40
27581,1,5,527.04
27580,1,5,170.40
27579,1,5,88.65
27576,1,5,279.20
27574,1,5,150.84
27573,1,5,51.15
27570,1,5,175.20
27568,1,5,360.50
27567,1,5,475.20
27566,1,5,383.50
27565,1,5,217.80
27564,1,5,24.50
27558,1,5,467.10
27557,1,5,1157.60
27555,1,5,80.40
27554,1,5,125.40
27553,1,5,2313.00
27547,1,5,1042.50
27546,1,5,397.00
27543,1,5,11200.00
27542,1,5,132.30
27534,1,5,165.00
27533,1,5,1320.00
27532,1,5,612.00
27522,1,5,430.00
27521,1,5,1088.64
27513,1,5,1940.00
27512,1,5,1590.00
27508,1,5,392.75
27507,1,5,310.50
27503,1,5,140.70
27502,1,5,11.64
27501,1,5,400.21
27500,1,5,2992.00
27499,1,5,3625.00
27489,1,5,4065.00
27488,1,5,5750.00
27487,1,5,177.00
27486,1,5,465.12
27485,1,5,96.50
27480,1,5,67.80
27479,1,5,221.40
27477,1,5,9.65
27472,1,5,341.55
27471,1,5,263.00
27470,1,5,17520.00
27469,1,5,1356.00
27468,1,5,1341.00
27446,1,5,42.60
27445,5,5,650.10
27444,1,5,733.32
27443,1,5,172.80
27442,1,5,56.80
27441,1,5,82.50
27440,1,5,306.00
27439,1,5,963.54
27434,1,5,2644.00
27433,1,5,5750.00
27431,1,5,50.70
27429,1,5,238.20
27428,1,5,235.34
27425,1,5,1082.00
27424,1,5,62.70
27423,1,5,434.10
27422,1,5,714.00
27421,1,5,8648.64
27420,1,5,2959.28
27419,1,5,836.25
27418,1,5,255.00
27411,1,5,1360.00
27409,1,5,2800.00
27405,1,5,1365.00
27404,1,5,1047.00
27403,1,5,2473.60
27398,1,5,13.36
27397,1,5,33.30
27393,1,5,17.45
27392,1,5,36.60
27389,1,5,9.80
27388,1,5,39.60
27384,1,5,41.70
27383,1,5,86.16
27382,1,5,223.51
27380,1,5,7.68
27361,1,5,2112.65
27359,1,5,5720.40
27342,1,5,42.25
27340,1,5,198.50
27335,1,5,278.80
27334,1,5,454.00
27332,1,5,83.80
27328,1,5,128.64
27322,1,5,5768.00
27312,1,5,8.25
27310,1,5,30.60
27309,1,5,271.20
27308,1,5,221.40
27307,1,5,92.20
27306,1,5,671.58
27305,1,5,19.40
27300,1,5,360.50
27298,1,5,92.40
27295,1,5,57.44
27294,1,5,151.41
27293,1,5,1395.00
27286,1,5,682.38
27284,1,5,586.50
27268,1,5,2425.00
27267,1,5,1395.00
27265,1,5,779.52
27263,1,5,157.05
27262,1,5,260.30
27261,1,5,627.00
27260,1,5,8.94
27259,1,5,4.90
27257,1,5,8.45
27255,1,5,2164.00
27253,1,5,139.60
27251,1,5,67.04
27247,1,5,78.80
27244,1,5,68.60
27242,1,5,288.40
27241,1,5,340.80
27240,1,5,59.15
27239,1,5,306.60
27238,1,5,2170.21
27237,1,5,1296.00
27236,1,5,7802.16
27235,1,5,1559.04
27234,1,5,779.52
27233,1,5,2338.56
27231,1,5,490.56
27229,1,5,779.52
27227,1,5,398.94
27226,1,5,3495.36
27225,1,5,454.00
27224,1,5,278.80
27213,1,5,2313.00
27200,1,5,101.40
27197,1,5,531.00
27196,1,5,92.40
27193,1,5,360.50
27192,1,5,143.60
27188,1,5,41.70
27185,2,5,439.60
27184,1,5,183.68
27183,1,5,320.92
27182,1,5,66.00
27180,1,5,244.80
27179,1,5,158.20
27178,1,5,73.80
27177,1,5,772.74
27175,1,5,442.80
27173,1,5,818.40
27170,1,5,11.64
27168,1,5,289.80
27132,1,5,125.40
27131,1,5,802.20
27130,1,5,160.80
27129,1,5,1126.80
27128,1,5,892.50
27126,1,5,34.92
27125,1,5,686.14
27123,1,5,454.00
27122,1,5,227.60
27119,1,5,54.30
27118,1,5,180.11
27117,1,5,572.00
27116,1,5,3022.50
27115,1,5,357.50
27114,1,5,671.24
27113,1,5,8299.72
27112,1,5,669.00
27106,1,5,3625.00
27096,1,5,9.65
27092,1,5,1304.64
27091,1,5,426.00
27090,1,5,344.75
27089,1,5,1088.64
27087,1,5,6.00
27085,1,5,208.50
27084,1,5,1235.00
27083,1,5,266.00
27081,1,5,1034.00
27080,1,5,2509.00
27079,1,5,12112.31
27078,1,5,1794.00
27074,1,5,9399.00
27073,1,5,3990.00
27072,1,5,61.95
27071,1,5,180.25
27070,2,5,1198.12
27068,1,5,227.60
27067,1,5,454.00
27060,1,5,67.08
27056,1,5,4065.00
27055,1,5,13500.00
27054,1,5,9840.00
27053,1,5,13.51
27045,1,5,1082.00
27044,1,5,7.88
27041,1,5,1920.60
27040,1,5,1320.00
27037,1,5,65.64
27036,1,5,136.80
27035,1,5,140.70
27034,1,5,400.21
27033,1,5,134.10
27032,1,5,63.06
27031,1,5,214.80
27030,1,5,456.52
27027,1,5,100.56
27025,1,5,271.20
27024,1,5,221.40
27023,1,5,73.80
27022,1,5,597.78
27021,1,5,824.50
27020,1,5,1053.15
27019,1,5,3071.46
27018,1,5,4878.00
27017,1,5,534.40
27016,1,5,3663.00
27015,1,5,4515.00
27014,1,5,3740.00
27013,1,5,1334.54
27011,1,5,57600.00
26976,1,5,1414.00
26975,1,5,286.00
26974,1,5,77.60
26972,1,5,2205.00
26961,1,5,714.00
26960,1,5,2164.00
26958,1,5,1086.75
26947,1,5,2088.40
26946,1,5,807.98
26945,1,5,1322.00
26935,1,5,10.94
26934,1,5,22.80
26933,1,5,8491.07
26932,1,5,1716.00
26928,1,5,1047.60
26926,1,5,335.40
26925,1,5,1395.00
26924,1,5,1503.00
26922,1,5,84.18
26918,1,5,39.60
26917,1,5,74.34
26916,1,5,216.30
26914,1,5,246.00
26912,1,5,360.50
26911,1,5,360.50
26910,1,5,383.50
26909,1,5,12.81
26907,1,5,721.00
26906,1,5,39.20
26905,1,5,504.70
26904,1,5,28.40
26902,1,5,33.80
26901,1,5,620.40
26900,1,5,175.20
26899,1,5,1088.71
26885,1,5,4065.00
26882,1,5,7.84
26878,1,5,102.30
26877,1,5,37.18
26875,1,5,88.50
26874,1,5,557.60
26873,1,5,908.00
26869,1,5,80.40
26868,1,5,13800.00
26859,1,5,1940.00
26855,1,5,420.00
26851,1,5,324.60
26849,1,5,11.82
26844,1,5,576.00
26841,1,5,1117.55
26840,1,5,3893.40
26839,1,5,360.50
26838,1,5,2752.20
26837,1,5,9091.81
26836,1,5,1562.00
26835,1,5,269.01
26834,1,5,282.24
26833,1,5,1130.04
26824,1,5,91200.00
26820,1,5,16480.00
26819,1,5,13977.60
26817,1,5,12600.00
26814,1,5,3625.00
26805,1,5,26.40
26803,1,5,1291.05
26800,1,5,611.78
26799,1,5,21900.00
26794,1,5,98.50
26783,1,5,11.64
26781,1,5,233.74
26780,1,5,66.00
26779,1,5,367.71
26759,1,5,62.70
26758,1,5,434.10
26756,1,5,207.30
26755,1,5,1082.00
26752,1,5,182.08
26751,1,5,363.20
26750,1,5,80.40
26749,1,5,563.40
26748,1,5,42.25
26746,1,5,198.50
26744,1,5,13.51
26742,1,5,1122.00
26737,1,5,4470.00
26735,1,5,193.40
26733,1,5,1752.00
26732,1,5,3740.00
26725,1,5,832.63
26723,1,5,182.08
26722,1,5,363.20
26719,1,5,1818.00
26717,1,5,1076.40
26715,1,5,1322.00
26713,1,5,3306.25
26712,1,5,800.00
26711,1,5,910.00
26708,1,5,1728.00
26706,1,5,2292.00
26705,1,5,1360.00
26702,1,5,1159.50
26701,1,5,1299.00
26644,1,5,11.58
26639,1,5,80.40
26638,1,5,2164.00
26636,1,5,687.00
26619,1,5,147.84
26617,1,5,51.15
26616,1,5,50.28
26615,1,5,341.00
26613,1,5,532.00
26611,1,5,2470.00
26609,1,5,193.00
26608,1,5,1034.00
26607,1,5,931.00
26606,1,5,966.00
26604,1,5,5068.23
26603,1,5,1140.00
26602,1,5,738.00
26601,1,5,442.80
26600,1,5,165.00
26598,1,5,612.00
26597,1,5,497.20
26596,1,5,442.80
26595,1,5,1917.54
26592,1,5,1168.00
26580,1,5,1395.00
26577,1,5,41.70
26576,1,5,16.90
26574,1,5,97.35
26572,1,5,1559.04
26569,1,5,204.96
26568,1,5,473.76
26567,1,5,2338.56
26566,1,5,779.52
26565,1,5,779.52
26564,1,5,2808.96
26563,1,5,5463.60
26562,1,5,2338.56
26561,1,5,218.80
26560,1,5,465.00
26553,1,5,437.60
26552,1,5,2557.50
26551,2,5,3574.54
26549,1,5,4515.00
26548,1,5,5418.00
26544,1,5,7560.00
26533,2,5,55.16
26530,1,5,952.00
26528,1,5,10.35
26526,1,5,102.30
26516,1,5,116.80
26515,1,5,4380.00
26507,1,5,354.41
26506,1,5,108.60
26503,2,5,1101.53
26501,1,5,546.72
26496,1,5,70.08
26486,1,5,773.00
26485,1,5,748.00
26484,3,5,888.50
26479,1,5,24.78
26478,1,5,72.10
26476,1,5,67.05
26473,1,5,63.06
26472,1,5,149.40
26470,1,5,102.30
26468,2,5,214.75
26463,1,5,1528.00
26462,1,5,680.00
26461,1,5,4500.00
26460,1,5,2460.00
26458,1,5,6180.00
26456,1,5,3625.00
26455,1,5,39.20
26454,1,5,237.60
26453,1,5,1297.80
26452,1,5,227.20
26451,1,5,975.00
26450,1,5,1746.00
26449,1,5,2860.00
26447,1,5,2118.69
26446,1,5,6142.92
26445,1,5,2860.00
26444,1,5,975.00
26443,1,5,194.00
26440,1,5,408.00
26438,1,5,134.48
26436,1,5,68.16
26432,1,5,7.72
26426,1,5,3244.50
26425,1,5,504.70
26423,1,5,773.52
26421,1,5,475.86
26420,1,5,36.60
26419,1,5,41.16
26418,1,5,148.92
26416,1,5,208.82
26415,1,5,214.40
26414,1,5,1245.60
26413,1,5,209.00
26412,1,5,1447.00
26411,1,5,1002.00
26404,1,5,61.95
26403,1,5,180.25
26399,1,5,21.02
26398,1,5,44.70
26397,1,5,24.20
26396,1,5,42.60
26395,1,5,87.20
26394,1,5,16.54
26393,1,5,34.56
26392,1,5,2.65
26391,1,5,67.32
26390,1,5,367.20
26389,1,5,158.64
26388,1,5,345.00
26387,1,5,756.45
26385,1,5,380.56
26384,1,5,31.80
26381,1,5,66.00
26380,1,5,123.90
26379,1,5,367.71
26368,1,5,360.50
26363,1,5,1626.00
26362,1,5,1623.00
26361,1,5,860.00
26360,1,5,2168.64
26359,1,5,383.50
26358,1,5,132.00
26357,1,5,143.60
26356,1,5,367.71
26353,1,5,538.20
26345,1,5,2318.80
26333,1,5,1770.00
26332,1,5,390.00
26326,1,5,34.90
26319,1,5,227.60
26318,1,5,454.00
26317,1,5,74.10
26316,1,5,11.64
26315,1,5,217.36
26313,1,5,90.40
26312,1,5,302.58
26289,1,5,70.08
26288,1,5,134.10
26287,1,5,79.32
26286,1,5,191.70
26285,1,5,107.40
26284,1,5,230.52
26249,1,5,1746.00
26248,1,5,2230.20
26247,1,5,6496.21
26242,1,5,930.00
26241,1,5,751.50
26236,1,5,7560.00
26235,1,5,1299.00
26234,1,5,1360.00
26231,1,5,131.40
26229,1,5,39.60
26228,1,5,74.34
26227,1,5,223.51
26226,1,5,53.60
26225,1,5,375.60
26224,1,5,188.10
26223,1,5,1302.30
26222,1,5,27.45
26220,1,5,29.40
26188,1,5,67.04
26187,1,5,537.92
26185,1,5,272.64
26176,1,5,903.00
26167,1,5,16.90
26165,1,5,97.35
26162,1,5,52.80
26161,1,5,99.12
26160,1,5,295.61
26159,1,5,1002.00
26158,1,5,465.00
26155,1,5,187.60
26154,1,5,516.40
26150,1,5,50.44
26149,1,5,226.20
26148,1,5,162.90
26146,1,5,528.71
26145,1,5,676.20
26144,1,5,8400.00
26143,1,5,7560.00
26142,1,5,4380.00
26141,1,5,1626.00
26140,1,5,2244.00
26138,1,5,2925.00
26137,1,5,1910.00
26099,1,5,409.76
26096,1,5,275.00
26093,1,5,167.60
26090,1,5,113.80
26089,1,5,227.00
26088,1,5,4032.71
26087,1,5,1724.00
26085,1,5,1248.00
26084,1,5,714.00
26067,1,5,152.00
26066,1,5,465.12
26063,1,5,96.50
26061,1,5,113.00
26060,1,5,66.00
26059,1,5,343.50
26057,1,5,360.50
26055,1,5,376.38
26018,1,5,163.68
26016,1,5,69.50
26015,1,5,133.86
26013,1,5,51.15
26012,1,5,365.11
26011,1,5,795.20
26010,1,5,7.72
26007,1,5,33.52
26006,1,5,11.38
26005,1,5,22.70
26004,1,5,162.90
26001,1,5,522.90
25999,1,5,678.60
25997,1,5,386.40
25995,1,5,516.40
25994,1,5,335.42
25993,1,5,187.60
25992,1,5,58.20
25980,1,5,3625.00
25979,1,5,13.52
25971,1,5,383.50
25970,1,5,251.80
25969,1,5,565.60
25968,1,5,169.00
25964,1,5,41.70
25963,1,5,132.00
25962,1,5,360.50
25960,1,5,167.60
25959,1,5,699.00
25956,1,5,96.00
25955,1,5,442.50
25953,1,5,12386.64
25952,1,5,3360.00
25950,1,5,113.00
25949,1,5,376.38
25943,1,5,152.10
25940,1,5,778.05
25939,1,5,28.80
25936,1,5,1066.05
25935,1,5,134.10
25934,1,5,227.60
25933,1,5,454.00
25929,1,5,109.40
25928,1,5,6406.40
25903,1,5,934.40
25902,1,5,673.20
25897,1,5,7518.00
25892,1,5,34.90
25890,1,5,615.00
25865,1,5,251.80
25862,1,5,82.00
25861,1,5,33.80
25859,1,5,158.80
25858,1,5,2170.35
25857,1,5,432.62
25856,1,5,6372.08
25855,1,5,8.25
25854,1,5,30.60
25852,1,5,73.80
25851,1,5,95.40
25849,1,5,180.80
25848,1,5,523.98
25847,1,5,55.20
25846,1,5,404.28
25845,1,5,1141.14
25844,1,5,885.00
25843,1,5,6723.57
25841,1,5,1824.00
25837,1,5,360.50
25836,1,5,728.21
25835,1,5,0.98
25834,1,5,350.40
25829,1,5,981.12
25828,1,5,3118.08
25827,1,5,779.52
25826,1,5,1559.04
25825,1,5,5463.60
25824,1,5,3118.08
25823,1,5,278.16
25822,1,5,3516.48
25821,1,5,19.60
25818,1,5,360.50
25801,1,5,33.80
25800,1,5,175.20
25799,1,5,648.00
25798,1,5,772.20
25797,1,5,3576.16
25795,1,5,322.04
25772,1,5,268.20
25771,1,5,1092.00
25770,1,5,1601.60
25769,1,5,536.25
25768,1,5,145.50
25767,1,5,1676.96
25765,1,5,109.85
25763,1,5,516.10
25762,1,5,290.10
25761,1,5,2705.00
25758,1,5,243.20
25757,1,5,138.24
25756,1,5,223.50
25755,1,5,1003.20
25754,1,5,28.84
25753,1,5,213.00
25752,1,5,485.00
25739,1,5,1342.00
25738,1,5,3195.00
25737,1,5,4065.00
25736,1,5,4966.50
25734,1,5,4741.88
25729,1,5,34.90
25726,1,5,71.61
25725,1,5,66.00
25724,1,5,367.71
25723,1,5,377.70
25722,1,5,845.60
25721,1,5,253.50
25718,1,5,4470.00
25717,1,5,11200.00
25716,1,5,8190.00
25697,1,5,4940.00
25671,1,5,33.52
25670,1,5,99.12
25669,1,5,295.61
25668,1,5,19.60
25667,1,5,52.80
25665,1,5,122.15
25662,1,5,5.68
25661,1,5,1920.00
25660,1,5,16.81
25658,1,5,7077.07
25653,1,5,460.00
25645,1,5,1412.46
25644,1,5,1685.04
25637,1,5,291.90
25632,1,5,2611.32
25631,1,5,805.35
25630,1,5,161.02
25629,1,5,2362.36
25628,1,5,1170.00
25627,1,5,232.80
25626,1,5,3437.72
25623,1,5,41.70
25622,1,5,451.50
25621,1,5,813.00
25620,1,5,1400.00
25619,1,5,1890.00
25618,1,5,2292.00
25593,1,5,1546.00
25592,1,5,1122.00
25588,1,5,3820.00
25586,1,5,83.60
25585,1,5,868.20
25584,1,5,1502.40
25583,1,5,222.61
25579,1,5,67.04
25578,1,5,1502.40
25575,1,5,139.60
25574,1,5,66.00
25573,1,5,367.20
25572,1,5,146.30
25571,1,5,214.40
25570,1,5,193.40
25569,1,5,1012.90
25564,1,5,537.92
25562,1,5,272.64
25561,1,5,455.20
25560,1,5,682.80
25559,1,5,908.00
25558,1,5,1362.00
25551,1,5,2640.00
25550,1,5,595.00
25547,1,5,50.28
25453,1,5,435.00
25447,1,5,1056.16
25446,1,5,73.80
25445,1,5,369.00
25444,1,5,274.56
25443,1,5,1431.00
25441,1,5,180.80
25440,1,5,147.60
25439,1,5,330.00
25438,1,5,1224.00
25437,1,5,2394.54
25436,1,5,52.80
25435,1,5,173.46
25434,1,5,511.91
25432,1,5,184.36
25407,1,5,8.45
25405,1,5,53.10
25401,1,5,521.73
25400,1,5,49.56
25399,1,5,144.20
25397,1,5,41.00
25388,1,5,1450.00
25378,1,5,2705.00
25376,1,5,17.45
25375,1,5,8.45
25373,1,5,53.10
25369,1,5,107.40
25368,1,5,1219.50
25367,1,5,2257.50
25366,1,5,1626.00
25365,1,5,3500.00
25364,1,5,2520.00
25358,1,5,465.83
25357,1,5,1030.40
25354,1,5,90.75
25352,1,5,336.60
25351,1,5,90.40
25349,1,5,581.94
25347,1,5,477.00
25346,1,5,295.20
25345,1,5,207.00
25320,1,5,1003.95
25313,1,5,55.20
25310,1,5,206.85
25294,1,5,2900.00
25293,1,5,5600.00
25292,1,5,5040.00
25291,1,5,8240.00
25290,1,5,1626.00
25287,1,5,175.20
25286,1,5,475.86
25285,1,5,86.40
25282,1,5,50.70
25281,1,5,0.98
25280,1,5,190.08
25279,1,5,324.45
25278,1,5,1818.00
25277,1,5,263.00
25276,1,5,930.00
25272,1,5,261.12
25269,1,5,2164.00
25267,1,5,15750.00
25266,1,5,14059.80
25265,1,5,19570.00
25264,1,5,2992.00
25248,1,5,13860.00
25247,1,5,9380.00
25246,1,5,1750.00
25245,1,5,4960.00
25244,1,5,4920.00
25243,1,5,2439.00
25241,1,5,536.40
25238,1,5,25.56
25236,1,5,264.40
25235,1,5,576.00
25234,1,5,395.20
25233,1,5,1194.72
25232,1,5,250.90
25231,1,5,1628.25
25230,1,5,483.34
25229,1,5,453.96
25228,1,5,4781.92
25227,1,5,1507.48
25226,1,5,796.60
25225,1,5,1589.00
25223,1,5,970.00
25222,1,5,1239.00
25221,1,5,3612.21
25217,1,5,141.84
25213,1,5,65.28
25210,1,5,34.08
25209,1,5,341.40
25208,1,5,681.00
25203,1,5,330.00
25202,1,5,275.00
25201,1,5,457.00
25200,1,5,866.00
25198,1,5,317.17
25181,1,5,1858.50
25180,1,5,1164.00
25179,1,5,2923.20
25178,1,5,524.40
25173,1,5,4560.00
25171,1,5,432.60
25170,1,5,170.40
25164,1,5,2501.60
25158,1,5,87.57
25157,1,5,163.67
25156,1,5,358.40
25155,1,5,106.47
25152,1,5,130.56
25131,1,5,51.00
25130,1,5,781.00
25129,1,5,1930.00
25121,1,5,6370.07
25120,1,5,1728.00
25119,1,5,699.00
25116,1,5,96.00
25115,1,5,344.75
25114,1,5,1088.64
25113,1,5,66.00
25112,1,5,367.71
25110,1,5,11.83
25107,1,5,227.60
25106,1,5,454.00
25105,1,5,20.46
25104,1,5,1390.00
25100,1,5,3500.00
25099,1,5,3150.00
25098,1,5,2190.00
25097,1,5,4120.00
25096,1,5,813.00
25095,1,5,813.00
25094,1,5,748.00
25093,1,5,1450.00
25089,1,5,1921.00
25088,1,5,1341.00
25087,1,5,1047.00
25086,2,5,3973.20
25078,1,5,35.04
25077,1,5,67.05
25074,1,5,9.24
25073,1,5,38.40
25072,1,5,182.40
25071,1,5,43.26
25070,1,5,60.80
25066,1,5,24.78
25064,1,5,167.60
25063,2,5,2898.63
25062,1,5,7210.00
25059,1,5,3105.00
25058,1,5,3046.40
25046,1,5,42.09
25045,1,5,201.48
25044,1,5,980.56
25042,1,5,178.20
25041,1,5,82.80
25039,1,5,16.76
25038,1,5,27.68
25035,1,5,142.00
25033,1,5,228.50
25023,1,5,209.40
25022,1,5,67.04
25019,1,5,49.56
25018,1,5,151.41
25014,1,5,38.80
25013,1,5,26.40
25009,1,5,5730.00
25005,1,5,85.20
24992,1,5,85.20
24977,1,5,188.10
24976,1,5,1302.30
24975,1,5,134.00
24974,1,5,939.00
24972,1,5,1309.00
24953,1,5,851.92
24950,1,5,61.38
24948,1,5,13.80
24946,1,5,344.75
24945,1,5,1088.64
24944,1,5,50.28
24940,1,5,9.80
24938,1,5,16.90
24935,1,5,96.00
24934,1,5,66.00
24932,1,5,97.00
24931,1,5,367.20
24930,1,5,193.40
24929,1,5,122.15
24928,1,5,9.60
24927,1,5,33.54
24926,1,5,1336.35
24919,1,5,349.46
24918,1,5,1045.35
24917,1,5,268.50
24916,1,5,565.00
24915,1,5,347.50
24914,1,5,733.32
24911,1,5,1571.00
24910,1,5,1242.00
24909,1,5,275.80
24908,1,5,224.80
24906,1,5,132.20
24905,1,5,288.00
24894,1,5,247.80
24893,1,5,721.00
24874,1,5,45.44
24860,1,5,97.35
24857,1,5,7289.17
24856,1,5,1472.90
24855,1,5,399.64
24853,1,5,16.90
24852,1,5,4.10
24851,1,5,5.98
24847,1,5,82.36
24840,1,5,2164.00
24827,1,5,341.40
24826,1,5,681.00
24825,1,5,339.93
24824,1,5,758.70
24823,1,5,84.50
24816,1,5,247.50
24815,1,5,918.00
24812,1,5,1431.00
24810,1,5,1431.00
24807,1,5,452.00
24806,1,5,1648.20
24805,1,5,8.45
24803,1,5,44.25
24800,1,5,544.00
24798,1,5,360.50
24796,1,5,74.34
24795,1,5,216.30
24794,1,5,312.90
24793,1,5,541.20
24792,1,5,87.60
24791,1,5,1953.91
24790,1,5,432.60
24789,1,5,170.40
24787,1,5,18.30
24786,1,5,39.20
24782,1,5,1240.00
24781,1,5,18000.00
24780,1,5,4520.00
24779,1,5,424.00
24778,1,5,6112.00
24777,1,5,1360.00
24767,1,5,4065.00
24760,1,5,33.80
24759,1,5,34.77
24758,1,5,5.88
24757,1,5,105.60
24756,1,5,175.20
24755,1,5,583.20
24754,1,5,166.44
24751,1,5,6.77
24748,1,5,81.60
24743,1,5,460.00
24742,1,5,57.12
24741,1,5,263.98
24737,1,5,497.76
24735,1,5,345.50
24723,1,5,81300.00
24720,1,5,39.60
24718,1,5,74.34
24717,1,5,223.51
24715,1,5,544.00
24708,1,5,833.00
24706,1,5,32.16
24705,1,5,225.36
24704,1,5,114.95
24703,1,5,795.85
24701,1,5,1893.50
24700,1,5,5.98
24699,1,5,527.04
24698,1,5,243.20
24697,1,5,738.72
24696,1,5,188.85
24695,1,5,427.12
24693,1,5,139.60
24691,1,5,170.40
24690,1,5,154.40
24689,1,5,126.75
24687,1,5,80.40
24685,1,5,67.04
24677,1,5,136.32
24676,1,5,6.12
24661,1,5,142.04
24660,1,5,995.34
24646,1,5,227.60
24645,1,5,454.00
24644,1,5,2911.00
24642,1,5,66.00
24641,1,5,244.80
24639,1,5,66.00
24638,1,5,360.00
24637,1,5,636.00
24635,1,5,8864.64
24632,1,5,190.80
24631,1,5,344.75
24630,1,5,1088.64
24629,1,5,44.25
24612,1,5,7480.00
24608,1,5,1002.00
24606,1,5,699.00
24605,1,5,708.00
24603,1,5,12591.67
24601,1,5,5.62
24598,1,5,288.00
24597,1,5,3360.00
24596,1,5,3.86
24594,1,5,19.40
24593,1,5,26.40
24587,1,5,49.56
24586,1,5,151.41
24555,1,5,3855.00
24549,1,5,1298.40
24546,1,5,188.85
24545,1,5,427.12
24542,1,5,163.20
24541,1,5,126.75
24540,1,5,66.00
24539,1,5,244.80
24538,1,5,39.60
24537,1,5,785.50
24536,1,5,137.90
24533,1,5,318.00
24532,1,5,486.54
24531,1,5,74.34
24530,1,5,223.51
24526,1,5,144.20
24525,1,5,27.60
24524,1,5,606.42
24523,1,5,1680.36
24522,1,5,633.75
24521,1,5,214.50
24520,1,5,184.30
24519,1,5,1864.72
24518,1,5,669.00
24515,1,5,50.28
24513,1,5,17.04
24510,1,5,22.72
24440,1,5,53.96
24439,1,5,390.00
24437,1,5,26.40
24436,1,5,785.50
24435,1,5,621.00
24434,1,5,137.90
24433,1,5,112.40
24432,1,5,286.00
24430,1,5,49.56
24429,1,5,151.41
24420,1,5,20600.00
24419,1,5,14000.00
24416,1,5,22.72
24415,1,5,21.97
24414,1,5,14.64
24413,1,5,82.32
24412,1,5,1444.08
24411,1,5,360.50
24410,1,5,360.00
24409,1,5,113.88
24408,1,5,4462.99
24406,1,5,70.08
24405,1,5,2271.15
24404,1,5,439.81
24403,1,5,318.08
24400,1,5,716.10
24396,1,5,144.20
24395,1,5,327.34
24394,1,5,730.60
24393,1,5,9.60
24392,1,5,363.30
24391,1,5,6.76
24390,1,5,4.90
24387,1,5,322.20
24386,1,5,678.00
24385,1,5,33.52
24384,1,5,1086.75
24382,1,5,5.98
24380,1,5,390.00
24379,1,5,143.00
24377,1,5,1571.40
24376,1,5,6.00
24375,1,5,1149.72
24374,1,5,446.00
24372,1,5,208.50
24371,1,5,1858.50
24370,1,5,5414.71
24367,1,5,7250.00
24350,1,5,864.00
24349,1,5,675.69
24348,1,5,84.30
24347,1,5,284.00
24346,1,5,204.00
24332,1,5,159500.00
24331,1,5,762.96
24317,1,5,2164.00
24316,1,5,930.00
24315,1,5,1002.00
24314,1,5,606.00
24311,1,5,853.50
24310,1,5,1148.62
24308,1,5,69.80
24305,1,5,34.08
24304,1,5,701.76
24303,1,5,494.47
24285,1,5,5.98
24284,1,5,7430.57
24283,1,5,2016.00
24282,1,5,27.60
24281,1,5,409.92
24280,1,5,3326.40
24278,1,5,981.12
24277,1,5,779.52
24276,1,5,389.76
24275,1,5,4684.08
24274,1,5,4684.08
24273,1,5,2338.56
24272,1,5,381.82
24271,1,5,1078.44
24270,1,5,360.50
24269,1,5,158.40
24268,1,5,367.20
24261,1,5,114.24
24260,1,5,61.95
24259,1,5,180.25
24255,1,5,1623.00
24254,1,5,1511.25
24253,1,5,24.31
24252,1,5,694.52
24251,1,5,4438.72
24250,1,5,75.82
24249,1,5,344.75
24248,1,5,1088.64
24222,1,5,48.96
24221,1,5,16.90
24219,1,5,105.60
24218,1,5,361.08
24216,1,5,26.40
24211,1,5,81.84
24210,1,5,106.00
24209,1,5,625.40
24208,1,5,477.00
24204,1,5,167.60
24203,1,5,49.56
24202,1,5,151.41
24191,1,5,182.08
24190,1,5,363.20
24189,1,5,667.27
24188,1,5,1483.68
24184,1,5,68.16
24183,1,5,12.24
24182,1,5,118.30
24181,1,5,444.47
24178,1,5,98.50
24175,1,5,194.37
24173,1,5,344.75
24172,1,5,1088.64
24153,1,5,146.30
24152,1,5,134.00
24151,1,5,1012.90
24150,1,5,939.00
24149,1,5,595.00
24144,1,5,3855.00
24143,1,5,1950.00
24142,1,5,5720.00
24141,1,5,595.00
24135,1,5,378.00
24134,1,5,266.00
24133,1,5,579.00
24132,1,5,690.00
24129,1,5,360.50
24127,1,5,1235.00
24126,1,5,2793.00
24125,1,5,3622.23
24124,1,5,2280.00
24104,1,5,90.88
24103,1,5,152.10
24102,1,5,96.00
24101,1,5,72.10
24100,1,5,778.05
24097,1,5,51.15
24091,1,5,3500.00
24090,1,5,3150.00
24075,1,5,98.28
24074,1,5,258.02
24072,1,5,7430.57
24071,1,5,2016.00
24070,1,5,366.76
24068,1,5,67.04
24067,1,5,1097.10
24042,1,5,866.00
24023,1,5,1082.00
24021,1,5,125.90
24020,1,5,286.62
24018,1,5,17.04
24017,1,5,101.40
24016,1,5,41.25
24015,1,5,153.00
24013,1,5,39.60
24012,1,5,540.60
24010,1,5,45.87
24008,1,5,88.50
24007,1,5,74.34
24006,1,5,223.51
24004,1,5,387.60
24003,1,5,182.08
24002,1,5,363.20
24001,1,5,39.20
24000,1,5,19.40
23997,1,5,344.75
23996,1,5,1088.64
23993,1,5,5.98
23992,1,5,16.90
23991,1,5,147.98
23990,1,5,198.00
23989,1,5,87.60
23988,1,5,72.10
23987,1,5,684.00
23986,1,5,324.45
23985,1,5,772.48
23955,1,5,430.80
23944,1,5,856.80
23938,1,5,1447.00
23937,1,5,1395.00
23936,1,5,526.00
23931,1,5,51.12
23930,1,5,7.72
23923,1,5,167.60
23922,1,5,870.00
23884,1,5,104.50
23883,1,5,134.00
23881,1,5,144.70
23880,1,5,563.40
23877,1,5,460.00
23875,1,5,36.60
23874,1,5,174.60
23873,1,5,6.00
23872,1,5,72.10
23869,1,5,252.35
23868,1,5,1368.00
23862,1,5,1436.00
23861,1,5,1443.18
23856,1,5,340.80
23855,1,5,326.40
23854,1,5,572.00
23853,1,5,155.20
23850,1,5,8563.68
23847,1,5,34.08
23846,1,5,652.80
23845,1,5,153.45
23843,1,5,566.10
23842,1,5,50.20
23841,1,5,1200.00
23840,1,5,287.62
23838,1,5,164.00
23837,1,5,1774.44
23821,1,5,255.60
23818,1,5,153.45
23795,1,5,1298.40
23792,1,5,85.20
23780,1,5,304.00
23779,1,5,921.12
23777,1,5,122.15
23775,1,5,171.36
23774,1,5,193.00
23771,1,5,132.99
23769,1,5,80.40
23768,1,5,33.52
23758,1,5,3820.00
23757,1,5,24800.00
23756,1,5,22500.00
23755,1,5,62.70
23753,1,5,1012.90
23752,1,5,595.00
23750,1,5,714.07
23748,1,5,69.80
23747,1,5,192.00
23745,1,5,417.00
23744,1,5,878.82
23741,1,5,108.15
23739,1,5,32.64
23738,1,5,20.70
23737,1,5,66.00
23736,1,5,367.20
23733,1,5,3612.00
23725,1,5,230.42
23721,1,5,370.22
23720,1,5,1107.45
23719,1,5,182.08
23718,1,5,363.20
23717,1,5,80.40
23716,1,5,939.00
23715,1,5,188.85
23714,1,5,427.12
23713,1,5,126.75
23712,1,5,57.60
23692,1,5,108.15
23683,1,5,15.44
23681,1,5,16.90
23679,1,5,26.40
23674,1,5,88.50
23673,1,5,49.56
23672,1,5,151.41
23666,1,5,5.98
23661,1,5,785.50
23660,1,5,621.00
23659,1,5,174.60
23658,1,5,112.40
23653,1,5,45.87
23648,1,5,34.08
23647,1,5,90.09
23646,1,5,2583.75
23645,1,5,537.38
23644,1,5,288.00
23643,1,5,7584.72
23642,1,5,280.98
23630,1,5,2439.00
23627,1,5,5.98
23622,1,5,785.50
23621,1,5,621.00
23620,1,5,137.90
23619,1,5,112.40
23614,1,5,45.87
23598,1,5,6.77
23593,1,5,50.20
23591,1,5,26.40
23588,1,5,172.20
23586,1,5,930.00
23585,1,5,1002.00
23584,1,5,243.20
23583,1,5,738.72
23582,1,5,154.40
23581,1,5,6.77
23579,1,5,268.50
23578,1,5,569.52
23577,1,5,208.50
23576,1,5,436.50
23575,1,5,544.00
23543,1,5,221.52
23542,1,5,28.80
23540,1,5,80.40
23539,1,5,344.75
23538,1,5,1088.64
23536,1,5,201.44
23535,1,5,460.84
23531,1,5,170.40
23530,1,5,33.80
23529,1,5,41.25
23528,1,5,153.00
23526,1,5,540.60
23524,1,5,97.35
23522,1,5,41.00
23519,1,5,699.00
23518,1,5,6723.57
23516,1,5,1824.00
23515,1,5,1298.40
23512,1,5,57.12
23508,1,5,201.44
23507,1,5,460.84
23503,1,5,170.40
23502,1,5,16.90
23501,1,5,41.25
23500,1,5,153.00
23498,1,5,540.60
23496,1,5,97.35
23494,1,5,41.00
23488,1,5,221.52
23487,1,5,28.80
23485,1,5,80.40
23484,1,5,344.75
23483,1,5,1088.64
23475,1,5,7224.00
23474,1,5,6300.00
23473,1,5,5691.00
23468,1,5,163.67
23467,1,5,370.92
23466,1,5,109.85
23464,1,5,518.40
23463,1,5,334.50
23462,1,5,4.16
23461,1,5,15.60
23460,1,5,170.40
23459,1,5,102.00
23455,1,5,45.87
23453,1,5,50.28
23444,1,5,555.00
23443,1,5,387.00
23440,1,5,13.79
23438,1,5,16.08
23435,1,5,636.48
23431,1,5,167.60
23427,1,5,1746.00
23426,1,5,6.00
23425,1,5,46.02
23422,1,5,208.50
23420,1,5,2230.20
23419,1,5,6496.21
23416,1,5,5.98
23415,1,5,113.80
23414,1,5,227.00
23413,1,5,5.62
23411,1,5,104.70
23408,1,5,24.48
23407,1,5,11.58
23406,1,5,33.80
23405,1,5,201.30
23404,1,5,240.10
23403,1,5,3267.00
23402,1,5,175.20
23401,1,5,4326.00
23400,1,5,648.00
23398,1,5,360.50
23397,1,5,3244.50
23396,1,5,963.60
23395,1,5,7469.56
23394,1,5,1802.50
23393,1,5,1192.80
23390,1,5,33.52
23386,1,5,577.50
23384,1,5,2142.00
23383,1,5,351.40
23382,1,5,1148.00
23381,1,5,2650.00
23380,1,5,4302.54
23378,1,5,247.06
23377,1,5,652.08
23366,1,5,32.64
23363,1,5,66.00
23351,1,5,944.52
23350,1,5,39.60
23349,1,5,74.34
23348,1,5,223.51
23347,1,5,1082.00
23341,1,5,167.20
23340,1,5,1302.30
23339,1,5,751.20
23338,1,5,263.00
23336,1,5,386.00
23334,1,5,165.00
23332,1,5,3444.00
23331,1,5,1862.00
23330,1,5,5068.23
23328,1,5,570.00
23326,1,5,368.28
23323,1,5,107.20
23315,1,5,1082.00
23313,1,5,383.50
23307,1,5,326.40
23306,1,5,266.00
23305,1,5,1235.00
23303,1,5,112.53
23301,1,5,251.80
23300,1,5,562.00
23299,1,5,223.50
23275,1,5,5615.01
23274,1,5,1056.00
23273,1,5,774.67
23272,1,5,8400.00
23264,1,5,160.80
23263,1,5,939.00
23259,1,5,69.80
23257,1,5,3.86
23251,1,5,344.75
23250,1,5,1088.64
23239,1,5,785.50
23238,1,5,621.00
23237,1,5,137.90
23236,1,5,112.40
23234,1,5,227.60
23233,1,5,454.00
23230,1,5,22.00
23226,1,5,838.00
23224,1,5,41.00
23218,1,5,1010.00
23217,1,5,7784.07
23214,1,5,390.00
23213,1,5,1573.00
23212,1,5,465.60
23211,1,5,938.00
23199,1,5,6570.00
23198,1,5,1806.00
23197,1,5,3740.00
23196,1,5,465.00
23195,1,5,501.00
23194,1,5,606.00
23190,1,5,51.12
23187,1,5,92.35
23186,1,5,240.00
23185,1,5,16.08
23170,1,5,1950.00
23169,1,5,107.25
23168,1,5,417.10
23167,1,5,4464.46
23166,1,5,334.50
23165,1,5,1327.50
23163,1,5,5663.07
23162,1,5,125.90
23161,1,5,286.62
23159,1,5,96.00
23158,1,5,1536.00
23157,1,5,96.50
23156,1,5,84.50
23155,1,5,204.96
23154,1,5,96.00
23153,1,5,3587.76
23150,1,5,981.12
23149,1,5,779.52
23148,1,5,1559.04
23147,1,5,5853.36
23146,1,5,3118.08
23145,1,5,74.34
23144,1,5,223.51
23142,1,5,68.16
23132,1,5,277.50
23130,1,5,38.40
23118,1,5,8.25
23117,1,5,30.60
23113,1,5,106.00
23110,1,5,167.60
23098,1,5,9.80
23096,1,5,41.40
23085,1,5,335.62
23084,1,5,1003.95
23068,1,5,1013.21
23067,1,5,312.00
23064,1,5,1623.00
23062,1,5,304.00
23061,1,5,921.12
23060,1,5,21.88
23059,1,5,45.60
23057,1,5,204.48
23056,1,5,193.00
23049,1,5,227.60
23048,1,5,454.00
23046,1,5,24.48
23044,1,5,54.18
23042,1,5,180.25
23040,1,5,34.90
23039,1,5,312.90
23037,1,5,522.24
23034,1,5,295.50
23031,1,5,139.00
23030,1,5,296.82
23029,1,5,359.36
23028,1,5,1003.20
23027,1,5,1623.00
23026,1,5,297.50
23025,1,5,465.00
23024,1,5,501.00
23023,1,5,606.00
23021,1,5,182.40
23020,1,5,556.32
23019,1,5,25.18
23018,1,5,56.20
23016,1,5,17.04
23015,1,5,115.80
23013,1,5,727.90
23012,1,5,96.00
23009,1,5,102.30
23008,1,5,2058.20
23005,1,5,328.00
22982,1,5,104.70
22981,1,5,132.00
22980,1,5,360.50
22979,1,5,367.20
22978,1,5,33.52
22973,1,5,85.20
22972,1,5,8.45
22971,1,5,989.40
22965,1,5,53.10
22964,1,5,99.12
22963,1,5,288.40
22949,1,5,17.04
22948,1,5,152.10
22944,1,5,778.05
22942,1,5,20.46
22936,1,5,476.00
22935,1,5,408.09
22933,1,5,122.40
22932,1,5,66.00
22931,1,5,367.71
22930,1,5,167.20
22929,1,5,160.80
22928,1,5,1157.60
22927,1,5,1126.80
22921,1,5,473.28
22919,1,5,756.00
22918,1,5,266.00
22916,1,5,386.00
22914,1,5,97.00
22913,1,5,66.00
22912,1,5,391.17
22911,1,5,1742.00
22908,1,5,1235.00
22907,1,5,1148.00
22906,1,5,1862.00
22905,1,5,3622.23
22902,1,5,5.98
22896,1,5,48.96
22895,1,5,289.50
22894,1,5,1296.00
22878,1,5,290.10
22875,1,5,114.24
22871,1,5,67.04
22865,1,5,4050.00
22864,1,5,3625.00
22863,1,5,5488.00
22862,1,5,6300.00
22849,1,5,501.00
22848,1,5,606.00
22847,1,5,352.52
22846,1,5,781.18
22844,1,5,233.22
22843,1,5,47.13
22842,1,5,1065.00
22838,1,5,764.00
22837,1,5,8760.00
22836,1,5,4120.00
22835,1,5,1496.00
22830,1,5,1082.00
22826,1,5,182.40
22825,1,5,556.32
22824,1,5,3.46
22823,1,5,125.45
22822,1,5,1316.25
22821,1,5,35.75
22819,1,5,562.60
22818,1,5,3866.72
22817,1,5,111.50
22815,1,5,371.70
22814,1,5,1081.50
22813,1,5,10.35
22807,1,5,2690.71
22806,1,5,832.00
22780,1,5,2709.00
22778,1,5,15.12
22777,1,5,28.80
22776,1,5,14.61
22775,1,5,28.55
22771,1,5,321.78
22769,1,5,25.10
22768,1,5,132.00
22767,1,5,785.50
22766,1,5,137.90
22765,1,5,82.00
22764,1,5,962.55
22736,1,5,210.20
22735,1,5,39.60
22733,1,5,74.34
22732,1,5,223.51
22726,1,5,3855.00
22714,1,5,579.36
22713,1,5,194.00
22712,1,5,50.28
22709,1,5,94.30
22704,1,5,158.64
22702,1,5,132.00
22700,1,5,489.60
22699,1,5,50.20
22696,1,5,582.00
22694,1,5,82.00
22692,1,5,212.00
22690,1,5,1345.14
22689,1,5,82.00
22687,1,5,72.10
22686,1,5,1082.00
22682,1,5,8.16
22681,1,5,269.89
22679,1,5,74.34
22678,1,5,223.51
22677,1,5,33.80
22676,1,5,19.40
22675,1,5,39.60
22674,1,5,222.60
22657,1,5,5600.00
22656,1,5,5040.00
22655,1,5,3252.00
22654,1,5,3252.00
22653,1,5,2175.00
22649,1,5,455.20
22648,1,5,908.00
22646,1,5,81.60
22645,1,5,1260.00
22644,1,5,2709.00
22641,1,5,3.60
22639,1,5,125.10
22632,1,5,15.44
22629,1,5,102.30
22626,1,5,502.00
22625,1,5,54.90
22624,1,5,112.70
22623,1,5,957.00
22622,1,5,360.00
22621,1,5,2163.00
22620,1,5,262.80
22619,1,5,1629.46
22618,1,5,721.00
22617,1,5,653.20
22616,1,5,1483.38
22605,1,5,465.00
22604,1,5,501.00
22603,1,5,606.00
22602,1,5,158.67
22600,1,5,104.70
22598,1,5,97.00
22593,1,5,1122.92
22592,1,5,123.90
22591,1,5,360.50
22586,1,5,287.18
22580,1,5,45.87
22579,1,5,859.05
22563,1,5,14000.00
22562,1,5,12600.00
22555,1,5,32.82
22554,1,5,68.40
22549,1,5,17.73
22546,1,5,132.20
22545,1,5,58.80
22544,1,5,19.40
22543,1,5,264.00
22541,1,5,1305.01
22540,1,5,144.20
22539,1,5,227.20
22536,1,5,268.50
22535,1,5,569.52
22534,1,5,208.50
22533,1,5,436.50
22496,1,5,2055.80
22495,1,5,182.40
22494,1,5,556.32
22492,1,5,115.80
22489,1,5,344.75
22488,1,5,1088.64
22474,1,5,1877.85
22473,1,5,286.00
22472,1,5,1.69
22471,1,5,838.08
22470,1,5,56.80
22469,1,5,5514.08
22468,1,5,892.00
22466,1,5,963.04
22465,1,5,344.75
22464,1,5,1088.64
22462,1,5,866.00
22458,1,5,183.00
22457,1,5,1126.00
22434,1,5,872.64
22433,1,5,284.00
22431,1,5,485.00
22428,1,5,619.50
22427,1,5,1809.71
22422,1,5,7.92
22421,1,5,335.42
22420,1,5,226.20
22402,1,5,5.98
22400,1,5,775.20
22397,1,5,50.28
22396,1,5,24.78
22395,1,5,79.31
22383,1,5,1411.98
22381,1,5,637.28
22380,1,5,1271.20
22379,1,5,54.30
22378,1,5,180.11
22373,1,5,577.20
22368,1,5,105.76
22365,1,5,292.50
22364,1,5,1859.00
22363,1,5,504.40
22362,1,5,33.52
22361,1,5,72.10
22360,1,5,595.00
22356,1,5,1515.00
22355,1,5,9198.07
22353,1,5,188.85
22352,1,5,427.12
22351,1,5,126.75
22350,1,5,66.00
22349,1,5,92.35
22348,1,5,240.00
22346,1,5,40.92
22345,1,5,378.00
22344,1,5,798.00
22342,1,5,193.00
22339,1,5,8.45
22338,1,5,97.00
22337,1,5,1742.00
22335,1,5,3705.00
22334,1,5,1148.00
22333,1,5,931.00
22332,1,5,2169.00
22331,1,5,1715.70
22328,1,5,53.10
22327,1,5,345.50
22326,1,5,17.73
22324,1,5,6016.57
22323,1,5,1632.00
22322,1,5,368.60
22321,1,5,38.40
22318,1,5,2439.00
22280,1,5,2175.00
22277,1,5,386.00
22276,1,5,54.30
22272,1,5,36.60
22271,1,5,23.28
22270,1,5,52.80
22269,1,5,1728.00
22268,1,5,175.20
22267,1,5,295.61
22266,1,5,324.60
22265,1,5,180.11
22264,1,5,289.80
22263,1,5,226.20
22260,1,5,344.75
22259,1,5,1088.64
22257,1,5,209.00
22256,1,5,268.00
22255,1,5,193.40
22254,1,5,1447.00
22253,1,5,563.40
22252,1,5,595.00
22248,1,5,102.30
22247,1,5,16.76
22243,1,5,7250.00
22242,1,5,2800.00
22241,1,5,6300.00
22240,1,5,4120.00
22239,1,5,2439.00
22238,1,5,1806.00
22237,1,5,1496.00
22236,1,5,465.00
22235,1,5,501.00
22234,1,5,606.00
22233,1,5,5.98
22229,1,5,117.32
22223,1,5,193.00
22187,1,5,167.60
22185,1,5,41.00
22184,1,5,152.00
22183,1,5,465.12
22182,1,5,6853.68
22181,1,5,960.00
22177,1,5,7640.00
22170,1,5,108.60
22167,1,5,31.04
22166,1,5,26.40
22164,1,5,354.41
22158,1,5,41.70
22154,1,5,67.04
22153,1,5,224.60
22152,1,5,627.00
22150,1,5,561.60
22149,1,5,107.25
22148,1,5,141.62
22147,1,5,1653.08
22146,1,5,334.50
22144,1,5,20.46
22142,1,5,117.32
22141,1,5,37.17
22140,1,5,108.15
22139,1,5,126000.00
22118,1,5,75.03
22117,1,5,93.10
22116,1,5,653.40
22115,1,5,360.00
22114,1,5,383.50
22113,1,5,306.60
22111,1,5,2271.15
22110,1,5,576.80
22109,1,5,454.40
22105,1,5,465.00
22075,1,5,11.64
22074,1,5,233.74
22073,1,5,322.20
22072,1,5,682.52
22070,1,5,202.95
22069,1,5,2055.80
22068,1,5,939.00
22049,1,5,7032.96
22047,1,5,2308.92
22046,1,5,384.12
22042,1,5,1626.00
22041,1,5,4380.00
22040,1,5,3948.00
22033,1,5,136.56
22032,1,5,272.40
22031,1,5,13.79
22026,1,5,325.24
22025,1,5,972.90
22016,1,5,6300.00
22008,1,5,327.34
22007,1,5,640.68
22005,1,5,275.47
22001,1,5,436.05
21995,1,5,2060.00
21994,1,5,1626.00
21993,1,5,903.00
21992,1,5,1806.00
21991,1,5,2284.53
21990,1,5,2175.00
21989,1,5,1382.00
21988,1,5,250.50
21987,1,5,263.00
21986,1,5,606.00
21984,1,5,17.45
21975,1,5,144.20
21974,1,5,121.60
21973,1,5,373.92
21971,1,5,174.50
21969,1,5,9.60
21968,1,5,77.20
21966,1,5,145.20
21965,1,5,621.00
21964,1,5,112.40
21963,1,5,33.52
21962,1,5,381.82
21961,1,5,272.58
21960,1,5,800.31
21959,1,5,1078.44
21946,1,5,398.30
21945,1,5,803.58
21944,1,5,41.25
21943,1,5,153.00
21940,1,5,486.54
21934,1,5,1920.00
21933,1,5,67.00
21931,1,5,5.98
21927,1,5,38.87
21926,1,5,18.30
21925,1,5,53.90
21924,1,5,1603.80
21923,1,5,360.00
21922,1,5,201.48
21921,1,5,3179.61
21920,1,5,864.00
21918,1,5,360.50
21916,1,5,3244.50
21915,1,5,43.80
21913,1,5,648.90
21912,1,5,108.15
21911,1,5,170.40
21900,1,5,170.28
21897,1,5,13.56
21885,1,5,1365.00
21884,1,5,357.50
21883,1,5,368.60
21882,1,5,4004.00
21881,1,5,1119.46
21880,1,5,289.50
21878,1,5,1296.00
21843,1,5,1360.00
21842,1,5,307.44
21841,1,5,2808.96
21839,1,5,981.12
21838,1,5,779.52
21837,1,5,779.52
21836,1,5,3507.84
21835,1,5,6243.12
21834,1,5,3118.08
21833,1,5,970.00
21832,1,5,1239.00
21831,1,5,3612.21
21821,1,5,335.62
21820,1,5,54.30
21818,1,5,140.70
21817,1,5,9.80
21816,1,5,23.28
21815,1,5,387.30
21814,1,5,174.30
21813,1,5,233.74
21808,1,5,1003.95
21793,1,5,195.00
21786,1,5,785.50
21785,1,5,621.00
21784,1,5,137.90
21783,1,5,112.40
21780,1,5,49.56
21779,1,5,144.20
21778,1,5,134.00
21777,1,5,6281.28
21776,1,5,45.52
21775,1,5,90.80
21772,1,5,2059.00
21755,1,5,3654.00
21754,1,5,4120.00
21753,1,5,840.00
21736,1,5,1036.50
21735,1,5,1157.60
21734,1,5,1502.40
21733,1,5,555.00
21731,1,5,289.50
21729,1,5,67.04
21708,1,5,104.70
21707,1,5,9.80
21706,1,5,198.00
21705,1,5,727.20
21704,1,5,383.50
21701,1,5,149.72
21699,1,5,33.52
21694,1,5,866.00
21692,1,5,24.78
21691,1,5,39.60
21690,1,5,74.34
21689,1,5,216.30
21688,1,5,8.45
21686,1,5,8.34
21685,1,5,41.70
21683,1,5,44.25
21682,1,5,455.20
21679,1,5,908.00
21678,1,5,43.76
21677,1,5,91.20
21676,1,5,344.75
21675,1,5,1097.28
21674,1,5,544.00
21672,1,5,1031.40
21671,1,5,3037.50
21670,1,5,7000.00
21669,1,5,6300.00
21668,1,5,1626.00
21667,1,5,1806.00
21666,1,5,1626.00
21665,1,5,1496.00
21664,1,5,3625.00
21663,1,5,544.00
21641,1,5,121.60
21640,1,5,373.92
21639,1,5,77.20
21631,1,5,37.53
21620,1,5,118.30
21613,1,5,256.50
21610,1,5,920.70
21603,1,5,527.04
21600,1,5,139.60
21599,1,5,170.40
21589,1,5,378.00
21588,1,5,532.00
21587,1,5,772.00
21585,1,5,495.00
21584,1,5,16.90
21582,1,5,36.60
21581,1,5,202.86
21580,1,5,867.24
21579,1,5,87.60
21578,1,5,1225.70
21577,1,5,252.00
21576,1,5,175.20
21575,1,5,1953.91
21574,1,5,1312.22
21573,1,5,1113.28
21570,1,5,2470.00
21569,1,5,3724.00
21568,1,5,2899.23
21564,1,5,66.00
21563,1,5,36.00
21562,1,5,383.50
21561,1,5,68.95
21560,1,5,60.48
21559,1,5,32.22
21558,1,5,67.80
21557,1,5,27.80
21556,1,5,58.20
21545,1,5,268.50
21544,1,5,565.00
21543,1,5,347.50
21542,1,5,733.32
21535,1,5,4650.00
21534,1,5,6400.00
21532,1,5,227.60
21531,1,5,454.00
21530,1,5,286.00
21529,1,5,77.60
21528,1,5,1414.00
21524,1,5,3855.00
21500,1,5,1125.00
21499,1,5,2800.00
21498,1,5,2520.00
21497,1,5,1806.00
21496,1,5,1626.00
21495,1,5,1626.00
21494,1,5,748.00
21493,1,5,1450.00
21492,1,5,675.69
21491,1,5,204.00
21490,1,5,224.90
21489,1,5,2730.00
21488,1,5,250.25
21487,1,5,611.10
21486,1,5,8013.72
21485,1,5,780.50
21484,1,5,672.75
21478,1,5,88.50
21476,1,5,212.10
21475,1,5,8.64
21453,1,5,1298.40
21452,1,5,751.50
21449,1,5,40.92
21447,1,5,9905.07
21446,1,5,967.58
21445,1,5,125.90
21444,1,5,251.43
21442,1,5,208.00
21441,1,5,2002.00
21440,1,5,84.50
21439,1,5,543.20
21435,1,5,100.56
21434,1,5,19.40
21433,1,5,132.00
21432,1,5,360.50
21431,1,5,367.20
21424,1,5,5.98
21423,1,5,82.50
21422,1,5,306.00
21420,1,5,1070.60
21393,1,5,232.20
21391,1,5,16.90
21389,1,5,109.80
21388,1,5,25.48
21387,1,5,1247.40
21386,1,5,87.60
21385,1,5,2523.50
21384,1,5,720.00
21382,1,5,438.00
21380,1,5,3576.16
21378,1,5,289.59
21375,1,5,79.23
21365,1,5,54.30
21363,1,5,140.70
21361,1,5,89.67
21360,1,5,122.50
21359,1,5,11.64
21358,1,5,1498.20
21357,1,5,216.30
21356,1,5,72.00
21354,1,5,360.50
21353,1,5,3251.71
21352,1,5,350.40
21350,1,5,3244.50
21349,1,5,1045.45
21348,1,5,568.00
21346,1,5,387.30
21345,1,5,335.42
21344,1,5,174.30
21343,1,5,4380.00
21342,1,5,1806.00
21341,1,5,1806.00
21340,1,5,1496.00
21339,1,5,1450.00
21337,1,5,990.82
21335,1,5,460.00
21331,1,5,67.60
21327,1,5,344.75
21326,1,5,1088.64
21325,1,5,139.00
21324,1,5,296.82
21273,1,5,167.20
21272,1,5,134.00
21270,1,5,1157.60
21269,1,5,939.00
21268,1,5,892.50
21264,1,5,184.80
21263,1,5,367.20
21260,1,5,524.60
21259,1,5,223.02
21258,1,5,656.11
21257,1,5,2876.25
21256,1,5,107.25
21254,1,5,601.40
21253,1,5,8442.72
21252,1,5,334.50
21246,1,5,9.80
21222,1,5,1082.00
21219,1,5,5.98
21218,1,5,60.80
21217,1,5,191.52
21215,1,5,43.76
21214,1,5,91.20
21213,1,5,38.60
21212,1,5,54.30
21211,1,5,174.30
21208,1,5,344.75
21207,1,5,1080.00
21183,1,5,844.50
21182,1,5,157.80
21180,1,5,227.60
21179,1,5,454.00
21161,1,5,785.50
21155,1,5,67.04
21154,1,5,96.00
21153,1,5,785.50
21143,1,5,238.00
21141,1,5,785.50
21140,1,5,137.90
21138,1,5,24.12
21137,1,5,581.10
21135,1,5,66.00
21134,1,5,367.71
21133,1,5,2749.68
21132,1,5,57800.00
21131,1,5,7000.00
21130,1,5,6300.00
21127,1,5,3855.00
21122,1,5,16.90
21121,1,5,9.80
21116,1,5,161.54
21113,1,5,97.35
21110,1,5,460.00
21109,1,5,223.50
21094,1,5,67.60
21093,1,5,9.80
21089,1,5,20.46
21054,1,5,144.20
21038,1,5,52.80
21036,1,5,306.90
21034,1,5,41.70
21033,1,5,99.12
21030,1,5,295.61
21028,1,5,1829.10
21027,1,5,67.60
21026,1,5,364.72
21021,1,5,5371.08
21015,1,5,885.00
21014,1,5,7077.07
21012,1,5,11.38
21011,1,5,18.16
21008,1,5,1920.00
21007,1,5,297.56
21006,1,5,384.00
21005,1,5,74.34
21004,1,5,890.10
20994,1,5,45000.00
20968,1,5,780.00
20967,1,5,24.31
20966,1,5,1792.56
20965,1,5,2293.72
20964,1,5,75.82
20959,1,5,643.20
20957,1,5,2081.52
20956,1,5,6063.61
20955,1,5,304.00
20954,1,5,930.24
20953,1,5,341.40
20952,1,5,681.00
20950,1,5,244.30
20948,1,5,193.00
20946,1,5,40.20
20943,1,5,167.60
20927,1,5,133.76
20926,1,5,268.00
20925,1,5,926.08
20924,1,5,1878.00
20923,1,5,606.00
20922,1,5,527.04
20920,1,5,170.40
20918,1,5,670.68
20917,1,5,123.64
20916,1,5,224.60
20915,1,5,627.00
20893,1,5,691.00
20892,1,5,930.00
20891,1,5,2019.71
20889,1,5,43.76
20888,1,5,91.20
20886,1,5,69.80
20885,1,5,1327.59
20884,1,5,624.00
20883,1,5,121.10
20882,1,5,194.00
20879,1,5,301.68
20876,1,5,362.25
20874,1,5,123.00
20857,1,5,7000.00
20856,1,5,6300.00
20855,1,5,1626.00
20854,1,5,764.00
20839,1,5,2260.00
20838,1,5,2175.00
20837,1,5,1528.00
20835,1,5,214.80
20834,1,5,456.52
20833,1,5,208.50
20832,1,5,436.50
20809,1,5,71.50
20808,1,5,136.80
20807,1,5,61.95
20806,1,5,180.25
20805,1,5,45.60
20804,1,5,2559.55
20803,1,5,43.76
20802,1,5,91.20
20801,1,5,1568.00
20800,1,5,688.70
20799,1,5,132.00
20798,1,5,206.85
20796,1,5,4005.00
20794,1,5,224.60
20793,1,5,247.80
20792,1,5,728.21
20791,1,5,456.00
20790,1,5,627.00
20789,1,5,152.00
20787,1,5,3787.00
20780,1,5,9.80
20779,1,5,383.50
20770,1,5,4960.00
20763,1,5,606.00
20762,1,5,5.98
20760,1,5,140.70
20759,1,5,69.84
20758,1,5,400.21
20755,1,5,45.87
20740,1,5,292.50
20739,1,5,1407.00
20725,1,5,3612.00
20724,1,5,3252.00
20718,1,5,4500.00
20717,1,5,1528.00
20716,1,5,680.00
20715,1,5,420.80
20710,1,5,148.78
20708,1,5,128.58
20707,1,5,311.25
20705,1,5,643.20
20702,1,5,134.08
20701,1,5,91.20
20699,1,5,445.05
20697,1,5,43.76
20696,1,5,91.20
20695,1,5,42.25
20694,1,5,118.95
20693,1,5,65.66
20692,1,5,699.60
20691,1,5,87.60
20689,1,5,1449.21
20686,1,5,131.40
20685,1,5,1946.70
20684,1,5,432.60
20683,1,5,340.80
20681,1,5,97.35
20680,1,5,263.00
20677,1,5,17.16
20676,1,5,785.50
20675,1,5,621.00
20672,1,5,137.90
20671,1,5,112.40
20670,1,5,191.09
20617,1,5,766.00
20603,1,5,193.40
20601,1,5,7077.07
20600,1,5,152.00
20599,1,5,465.12
20598,1,5,192.00
20597,1,5,1920.00
20596,1,5,96.50
20594,1,5,33.80
20593,1,5,11.64
20592,1,5,233.74
20590,1,5,185.85
20588,1,5,39.20
20587,1,5,54.30
20586,1,5,31.04
20585,1,5,132.00
20584,1,5,785.50
20583,1,5,1242.00
20582,1,5,137.90
20581,1,5,224.80
20580,1,5,367.71
20578,1,5,174.30
20538,1,5,3855.00
20517,1,5,476.00
20516,1,5,930.00
20514,1,5,38.35
20513,1,5,163.67
20512,1,5,359.68
20510,1,5,174.50
20509,1,5,106.47
20508,1,5,38.35
20493,1,5,2434.50
20490,1,5,5.98
20489,1,5,227.60
20488,1,5,454.00
20486,1,5,214.50
20484,1,5,11.64
20482,1,5,1060.50
20481,1,5,299.46
20467,1,5,7000.00
20466,1,5,6300.00
20465,1,5,8760.00
20464,1,5,8240.00
20463,1,5,3612.00
20462,1,5,3252.00
20461,1,5,2992.00
20460,1,5,2900.00
20450,1,5,209.40
20445,1,5,67.04
20434,1,5,144.20
20431,1,5,229.90
20430,1,5,80.40
20428,1,5,1591.70
20427,1,5,563.40
20426,1,5,595.00
20425,1,5,43.76
20424,1,5,91.20
20423,1,5,211.52
20421,1,5,54.35
20419,1,5,864.00
20418,1,5,675.69
20417,1,5,22.35
20416,1,5,66.10
20415,1,5,284.00
20414,1,5,204.00
20413,1,5,269.88
20412,1,5,139.00
20411,1,5,296.82
20410,1,5,807.30
20404,1,5,544.00
20396,1,5,188.85
20395,1,5,427.12
20394,1,5,1780.35
20393,1,5,1055.34
20392,1,5,126.75
20391,1,5,620.80
20390,1,5,240.00
20389,1,5,353.50
20388,1,5,5228.08
20387,1,5,838.48
20386,1,5,371.25
20385,1,5,1142.82
20383,1,5,460.00
20382,1,5,555.00
20381,1,5,328.00
20380,1,5,3542.07
20378,1,5,5.98
20376,1,5,786.50
20375,1,5,194.00
20373,1,5,241.20
20357,1,5,38.87
20356,1,5,142.74
20355,1,5,104.86
20354,1,5,1203.84
20353,1,5,175.20
20351,1,5,1845.76
20350,1,5,360.00
20348,1,5,360.50
20347,1,5,595.68
20345,1,5,3251.71
20344,1,5,764.26
20343,1,5,454.40
20341,1,5,208.50
20340,1,5,424.86
20325,1,5,289.50
20324,1,5,66.00
20323,1,5,1296.00
20322,1,5,391.17
20300,1,5,171.60
20299,1,5,367.20
20298,1,5,38.35
20295,1,5,185.85
20294,1,5,584.01
20293,1,5,456.00
20292,1,5,152.00
20278,1,5,8480.00
20277,1,5,2412.00
20276,1,5,4858.50
20274,1,5,56.43
20273,1,5,112.56
20272,1,5,833.40
20271,1,5,332.81
20270,1,5,431.94
20269,1,5,697.50
20268,1,5,263.00
20265,1,5,3.94
20256,1,5,41.00
20247,1,5,1.69
20246,1,5,85.26
20245,1,5,139.68
20243,1,5,144.20
20242,1,5,397.60
20240,1,5,70.80
20239,1,5,12.39
20218,1,5,3855.00
20209,1,5,67.04
20207,1,5,108.35
20171,1,5,7784.07
20169,1,5,2112.00
20168,1,5,52.80
20166,1,5,482.40
20165,1,5,99.12
20164,1,5,295.61
20163,1,5,181.24
20161,1,5,2434.50
20160,1,5,2.86
20158,1,5,273.12
20157,1,5,544.80
20156,1,5,21.88
20155,1,5,45.60
20153,1,5,33.80
20150,1,5,3.94
20149,1,5,32.22
20148,1,5,81.36
20136,1,5,174.50
20135,1,5,67.60
20134,1,5,3.94
20132,1,5,344.75
20131,1,5,1088.64
20129,1,5,362.85
20128,1,5,50.28
20127,1,5,49.56
20126,1,5,144.20
20119,1,5,773.00
20118,1,5,433.84
20117,1,5,12236.00
20116,1,5,10584.00
20115,1,5,1686.30
20114,1,5,3640.00
20113,1,5,3640.00
20111,1,5,1764.00
20110,1,5,2016.00
20109,1,5,4883.70
20108,1,5,6180.00
20107,1,5,2709.00
20106,1,5,2439.00
20105,1,5,2709.00
20104,1,5,2439.00
20103,1,5,1870.00
20102,1,5,2175.00
20096,1,5,2412.00
20095,1,5,2319.00
20094,1,5,2244.00
20093,1,5,420.00
20092,1,5,909.00
20090,1,5,10.74
20089,1,5,22.60
20088,1,5,247.06
20087,1,5,714.78
20076,1,5,595.00
20073,1,5,38.35
20068,1,5,123.90
20067,1,5,367.71
20066,1,5,1893.50
20052,1,5,552.80
20042,1,5,121.60
20041,1,5,373.92
20039,1,5,43.76
20038,1,5,91.20
20037,1,5,77.20
20036,1,5,50.70
20034,1,5,204.96
20033,1,5,3252.48
20029,1,5,981.12
20028,1,5,779.52
20027,1,5,1559.04
20026,1,5,2338.56
20025,1,5,7802.16
20024,1,5,1559.04
20022,1,5,45.87
20008,1,5,155.70
20007,1,5,621.00
20006,1,5,765.90
20005,1,5,866.00
19999,1,5,264400.00
19998,1,5,576000.00
19997,1,5,408.09
19995,1,5,122.40
19994,1,5,66.00
19993,1,5,367.20
19962,1,5,114.95
19961,1,5,134.00
19959,1,5,1012.90
19958,1,5,939.00
19957,1,5,309.40
19955,1,5,785.50
19954,1,5,137.90
19953,1,5,112.40
19947,1,5,1298.40
19946,1,5,675.69
19945,1,5,204.00
19944,1,5,16.90
19943,1,5,52.80
19942,1,5,6.15
19940,1,5,88.50
19939,1,5,99.12
19938,1,5,295.61
19934,1,5,22020.00
19933,1,5,49800.00
19932,1,5,59000.00
19922,1,5,13.56
19918,1,5,368.72
19916,1,5,6056.64
19914,1,5,553.96
19913,1,5,1242.02
19911,1,5,1988.00
19910,1,5,1571.00
19909,1,5,107.40
19908,1,5,226.00
19894,1,5,43.76
19893,1,5,91.20
19892,1,5,275.80
19891,1,5,296.31
19890,1,5,377.00
19887,1,5,3.94
19882,1,5,1806.00
19881,1,5,1626.00
19878,1,5,1806.00
19877,1,5,1626.00
19876,1,5,7000.00
19875,1,5,6300.00
19867,1,5,885.00
19865,1,5,7077.07
19863,1,5,96.00
19862,1,5,1920.00
19861,1,5,1560.00
19860,1,5,304.59
19859,1,5,393.82
19858,1,5,4581.72
19857,1,5,1056.48
19842,1,5,386.00
19841,1,5,249.60
19840,1,5,66.00
19839,1,5,1728.00
19838,1,5,391.17
19837,1,5,24.78
19836,1,5,144.50
19829,1,5,3750.00
19828,1,5,5200.00
19827,1,5,67.60
19825,1,5,362.85
19824,1,5,691.00
19823,1,5,14000.00
19822,1,5,12600.00
19811,1,5,241.75
19807,1,5,1493.80
19806,1,5,132.00
19805,1,5,11.44
19804,1,5,50.28
19803,1,5,2155.86
19802,1,5,6287.12
19801,1,5,2730.00
19799,1,5,2730.00
19798,1,5,2400.00
19766,1,5,375.60
19765,1,5,555.00
19764,1,5,981.12
19762,1,5,779.52
19761,1,5,779.52
19760,1,5,3118.08
19759,1,5,7022.64
19758,1,5,2338.56
19757,1,5,3.94
19754,1,5,5.98
19752,1,5,17.45
19750,1,5,16.90
19749,1,5,226.55
19746,1,5,97.35
19745,1,5,3855.00
19741,1,5,1298.40
19740,1,5,837.00
19739,1,5,501.00
19734,1,5,84.50
19733,1,5,197.64
19732,1,5,1620.96
19729,1,5,13.79
19727,1,5,482.40
19724,1,5,182.40
19723,1,5,556.32
19722,1,5,4.47
19721,1,5,115.80
19720,1,5,90.50
19718,1,5,296.31
19717,1,5,377.00
19715,1,5,849.30
19713,1,5,16.90
19712,1,5,41.25
19711,1,5,153.00
19710,1,5,66.00
19709,1,5,367.71
19706,1,5,540.60
19705,1,5,344.75
19704,1,5,1088.64
19702,1,5,97.35
19701,1,5,82.62
19700,1,5,96.30
19672,1,5,703.30
19670,1,5,5.98
19669,1,5,1736.64
19667,1,5,568.00
19666,1,5,16.90
19664,1,5,97.35
19663,1,5,55.20
19657,1,5,238.00
19655,1,5,182.08
19654,1,5,363.20
19653,1,5,864.00
19652,1,5,214.80
19650,1,5,1534.50
19649,1,5,456.52
19648,1,5,208.50
19647,1,5,436.50
19617,1,5,104.70
19612,1,5,193.00
19603,1,5,45.87
19602,1,5,269.52
19601,1,5,727.32
19600,1,5,165.62
19599,1,5,264.60
19598,1,5,15.21
19597,1,5,109.80
19596,1,5,83.30
19595,1,5,1122.00
19594,1,5,43.80
19592,1,5,1658.30
19591,1,5,432.00
19590,1,5,350.40
19588,1,5,3900.61
19587,1,5,144.20
19586,1,5,397.60
19584,1,5,1998.75
19583,1,5,21.45
19582,1,5,1.96
19581,1,5,426.80
19579,1,5,5868.72
19578,1,5,334.50
19574,1,5,909.00
19573,1,5,43.76
19572,1,5,91.20
19570,1,5,209.40
19569,1,5,66.00
19568,1,5,367.71
19566,1,5,357.00
19564,1,5,160.80
19563,1,5,1126.80
19562,1,5,71.50
19561,1,5,360.57
19560,1,5,229.90
19559,1,5,1591.70
19557,1,5,460.00
19470,1,5,697.50
19464,1,5,40.20
19463,1,5,1736.64
19462,1,5,182.40
19461,1,5,556.32
19460,1,5,178.80
19459,1,5,568.00
19458,1,5,115.80
19457,1,5,16.90
19456,1,5,9.80
19453,1,5,88.50
19442,1,5,307.44
19441,1,5,2808.96
19440,1,5,981.12
19438,1,5,779.52
19437,1,5,779.52
19436,1,5,3118.08
19435,1,5,7022.64
19434,1,5,2338.56
19431,1,5,59.10
19429,1,5,90.50
19427,1,5,19.40
19426,1,5,66.00
19425,1,5,367.20
19424,1,5,290.50
19423,1,5,384.54
19421,1,5,984.00
19420,1,5,9905.07
19419,1,5,2216.50
19418,1,5,543.20
19417,1,5,73.88
19416,1,5,192.00
19409,1,5,10950.00
19408,1,5,10300.00
19407,1,5,3740.00
19406,1,5,9030.00
19405,1,5,4878.00
19404,1,5,11739.00
19402,1,5,7723.50
19401,1,5,725.00
19397,1,5,2313.00
19395,1,5,3585.30
19393,1,5,204.60
19348,1,5,153.16
19347,1,5,319.20
19344,1,5,511.50
19342,1,5,167.60
19339,1,5,65.64
19338,1,5,136.80
19337,1,5,11.82
19336,1,5,136.80
19335,1,5,45.60
19322,1,5,88.20
19320,1,5,316.80
19318,1,5,360.50
19317,1,5,432.60
19316,1,5,403.28
19315,1,5,322.14
19314,1,5,944.51
19290,1,5,108.15
19288,1,5,776.25
19285,1,5,259.50
19277,1,5,160.80
19266,1,5,136.56
19265,1,5,272.40
19264,1,5,65.64
19263,1,5,136.80
19262,1,5,50.70
19260,1,5,627.50
19259,1,5,66.00
19258,1,5,367.20
19256,1,5,397.94
19254,1,5,1852.38
19251,1,5,97.35
19250,1,5,214.80
19249,1,5,456.52
19247,1,5,134.08
19220,1,5,930.00
19216,1,5,29.10
19207,1,5,1546.00
19206,1,5,1496.00
19192,1,5,541.80
19190,1,5,536.40
19188,1,5,582.00
19187,1,5,110.32
19183,1,5,45.87
19181,1,5,4020.00
19178,1,5,54.30
19177,1,5,180.11
19176,1,5,30.69
19160,1,5,11850.00
19147,1,5,167.20
19146,1,5,80.40
19145,1,5,172.75
19144,1,5,1298.40
19143,1,5,1157.60
19142,1,5,563.40
19141,1,5,909.00
19137,1,5,113.80
19136,1,5,227.00
19135,1,5,9.60
19134,1,5,78.40
19133,1,5,192.00
19131,1,5,100.56
19114,1,5,324.60
19111,1,5,41.31
19110,1,5,108.15
19108,1,5,2709.00
19107,1,5,2439.00
19106,1,5,2439.00
19105,1,5,2800.00
19104,1,5,2520.00
19099,1,5,72.10
19098,1,5,287.18
19097,1,5,33.80
19095,1,5,92.40
19094,1,5,344.75
19093,1,5,1088.64
19091,1,5,177.00
19090,1,5,173.46
19089,1,5,511.91
19088,1,5,859.05
19086,1,5,41.00
19085,1,5,172.75
19084,1,5,1298.40
19083,1,5,555.00
19081,1,5,139.60
19079,1,5,169.00
19076,1,5,785.50
19075,1,5,137.90
19073,1,5,863.55
19069,1,5,67.04
19058,1,5,442.50
19056,1,5,7077.07
19053,1,5,96.00
19051,1,5,1920.00
19050,1,5,16.90
19044,1,5,97.35
19031,1,5,2417.40
19030,1,5,594.96
19014,1,5,440.64
19013,1,5,608.79
19011,1,5,142.00
19010,1,5,183.60
19008,1,5,66.00
19007,1,5,367.20
19005,1,5,4200.00
19004,1,5,3780.00
19003,1,5,4380.00
19002,1,5,4120.00
19001,1,5,1806.00
19000,1,5,1626.00
18999,1,5,1806.00
18998,1,5,1626.00
18997,1,5,1496.00
18996,1,5,1450.00
18993,1,5,3625.00
18959,1,5,230.00
18957,1,5,11.64
18954,1,5,67.04
18936,1,5,898.22
18934,1,5,460.00
18933,1,5,92.54
18932,1,5,207.36
18931,1,5,2313.00
18930,1,5,1218.24
18928,1,5,397.60
18926,1,5,9.80
18925,1,5,46.20
18922,1,5,224.60
18921,1,5,86.73
18920,1,5,259.56
18919,1,5,627.00
18918,1,5,866.00
18909,1,5,13.96
18905,1,5,465.00
18892,1,5,766.00
18891,1,5,32.11
18890,1,5,91.50
18889,1,5,102.90
18888,1,5,1907.40
18887,1,5,113.88
18885,1,5,1946.70
18884,1,5,432.00
18883,1,5,3244.50
18882,1,5,306.60
18880,1,5,3900.61
18879,1,5,540.75
18878,1,5,511.20
18875,1,5,324.60
18874,1,5,465.00
18872,1,5,227.60
18871,1,5,454.00
18869,1,5,157.05
18866,1,5,321.60
18864,1,5,100.56
18858,1,5,372.00
18849,1,5,3252.00
18848,1,5,9800.00
18847,1,5,8820.00
18836,1,5,1298.40
18831,1,5,7297.11
18830,1,5,1765.40
18828,1,5,153.45
18827,1,5,406.50
18826,1,5,126.00
18825,1,5,1108.80
18824,1,5,1056.21
18821,1,5,160.80
18820,1,5,27.80
18819,1,5,58.20
18807,1,5,920.00
18805,1,5,744.00
18802,1,5,174.50
18801,1,5,402.30
18800,1,5,784.00
18799,1,5,854.10
18798,1,5,168.78
18797,1,5,2787.65
18796,1,5,2005.00
18794,1,5,67.04
18785,1,5,402.00
18783,1,5,21.88
18782,1,5,45.60
18773,1,5,143.00
18772,1,5,707.00
18769,1,5,3.94
18760,1,5,606.00
18759,1,5,113.80
18758,1,5,227.00
18757,1,5,115.20
18756,1,5,66.00
18755,1,5,391.17
18754,1,5,344.75
18753,1,5,1088.64
18751,1,5,41.00
18748,1,5,65.64
18747,1,5,136.80
18741,1,5,167.60
18723,1,5,309.50
18722,1,5,1312.00
18721,1,5,7077.07
18720,1,5,121.60
18719,1,5,373.92
18716,1,5,77.20
18714,1,5,1716.00
18713,1,5,54.30
18711,1,5,395.76
18710,1,5,324.60
18709,1,5,180.11
18704,1,5,84.50
18699,1,5,8.04
18695,1,5,5.98
18693,1,5,64.89
18691,1,5,11.83
18690,1,5,172.80
18689,1,5,125.40
18687,1,5,278.00
18686,1,5,587.82
18683,1,5,420.00
18676,1,5,115.20
18675,1,5,182.40
18674,1,5,547.20
18660,1,5,266.00
18659,1,5,193.00
18656,1,5,1235.00
18655,1,5,931.00
18654,1,5,5061.00
18653,1,5,5135.70
18651,1,5,184.70
18650,1,5,480.00
18649,1,5,1563.84
18648,1,5,188.85
18647,1,5,427.12
18646,1,5,511.20
18645,1,5,126.75
18644,1,5,92.40
18642,1,5,344.75
18641,1,5,1088.64
18640,1,5,173.46
18639,1,5,511.91
18624,1,5,1612.00
18617,1,5,185.10
18615,1,5,7077.07
18613,1,5,96.00
18612,1,5,1920.00
18611,1,5,140.70
18610,1,5,400.21
18608,1,5,41.70
18604,1,5,160.80
18603,1,5,863.80
18600,1,5,5.07
18599,1,5,1.96
18591,1,5,402.00
18590,1,5,1542.00
18588,1,5,39.66
18587,1,5,86.40
18586,1,5,131.48
18584,1,5,134.08
18583,1,5,393.30
18582,1,5,555.00
18563,1,5,460.00
18562,1,5,740.40
18560,1,5,232.46
18556,1,5,465.00
18547,1,5,137.90
18546,1,5,873.00
18545,1,5,558.00
18544,1,5,5.81
18543,1,5,214.80
18542,1,5,456.52
18541,1,5,208.50
18540,1,5,436.50
18539,1,5,360.50
18529,1,5,264.40
18528,1,5,576.00
18526,1,5,785.50
18525,1,5,137.90
18523,1,5,80.40
18522,1,5,5040.00
18505,1,5,113.80
18504,1,5,227.00
18501,1,5,33.49
18497,1,5,511.50
18495,1,5,336.90
18494,1,5,927.96
18484,1,5,402.00
18478,1,5,3625.00
18476,1,5,1480.80
18475,1,5,7000.00
18474,1,5,6300.00
18473,1,5,2709.00
18472,1,5,3252.00
18471,1,5,2709.00
18470,1,5,3252.00
18460,1,5,5.98
18459,1,5,21.88
18458,1,5,45.60
18453,1,5,4.10
18437,1,5,182.40
18436,1,5,556.32
18435,1,5,115.80
18428,1,5,45.87
18427,1,5,544.00
18421,1,5,14700.00
18418,1,5,4413.51
18416,1,5,69.80
18415,1,5,9.60
18414,1,5,6293.00
18413,1,5,233.09
18412,1,5,1509.32
18411,1,5,249.60
18410,1,5,792.00
18409,1,5,367.20
18408,1,5,18421.35
18407,1,5,808.48
18404,1,5,134.08
18403,1,5,8.45
18402,1,5,82.35
18401,1,5,83.30
18400,1,5,653.40
18399,1,5,43.80
18398,1,5,1081.50
18397,1,5,360.00
18396,1,5,400.50
18395,1,5,350.40
18393,1,5,1629.46
18392,1,5,160.20
18391,1,5,454.40
18388,1,5,35.14
18374,1,5,816.00
18368,1,5,54.30
18366,1,5,23.28
18365,1,5,174.30
18364,1,5,299.46
18352,1,5,460.00
18351,1,5,805.07
18350,1,5,2355.85
18349,1,5,2175.00
18344,1,5,157.05
18332,1,5,132.00
18330,1,5,153.00
18327,1,5,540.60
18325,1,5,108.13
18324,1,5,43.76
18322,1,5,91.20
18320,1,5,16.90
18319,1,5,41.25
18318,1,5,1480.80
18311,1,5,67.60
18269,1,5,182.40
18268,1,5,556.32
18266,1,5,115.80
18265,1,5,59.40
18263,1,5,111.51
18262,1,5,331.66
18247,1,5,2709.00
18246,1,5,8.45
18245,1,5,18.30
18244,1,5,43.80
18243,1,5,96.36
18242,1,5,866.00
18241,1,5,111.75
18239,1,5,315.20
18237,1,5,344.75
18236,1,5,1088.64
18221,1,5,22600.00
18220,1,5,1905.00
18206,1,5,4065.00
18205,1,5,2244.00
18204,1,5,345.50
18201,1,5,5.28
18199,1,5,160.80
18191,1,5,73.00
18188,1,5,465.00
18186,1,5,113.80
18185,1,5,227.00
18184,1,5,553.96
18183,1,5,1242.02
18182,1,5,463.66
18179,1,5,13.56
18177,1,5,83.80
18176,1,5,21.30
18162,1,5,740.40
18161,1,5,43.76
18160,1,5,91.20
18158,1,5,122.15
18157,1,5,54.30
18156,1,5,55.77
18155,1,5,3.92
18154,1,5,11.64
18151,1,5,180.11
18150,1,5,179.55
18147,1,5,409.20
18146,1,5,139.00
18145,1,5,296.82
18144,1,5,16.76
18143,1,5,4065.00
18142,1,5,4515.00
18134,1,5,8820.00
18133,1,5,7980.00
18132,1,5,2170.00
18130,1,5,13300.00
18129,1,5,1395.36
18128,1,5,501.00
18127,1,5,606.00
18125,1,5,1872.71
18123,1,5,333.68
18122,1,5,5486.40
18120,1,5,339.15
18108,1,5,735.00
18107,1,5,1812.50
18102,1,5,9030.00
18101,1,5,7870.00
18100,1,5,20.28
18099,1,5,23.79
18098,1,5,78.40
18097,1,5,549.12
18096,1,5,360.50
18095,1,5,360.00
18094,1,5,391.17
18093,1,5,105.12
18092,1,5,461.44
18091,1,5,158.40
18088,1,5,1297.80
18087,1,5,437.36
18084,1,5,541.80
18083,1,5,65.64
18082,1,5,136.80
18081,1,5,625.80
18080,1,5,61.60
18079,1,5,9.60
18077,1,5,5.91
18074,1,5,335.20
18069,1,5,1453.50
18066,1,5,8.64
18064,1,5,139.60
18063,1,5,86.85
18062,1,5,172.80
18061,1,5,540.75
18060,1,5,42.60
18058,1,5,3252.00
18052,1,5,1545.93
18043,1,5,204.96
18042,1,5,3548.16
18039,1,5,490.56
18037,1,5,779.52
18036,1,5,779.52
18035,1,5,2338.56
18034,1,5,7022.64
18033,1,5,2338.56
18030,1,5,69.80
18029,1,5,223.50
18028,1,5,50.70
18025,1,5,118.80
18020,1,5,256.50
18017,1,5,173.46
18016,1,5,511.91
18013,1,5,666.72
18010,1,5,420.00
18009,1,5,555.00
18008,1,5,76.00
18007,1,5,237.12
18006,1,5,48.25
18005,1,5,96.00
18004,1,5,508.20
18003,1,5,367.20
18002,1,5,360.00
18001,1,5,86.73
18000,1,5,259.56
17994,1,5,60.48
17993,1,5,168.00
17992,1,5,74.55
17991,1,5,175.20
17982,1,5,25.02
17968,1,5,544.00
17967,1,5,7350.00
17966,1,5,6650.00
17965,1,5,6900.00
17964,1,5,6510.00
17963,1,5,2175.00
17961,1,5,2313.00
17960,1,5,394.44
17959,1,5,33.80
17958,1,5,1358.00
17955,1,5,1734.60
17954,1,5,5054.21
17952,1,5,1179.90
17934,1,5,5.98
17932,1,5,144.20
17931,1,5,111.75
17929,1,5,38.60
17928,1,5,89.84
17927,1,5,163.02
17926,1,5,10.65
17923,1,5,1295.70
17922,1,5,355.02
17920,1,5,3.84
17918,1,5,204.60
17906,1,5,88.13
17905,1,5,185.46
17902,1,5,87.60
17901,1,5,360.00
17898,1,5,160.80
17897,1,5,108.15
17895,1,5,7250.00
17894,1,5,21700.00
17892,1,5,21.88
17891,1,5,45.60
17885,1,5,2366.00
17884,1,5,4850.00
17883,1,5,725.00
17882,1,5,227.60
17881,1,5,454.00
17879,1,5,46.20
17878,1,5,249.48
17877,1,5,785.50
17876,1,5,621.00
17875,1,5,52.38
17874,1,5,83.80
17873,1,5,547.20
17872,1,5,360.50
17871,1,5,149.94
17870,1,5,209.25
17869,1,5,137.90
17868,1,5,112.40
17866,1,5,20.85
17865,1,5,225.54
17864,1,5,27.80
17863,1,5,184.00
17862,1,5,94.00
17852,1,5,873.00
17851,1,5,690.00
17850,1,5,153.30
17849,1,5,624.00
17841,1,5,1480.80
17840,1,5,309.60
17837,1,5,357.60
17834,1,5,19.40
17833,1,5,72.60
17827,1,5,136.29
17826,1,5,403.76
17823,1,5,420.00
17822,1,5,1626.00
17821,1,5,2709.00
17820,1,5,2439.00
17818,1,5,1002.00
17816,1,5,65.64
17815,1,5,136.80
17808,1,5,20.85
17807,1,5,36.48
17803,1,5,493.60
17802,1,5,930.00
17800,1,5,1299.00
17788,1,5,2313.00
17779,1,5,873.00
17778,1,5,153.30
17777,1,5,286.00
17768,1,5,211.05
17767,1,5,40.74
17766,1,5,580.95
17765,1,5,434.70
17764,1,5,233.74
17758,1,5,866.00
17751,1,5,7077.07
17750,1,5,288.00
17749,1,5,1920.00
17748,1,5,169.84
17746,1,5,760.32
17745,1,5,32.08
17744,1,5,99.80
17740,1,5,866.00
17739,1,5,357.00
17738,1,5,7.85
17736,1,5,756.00
17734,1,5,1135.20
17732,1,5,185.00
17730,1,5,108.00
17729,1,5,5068.80
17728,1,5,1742.00
17726,1,5,2296.00
17725,1,5,6432.03
17723,1,5,634.00
17713,1,5,25.35
17711,1,5,20.85
17710,1,5,1117.55
17708,1,5,2660.00
17706,1,5,106.40
17705,1,5,328.32
17703,1,5,440.65
17702,1,5,994.74
17701,1,5,67.55
17700,1,5,295.75
17699,1,5,288.00
17684,1,5,122.15
17682,1,5,117.32
17672,1,5,866.00
17670,1,5,1318.56
17669,1,5,707.00
17668,1,5,429.00
17667,1,5,38.80
17665,1,5,10920.00
17664,1,5,544.00
17663,1,5,1546.00
17662,1,5,2244.00
17654,1,5,345.50
17652,1,5,182.08
17651,1,5,363.20
17650,1,5,353.29
17648,1,5,910.00
17647,1,5,910.00
17646,1,5,1806.00
17645,1,5,1626.00
17644,1,5,1806.00
17643,1,5,1626.00
17642,1,5,3625.00
17641,1,5,848.00
17640,1,5,2040.00
17639,1,5,4.69
17628,1,5,1431.06
17623,1,5,617.00
17622,1,5,930.00
17620,1,5,144.20
17619,1,5,145.32
17617,1,5,269.52
17616,1,5,777.48
17604,1,5,7820.00
17602,1,5,180.96
17601,1,5,752.44
17599,1,5,387.00
17598,1,5,670.50
17597,1,5,66.00
17596,1,5,411.74
17593,1,5,409.20
17592,1,5,1231.65
17586,1,5,1405.05
17585,1,5,1116.77
17583,1,5,5.98
17581,1,5,54.30
17578,1,5,187.60
17576,1,5,41.25
17575,1,5,153.00
17574,1,5,1.94
17572,1,5,516.40
17571,1,5,335.42
17570,1,5,174.30
17569,1,5,289.80
17568,1,5,486.54
17564,1,5,19.35
17562,1,5,2123.54
17561,1,5,148.80
17559,1,5,238.71
17557,1,5,34.84
17556,1,5,939.00
17554,1,5,460.80
17550,1,5,357.60
17533,1,5,8720.00
17532,1,5,1050.00
17531,1,5,920.00
17530,1,5,1050.00
17529,1,5,17120.00
17528,1,5,19020.00
17526,1,5,1526.00
17525,1,5,774.00
17516,1,5,94.00
17513,1,5,35.04
17512,1,5,79.36
17509,1,5,400.50
17508,1,5,2803.50
17507,1,5,400.00
17506,1,5,400.00
17505,1,5,400.50
17503,1,5,4333.41
17502,1,5,1393.74
17501,1,5,252.40
17499,1,5,786.21
17496,1,5,67.58
17494,1,5,1931.58
17493,1,5,134.00
17492,1,5,939.00
17490,1,5,517.00
17489,1,5,1112.00
17488,1,5,1346.00
17486,1,5,28.20
17485,1,5,294.00
17481,1,5,56.80
17479,1,5,147.45
17478,1,5,1930.41
17464,1,5,116.10
17463,1,5,517.00
17462,1,5,6090.00
17461,1,5,2418.00
17460,1,5,992.00
17459,1,5,16590.00
17458,1,5,4068.00
17457,1,5,714.40
17456,1,5,5628.00
17455,1,5,1432.00
17454,1,5,1208.70
17448,1,5,162.40
17447,1,5,308.20
17446,1,5,2358.63
17444,1,5,482.40
17443,1,5,1126.80
17442,1,5,673.00
17441,1,5,6969.60
17440,1,5,223.20
17439,1,5,2291.00
17438,1,5,67.80
17437,1,5,258.00
17435,1,5,1152.00
17433,1,5,238.60
17432,1,5,507.02
17431,1,5,77.20
17430,1,5,161.50
17428,1,5,14700.00
17427,1,5,13300.00
17423,1,5,13952.00
17422,1,5,7350.00
17420,1,5,875.70
17416,1,5,113.60
17413,1,5,77.40
17410,1,5,557.28
17409,1,5,2794.96
17408,1,5,8185.15
17406,1,5,811.03
17405,1,5,400.00
17404,1,5,1802.25
17403,1,5,1802.25
17402,1,5,81.60
17401,1,5,2411.01
17399,1,5,640.00
17398,1,5,94.00
17394,1,5,96.39
17393,1,5,280.35
17392,1,5,1403.85
17391,1,5,110.16
17389,1,5,328.41
17388,1,5,181.87
17387,1,5,412.50
17386,1,5,141.00
17384,1,5,8720.00
17383,1,5,2313.00
17379,1,5,8720.00
17375,1,5,1407.00
17374,1,5,10212.85
17372,1,5,325.50
17371,1,5,2067.00
17370,1,5,626.40
17369,1,5,73.50
17368,1,5,408.00
17367,1,5,1388.60
17366,1,5,72.96
17365,1,5,152.10
17364,1,5,259.86
17363,1,5,383.00
17362,1,5,1209.60
17361,1,5,342.50
17360,1,5,400.00
17359,1,5,2403.00
17358,1,5,400.50
17356,1,5,685.00
17351,1,5,1193.00
17350,1,5,2510.00
17349,1,5,8720.00
17331,1,5,318.20
17330,1,5,1420.80
17322,1,5,328.41
17318,1,5,111.72
17317,1,5,768.00
17315,1,5,90.48
17307,1,5,8720.00
17306,1,5,151.68
17305,1,5,303.00
17304,1,5,23.52
17301,1,5,19.71
17297,1,5,445.44
17296,1,5,1334.00
17285,1,5,357.60
17284,1,5,1233.00
17264,1,5,1668.00
17263,1,5,2336.00
17262,1,5,101.40
17261,1,5,33.78
17259,1,5,65.25
17255,1,5,23.15
17254,1,5,58.80
17253,1,5,110.16
17252,1,5,328.41
17251,1,5,453.84
17250,1,5,135.60
17249,1,5,60.30
17247,1,5,193.80
17246,1,5,259.78
17244,1,5,156.30
17243,1,5,38.88
17242,1,5,430.50
17241,1,5,322.20
17239,1,5,111.72
17233,1,5,1308.00
17232,1,5,3341.56
17231,1,5,77.28
17230,1,5,250.00
17229,1,5,249.60
17228,1,5,697.00
17227,1,5,18.62
17222,1,5,318.00
17221,1,5,1458.00
17220,1,5,3212.01
17219,1,5,864.00
17218,1,5,168.90
17214,1,5,72.96
17213,1,5,152.10
17211,1,5,372.40
17210,1,5,2.19
17208,1,5,91.00
17207,1,5,912.00
17206,1,5,6976.00
17194,1,5,1844.00
17193,1,5,59000.00
17191,1,5,50000.00
17190,1,5,139.90
17189,1,5,318.75
17188,1,5,112.80
17186,1,5,108.13
17181,1,5,45.44
17177,1,5,198.75
17176,1,5,620.00
17175,1,5,1479.60
17174,1,5,6510.00
17173,1,5,19056.35
17171,1,5,400.50
17168,1,5,77.40
17161,1,5,6104.00
17145,1,5,408.00
17144,1,5,349.75
17143,1,5,787.50
17142,1,5,235.00
17141,1,5,865.76
17140,1,5,1731.52
17139,1,5,865.76
17138,1,5,3463.04
17136,1,5,7799.57
17134,1,5,228.48
17133,1,5,1089.76
17132,1,5,3695.58
17127,1,5,648.00
17126,1,5,1437.00
17123,1,5,231.00
17122,1,5,5229.46
17121,1,5,1617.00
17099,1,5,7857.85
17097,1,5,106.00
17096,1,5,2130.00
17095,1,5,215.00
17092,1,5,3492.00
17091,1,5,2760.00
17090,1,5,613.20
17089,1,5,499.20
17088,1,5,1034.00
17087,1,5,1614.03
17085,1,5,102.60
17084,1,5,266.50
17082,1,5,77.20
17081,1,5,167.96
17079,1,5,322.56
17078,1,5,966.00
17077,1,5,2814.00
17076,1,5,729.00
17075,1,5,9427.85
17074,1,5,336.00
17073,1,5,934.00
17072,1,5,6729.60
17069,1,5,2212.00
17067,1,5,651.00
17066,1,5,2067.00
17065,1,5,94.00
17064,1,5,129.60
17063,1,5,73.50
17062,1,5,434.52
17057,1,5,102.60
17056,1,5,266.50
17053,1,5,15.06
17051,1,5,1234.00
17050,1,5,2019.00
17049,1,5,168.70
17048,1,5,517.00
17045,1,5,2313.00
17019,1,5,98.10
17018,1,5,2883.60
17017,1,5,567.90
17016,1,5,37.60
17015,1,5,188.00
17014,1,5,800.00
17013,1,5,801.00
17012,1,5,823.20
17011,1,5,80.10
17010,1,5,595.35
17009,1,5,3252.06
17008,1,5,198.45
17007,1,5,360.45
17006,1,5,720.90
17005,1,5,153.60
17004,1,5,460.00
17003,1,5,13.23
16975,1,5,572.00
16974,1,5,282.00
16964,1,5,252.80
16963,1,5,505.00
16961,1,5,9.96
16959,1,5,475.20
16958,1,5,699.00
16956,1,5,2236.50
16955,1,5,8250.35
16951,1,5,1216.00
16950,1,5,2535.00
16947,1,5,268.20
16946,1,5,140.16
16925,1,5,316.00
16924,1,5,226.00
16923,1,5,198.75
16921,1,5,54.00
16920,1,5,624.96
16917,1,5,91.00
16915,1,5,511.00
16914,1,5,385.00
16913,1,5,960.00
16912,1,5,751.44
16911,1,5,344.00
16908,1,5,1337.70
16904,1,5,951.00
16903,1,5,2568.00
16902,1,5,951.00
16901,1,5,856.00
16900,1,5,3935.00
16899,1,5,4578.00
16898,1,5,8820.00
16897,1,5,7980.00
16896,1,5,9200.00
16895,1,5,8680.00
16893,1,5,125.12
16891,1,5,459.00
16890,1,5,251.00
16886,1,5,820.00
16885,1,5,492.00
16883,1,5,1272.00
16881,1,5,4409.60
16880,1,5,820.00
16877,1,5,27.78
16876,1,5,5229.46
16875,1,5,1617.00
16874,1,5,1446.58
16871,1,5,231.00
16868,1,5,77.20
16867,1,5,167.96
16865,1,5,48.06
16864,1,5,1608.00
16863,1,5,417.60
16862,1,5,202.56
16861,1,5,618.54
16859,1,5,129.00
16858,1,5,60.30
16855,1,5,1831.68
16854,1,5,24.00
16853,1,5,193.80
16852,1,5,511.18
16850,1,5,926.00
16849,1,5,5039.82
16848,1,5,8194.23
16847,1,5,1526.00
16846,1,5,387.00
16827,1,5,116.00
16824,1,5,1370.00
16823,1,5,804.00
16822,1,5,939.00
16818,1,5,456.00
16817,1,5,9.96
16771,1,5,432.00
16770,1,5,550.80
16769,1,5,1610.01
16768,1,5,238.60
16767,1,5,502.00
16766,1,5,694.80
16765,1,5,1466.42
16764,1,5,60.30
16761,1,5,12.96
16759,1,5,193.80
16758,1,5,332.94
16757,1,5,592.00
16755,1,5,2744.00
16754,1,5,2296.00
16751,1,5,4826.03
16750,1,5,1268.00
16749,1,5,756.00
16748,1,5,108.00
16746,1,5,1742.00
16745,1,5,615.56
16744,1,5,1381.25
16743,1,5,502.00
16742,1,5,238.60
16741,1,5,585.60
16740,1,5,189.60
16739,1,5,383.00
16738,1,5,1209.60
16737,1,5,4.54
16735,1,5,574.08
16734,1,5,1533.40
16732,1,5,4554.00
16731,1,5,4869.48
16728,1,5,48.06
16727,1,5,160.20
16723,1,5,252.80
16722,1,5,505.00
16717,1,5,186.20
16713,1,5,36.75
16712,1,5,68.85
16711,1,5,208.26
16710,1,5,383.00
16709,1,5,1209.60
16708,1,5,119.25
16707,1,5,372.00
16706,1,5,2224.25
16705,1,5,475.20
16704,1,5,6515.10
16701,1,5,98.30
16699,1,5,10.60
16694,1,5,65.80
16679,1,5,430.00
16678,1,5,496.00
16676,1,5,23.20
16675,1,5,496.62
16674,1,5,11.83
16673,1,5,176.76
16672,1,5,881.10
16670,1,5,13.77
16669,1,5,40.05
16665,1,5,39.32
16658,1,5,65.70
16656,1,5,511.00
16654,1,5,51.45
16653,1,5,96.39
16652,1,5,288.36
16651,1,5,383.00
16650,1,5,1209.60
16648,1,5,154.80
16646,1,5,480.60
16645,1,5,62.00
16644,1,5,267.90
16643,1,5,1005.00
16642,1,5,501.20
16641,1,5,2962.50
16640,1,5,1582.00
16639,1,5,2853.00
16638,1,5,2568.00
16637,1,5,2289.00
16617,1,5,299.52
16616,1,5,836.40
16613,1,5,357.60
16610,1,5,4410.00
16609,1,5,5320.00
16608,1,5,2030.00
16607,1,5,774.00
16606,1,5,116.00
16605,1,5,804.00
16604,1,5,460.80
16603,1,5,478.00
16598,1,5,405.60
16597,1,5,135.12
16596,1,5,249.60
16595,1,5,697.00
16594,1,5,137.70
16593,1,5,400.50
16591,1,5,93.10
16565,1,5,208.80
16564,1,5,1608.00
16562,1,5,252.80
16561,1,5,505.00
16553,1,5,308.80
16552,1,5,652.46
16551,1,5,507.00
16548,1,5,2940.00
16547,1,5,3990.00
16546,1,5,2568.00
16545,1,5,3148.00
16544,1,5,716.00
16543,1,5,1130.00
16542,1,5,2418.00
16535,1,5,203.00
16534,1,5,2190.00
16533,1,5,1615.50
16531,1,5,511.00
16529,1,5,295.68
16528,1,5,9.40
16526,1,5,268.20
16524,1,5,58.98
16523,1,5,885.50
16522,1,5,1027.50
16520,1,5,9.96
16519,1,5,336.00
16518,1,5,934.00
16516,1,5,307.20
16514,1,5,106.50
16513,1,5,20.58
16511,1,5,920.00
16496,1,5,259.20
16495,1,5,5769.60
16494,1,5,1896.00
16492,1,5,25.10
16491,1,5,90.20
16489,1,5,45.50
16488,1,5,126.40
16487,1,5,252.50
16486,1,5,44.07
16485,1,5,96.00
16481,1,5,261.12
16480,1,5,782.00
16479,1,5,109.50
16476,1,5,4060.00
16470,1,5,50000.00
16466,1,5,1060.00
16465,1,5,298.25
16464,1,5,632.52
16463,1,5,231.60
16462,1,5,484.50
16461,1,5,656.00
16460,1,5,574.00
16459,1,5,3720.60
16458,1,5,55.86
16456,1,5,414.00
16454,1,5,1122.00
16453,1,5,376.50
16440,1,5,133.48
16437,1,5,3877.20
16436,1,5,3855.00
16433,1,5,2397.50
16431,1,5,202.56
16430,1,5,618.54
16425,1,5,129.00
16424,1,5,404.70
16418,1,5,627.00
16417,1,5,1923.37
16413,1,5,617.00
16402,1,5,2412.00
16401,1,5,1432.00
16400,1,5,7110.00
16399,1,5,4520.00
16398,1,5,4410.00
16397,1,5,3990.00
16396,1,5,2361.00
16395,1,5,42.60
16394,1,5,529.50
16393,1,5,24.32
16392,1,5,50.70
16391,1,5,13.99
16390,1,5,25.00
16386,1,5,155.00
16385,1,5,76.80
16384,1,5,168.70
16382,1,5,517.00
16381,1,5,1281.60
16380,1,5,1112.00
16379,1,5,584.00
16378,1,5,139.20
16377,1,5,1286.40
16376,1,5,56.40
16375,1,5,183.60
16374,1,5,196.20
16373,1,5,1315.65
16372,1,5,282.00
16371,1,5,3612.51
16370,1,5,640.00
16369,1,5,400.50
16368,1,5,875.70
16367,1,5,2162.70
16366,1,5,360.45
16365,1,5,851.85
16345,1,5,645.00
16342,1,5,116.10
16339,1,5,744.00
16338,1,5,10.60
16337,1,5,268.80
16332,1,5,205.20
16331,1,5,533.00
16330,1,5,18.62
16328,1,5,805.00
16327,1,5,1292.40
16326,1,5,1034.00
16325,1,5,1346.00
16324,1,5,46.72
16323,1,5,99.20
16322,1,5,217.00
16321,1,5,100.17
16320,1,5,69.12
16317,1,5,641.35
16316,1,5,312.48
16314,1,5,590.72
16303,1,5,1872.71
16302,1,5,371.52
16301,1,5,5486.40
16300,1,5,572.00
16292,1,5,168.70
16291,1,5,517.00
16285,1,5,405.12
16284,1,5,1237.08
16281,1,5,150.50
16279,1,5,21.60
16275,1,5,427.38
16273,1,5,240.30
16269,1,5,1313.28
16268,1,5,2737.80
16267,1,5,544.88
16266,1,5,111.92
16265,1,5,256.25
16263,1,5,232.20
16262,1,5,300.80
16261,1,5,55.20
16260,1,5,204.00
16257,1,5,246.96
16255,1,5,1149.50
16254,1,5,646.60
16252,1,5,235.50
16251,1,5,447.00
16250,1,5,87.20
16249,1,5,47.70
16248,1,5,228.48
16246,1,5,3441.27
16244,1,5,243.66
16241,1,5,865.76
16240,1,5,1298.64
16239,1,5,3463.04
16238,1,5,6933.81
16237,1,5,2597.28
16235,1,5,249.60
16234,1,5,123.93
16233,1,5,368.46
16232,1,5,697.00
16227,1,5,537.00
16226,1,5,8642.85
16225,1,5,2343.00
16224,1,5,475.20
16223,1,5,138.45
16221,1,5,6.48
16203,1,5,90.08
16201,1,5,298.00
16200,1,5,43.60
16198,1,5,12.70
16197,1,5,430.50
16192,1,5,594.98
16191,1,5,30.24
16188,1,5,156.30
16186,1,5,130.34
16185,1,5,120.60
16184,1,5,12.96
16183,1,5,387.60
16180,1,5,154.80
16165,1,5,774.00
16164,1,5,1746.00
16163,1,5,1380.00
16162,1,5,306.60
16161,1,5,249.60
16158,1,5,357.60
16156,1,5,111.72
16154,1,5,1234.80
16146,1,5,558.60
16142,1,5,822.00
16140,1,5,40.80
16137,1,5,967.58
16083,1,5,3675.00
16082,1,5,3325.00
16081,1,5,2853.00
16080,1,5,1712.00
16077,1,5,2090.40
16076,1,5,966.60
16075,1,5,6162.00
16074,1,5,3051.00
16073,1,5,4410.00
16072,1,5,3990.00
16071,1,5,6900.00
16070,1,5,6510.00
16069,1,5,1574.00
16067,1,5,27.84
16063,1,5,111.36
16062,1,5,333.50
16054,1,5,7160.00
16034,1,5,1233.00
16033,1,5,385.00
16015,1,5,1034.00
16014,1,5,4.26
16012,1,5,65.28
16008,1,5,336.00
16007,1,5,934.00
16002,1,5,178.80
16000,1,5,511.00
15999,1,5,24.03
15998,1,5,408.51
15996,1,5,3737.46
15995,1,5,1155.00
15994,1,5,479.00
15991,1,5,115.50
15987,1,5,160.20
15986,1,5,357.75
15985,1,5,97.20
15984,1,5,1116.00
15983,1,5,2495.50
15982,1,5,756.00
15981,1,5,7308.85
15980,1,5,202.56
15979,1,5,618.54
15978,1,5,129.00
15970,1,5,154.80
15967,1,5,227.52
15966,1,5,454.50
15965,1,5,18.80
15963,1,5,108.13
15962,1,5,82.62
15959,1,5,146.90
15958,1,5,320.00
15955,1,5,1216.00
15954,1,5,2535.00
15953,1,5,336.00
15942,1,5,2187.00
15941,1,5,8642.85
15937,1,5,2226.00
15936,1,5,604.80
15935,1,5,88.20
15934,1,5,165.24
15933,1,5,488.61
15924,1,5,348.00
15923,1,5,232.00
15922,1,5,1608.00
15921,1,5,1502.40
15919,1,5,1216.00
15910,1,5,1542.00
15899,1,5,6.64
15897,1,5,934.00
15895,1,5,147.06
15894,1,5,383.40
15892,1,5,10.60
15890,1,5,535.35
15889,1,5,2390.40
15886,1,5,33.66
15882,1,5,45.50
15881,1,5,96.30
15878,1,5,7350.00
15877,1,5,6650.00
15876,1,5,4755.00
15875,1,5,4280.00
15874,1,5,2361.00
15873,1,5,3815.00
15872,1,5,331.20
15871,1,5,685.00
15869,1,5,617.00
15868,1,5,1034.00
15867,1,5,1112.00
15866,1,5,1346.00
15862,1,5,319.50
15861,1,5,28.20
15860,1,5,4.32
15859,1,5,150.40
15856,1,5,35.99
15855,1,5,112.20
15854,1,5,76.30
15853,1,5,764.40
15852,1,5,400.00
15851,1,5,1602.00
15849,1,5,291.90
15848,1,5,2170.71
15847,1,5,441.70
15845,1,5,130.34
15844,1,5,299.52
15843,1,5,850.34
15842,1,5,344.00
15841,1,5,396.80
15837,1,5,17.82
15836,1,5,55.40
15824,1,5,13300.00
15822,1,5,360.00
15820,1,5,4755.00
15819,1,5,4280.00
15818,1,5,2289.00
15806,1,5,912.00
15805,1,5,576.00
15804,1,5,453.84
15803,1,5,189.60
15802,1,5,135.60
15801,1,5,18.80
15800,1,5,16.35
15796,1,5,98.30
15795,1,5,48.64
15794,1,5,101.40
15792,1,5,2052.00
15791,1,5,24.00
15789,1,5,112.56
15788,1,5,344.05
15786,1,5,926.00
15784,1,5,186.20
15783,1,5,2616.30
15782,1,5,7617.51
15771,1,5,348.00
15770,1,5,614.40
15769,1,5,209.85
15768,1,5,475.00
15766,1,5,150.40
15765,1,5,340.80
15764,1,5,23.52
15762,1,5,3.24
15725,1,5,108.13
15722,1,5,93.10
15721,1,5,15.06
15720,1,5,1746.00
15719,1,5,1380.00
15718,1,5,306.60
15717,1,5,249.60
15715,1,5,45.50
15714,1,5,5623.02
15713,1,5,149.10
15712,1,5,1029.00
15708,1,5,572.00
15700,1,5,58.76
15699,1,5,128.00
15658,1,5,27.78
15656,1,5,400.50
15655,1,5,364.80
15654,1,5,760.50
15652,1,5,58.80
15651,1,5,110.16
15650,1,5,328.41
15646,1,5,1227.40
15644,1,5,527.10
15642,1,5,1804.00
15641,1,5,410.00
15640,1,5,2342.60
15638,1,5,1494.60
15637,1,5,328.00
15635,1,5,73.50
15634,1,5,408.00
15633,1,5,117.52
15632,1,5,256.00
15629,1,5,771.00
15625,1,5,7857.85
15624,1,5,106.00
15623,1,5,2130.00
15622,1,5,308.80
15621,1,5,652.46
15620,1,5,58.76
15619,1,5,128.00
15618,1,5,383.00
15617,1,5,1209.60
15616,1,5,617.00
15613,1,5,511.00
15612,1,5,385.00
15595,1,5,178.80
15592,1,5,360.60
15591,1,5,322.20
15590,1,5,60.30
15588,1,5,12.96
15586,1,5,200.26
15585,1,5,106.50
15584,1,5,4410.00
15583,1,5,3990.00
15582,1,5,2853.00
15581,1,5,1712.00
15580,1,5,1902.00
15579,1,5,2568.00
15578,1,5,2289.00
15577,1,5,5628.00
15576,1,5,1002.40
15575,1,5,16590.00
15574,1,5,3164.00
15559,1,5,353.00
15552,1,5,123.93
15551,1,5,368.46
15548,1,5,66.15
15526,1,5,176.96
15525,1,5,353.50
15514,1,5,822.00
15511,1,5,511.00
15510,1,5,192.50
15509,1,5,11782.85
15506,1,5,95.85
15505,1,5,116.80
15504,1,5,1170.30
15503,1,5,88.14
15502,1,5,2385.00
15501,1,5,648.00
15500,1,5,205.20
15499,1,5,543.66
15498,1,5,329.46
15497,1,5,321.00
15496,1,5,124.00
15495,1,5,264.42
15494,1,5,597.87
15493,1,5,4313.96
15492,1,5,46.00
15491,1,5,170.00
15490,1,5,857.52
15489,1,5,12630.15
15487,1,5,540.60
15486,1,5,30.12
15485,1,5,15.44
15484,1,5,32.30
15483,1,5,102.72
15482,1,5,65.80
15475,1,5,59.65
15474,1,5,125.50
15473,1,5,7350.00
15472,1,5,7980.00
15471,1,5,2568.00
15470,1,5,2568.00
15469,1,5,2361.00
15468,1,5,2289.00
15465,1,5,1034.00
15464,1,5,1346.00
15463,1,5,111.92
15462,1,5,256.25
15460,1,5,162.54
15459,1,5,40.71
15456,1,5,75.20
15455,1,5,106.50
15454,1,5,1204.74
15453,1,5,214.62
15452,1,5,469.09
15448,1,5,50.93
15447,1,5,192.60
15425,1,5,348.00
15424,1,5,214.40
15423,1,5,1929.60
15422,1,5,1502.40
15421,1,5,84.40
15420,1,5,263.64
15419,1,5,53.75
15416,1,5,45.50
15415,1,5,153.00
15414,1,5,103.55
15413,1,5,2087.40
15412,1,5,828.00
15411,1,5,1602.00
15409,1,5,800.00
15407,1,5,400.50
15405,1,5,3612.51
15404,1,5,291.90
15402,1,5,3604.50
15401,1,5,961.20
15400,1,5,441.70
15399,1,5,8.01
15381,1,5,138.00
15379,1,5,510.00
15378,1,5,426.70
15377,1,5,61.20
15374,1,5,738.00
15373,1,5,1600.60
15372,1,5,656.00
15370,1,5,584.00
15369,1,5,336.00
15367,1,5,615.56
15366,1,5,1381.25
15364,1,5,116.10
15362,1,5,535.35
15361,1,5,2390.40
15360,1,5,149.76
15357,1,5,161.50
15355,1,5,93.10
15354,1,5,156.30
15353,1,5,12.96
15352,1,5,73.50
15351,1,5,434.52
15350,1,5,444.85
15347,1,5,456.00
15315,1,5,617.00
15309,1,5,53.00
15306,1,5,23.86
15305,1,5,35.14
15304,1,5,154.40
15303,1,5,329.46
15300,1,5,119.60
15298,1,5,442.00
15297,1,5,75.30
15295,1,5,646.60
15293,1,5,742.00
15292,1,5,246.00
15291,1,5,383.00
15290,1,5,1209.60
15288,1,5,1612.00
15287,1,5,4060.00
15285,1,5,53.00
15279,1,5,2894.40
15278,1,5,8532.00
15277,1,5,4410.00
15276,1,5,3990.00
15275,1,5,4600.00
15274,1,5,1902.00
15273,1,5,1526.00
15269,1,5,53.00
15266,1,5,5214.51
15265,1,5,1216.00
15264,1,5,2535.00
15263,1,5,1404.00
15262,1,5,102.60
15261,1,5,277.16
15252,1,5,822.00
15251,1,5,215.00
15250,1,5,960.00
15235,1,5,37.60
15234,1,5,85.20
15233,1,5,30.66
15232,1,5,157.14
15226,1,5,77.20
15225,1,5,161.50
15222,1,5,774.00
15221,1,5,2418.00
15220,1,5,4060.00
15215,1,5,511.00
15214,1,5,385.00
15213,1,5,1346.00
15212,1,5,430.00
15211,1,5,496.00
15210,1,5,50.00
15208,1,5,73.50
15207,1,5,408.00
15205,1,5,238.60
15204,1,5,507.02
15203,1,5,231.60
15202,1,5,484.50
15179,1,5,584.00
15175,1,5,154.80
15173,1,5,10.60
15172,1,5,153.30
15171,1,5,873.00
15168,1,5,106.00
15161,1,5,278.08
15160,1,5,555.50
15159,1,5,420.48
15158,1,5,161.25
15157,1,5,18.80
15155,1,5,106.50
15154,1,5,720.00
15152,1,5,108.13
15151,1,5,1419.60
15150,1,5,16.89
15144,1,5,1542.00
15141,1,5,2957.71
15140,1,5,437.25
15139,1,5,691.20
15138,1,5,8661.40
15137,1,5,1364.00
15136,1,5,71.58
15135,1,5,150.60
15134,1,5,4291.20
15133,1,5,372.00
15132,1,5,1188.16
15131,1,5,113.00
15129,1,5,7.35
15128,1,5,106.50
15126,1,5,13.77
15125,1,5,48.06
15124,1,5,756.48
15123,1,5,2265.50
15122,1,5,8.52
15121,1,5,360.45
15120,1,5,150.40
15119,1,5,769.50
15115,1,5,45.50
15107,1,5,4410.00
15106,1,5,6650.00
15105,1,5,8680.00
15104,1,5,1050.00
15103,1,5,1902.00
15102,1,5,2568.00
15096,1,5,267.90
15095,1,5,3296.40
15094,1,5,1575.20
15089,1,5,744.00
15088,1,5,9717.00
15087,1,5,4972.00
15086,1,5,22.00
15085,1,5,68.60
15084,1,5,450.24
15083,1,5,1376.20
15082,1,5,3.24
15079,1,5,1034.00
15077,1,5,292.00
15076,1,5,48.64
15075,1,5,101.40
15073,1,5,208.40
15072,1,5,17.28
15071,1,5,73.50
15070,1,5,408.51
15069,1,5,14.35
15067,1,5,268.20
15066,1,5,3.24
15064,1,5,372.40
15063,1,5,68.85
15062,1,5,200.25
15057,1,5,214.40
15056,1,5,1502.40
15049,1,5,238.56
15023,1,5,202.56
15022,1,5,618.54
15021,1,5,129.00
15020,1,5,102.00
15019,1,5,109.00
15018,1,5,1.47
15017,1,5,1201.50
15016,1,5,400.00
15015,1,5,486.50
15014,1,5,640.80
15013,1,5,637.31
15011,1,5,15.06
15010,1,5,46.32
15009,1,5,96.90
15008,1,5,123.93
15007,1,5,368.46
15005,1,5,128.80
15004,1,5,476.00
15001,1,5,1494.60
15000,1,5,2.96
14998,1,5,2.15
14996,1,5,5488.00
14995,1,5,3444.00
14994,1,5,1034.00
14993,1,5,4023.03
14987,1,5,1000.00
14986,1,5,3000.00
14985,1,5,101400.00
14984,1,5,28280.00
14983,1,5,82200.00
14982,1,5,33780.00
14981,1,5,30660.00
14979,1,5,1.47
14978,1,5,1.33
14970,1,5,1161.00
14969,1,5,48500.00
14968,1,5,23660.00
14967,1,5,27660.00
14966,1,5,6420.00
14965,1,5,0.59
14964,1,5,0.50
14963,1,5,1167988.32
14962,1,5,495995.04
14961,1,5,1507984.92
14960,1,5,638993.61
14959,1,5,454995.45
14958,1,5,110100.00
14957,1,5,1288987.11
14956,1,5,497995.02
14955,1,5,527994.72
14954,1,5,1468985.31
14953,1,5,656993.43
14952,1,5,336.00
14951,1,5,934.00
14950,1,5,356.04
14948,1,5,422.40
14945,1,5,1265.00
14944,1,5,48.50
14941,1,5,1696.00
14940,1,5,6090.00
14936,1,5,720.30
14931,1,5,511.00
14921,1,5,6900.00
14920,1,5,2361.00
14919,1,5,4.26
14918,1,5,13.77
14909,1,5,1034.00
14908,1,5,1112.00
14901,1,5,186.20
14878,1,5,74.48
14877,1,5,3990.00
14876,1,5,4340.00
14875,1,5,2853.00
14874,1,5,1526.00
14851,1,5,35.04
14850,1,5,402.00
14849,1,5,1228.75
14848,1,5,1216.00
14847,1,5,2535.00
14846,1,5,47.00
14844,1,5,213.00
14841,1,5,107.31
14840,1,5,383.00
14839,1,5,1209.60
14837,1,5,108.13
14816,1,5,174.66
14815,1,5,73.50
14812,1,5,408.51
14811,1,5,50.70
14810,1,5,16.89
14809,1,5,47.32
14808,1,5,106.70
14807,1,5,153.30
14806,1,5,4410.00
14805,1,5,3990.00
14804,1,5,4600.00
14803,1,5,1712.00
14802,1,5,1902.00
14801,1,5,4280.00
14800,1,5,3815.00
14795,1,5,1644.00
14794,1,5,1346.00
14792,1,5,678.40
14791,1,5,3045.00
14780,1,5,111.92
14779,1,5,256.25
14778,1,5,75.20
14775,1,5,33.74
14774,1,5,413.60
14773,1,5,70.08
14772,1,5,448.20
14771,1,5,21.60
14770,1,5,73.50
14769,1,5,408.00
14768,1,5,20.28
14753,1,5,3472.00
14752,1,5,198.75
14751,1,5,745.20
14749,1,5,10166.35
14748,1,5,620.00
14747,1,5,661.50
14745,1,5,116.10
14742,1,5,992.00
14739,1,5,124.80
14735,1,5,357.60
14734,1,5,383.00
14733,1,5,1209.60
14731,1,5,774.00
14726,1,5,912.00
14724,1,5,100.80
14723,1,5,280.20
14720,1,5,323.70
14717,1,5,2041.20
14716,1,5,36.00
14712,1,5,1389.00
14711,1,5,11.93
14710,1,5,35.14
14709,1,5,2616.30
14708,1,5,7577.46
14707,1,5,101.34
14706,1,5,44.94
14704,1,5,72.96
14703,1,5,152.10
14699,1,5,154.40
14698,1,5,329.46
14697,1,5,192.60
14696,1,5,714.40
14695,1,5,4261.20
14694,1,5,930.80
14693,1,5,1984.00
14692,1,5,12561.00
14691,1,5,2938.00
14686,1,5,60.30
14681,1,5,595.35
14680,1,5,3252.06
14678,1,5,360.60
14677,1,5,193.80
14676,1,5,322.20
14675,1,5,259.78
14674,1,5,15.44
14673,1,5,32.30
14672,1,5,769.00
14660,1,5,23.66
14659,1,5,48.50
14658,1,5,453.84
14656,1,5,135.60
14655,1,5,54.50
14654,1,5,859.95
14653,1,5,1682.10
14652,1,5,400.00
14650,1,5,1810.26
14649,1,5,801.00
14642,1,5,213.00
14639,1,5,210.24
14638,1,5,330.00
14637,1,5,1017.07
14632,1,5,572.00
14624,1,5,202.56
14623,1,5,618.54
14622,1,5,129.00
14621,1,5,81.60
14620,1,5,109.00
14619,1,5,73.50
14618,1,5,400.00
14617,1,5,389.20
14616,1,5,637.31
14615,1,5,12.14
14614,1,5,336.00
14613,1,5,934.00
14611,1,5,46.00
14610,1,5,170.00
14607,1,5,540.60
14603,1,5,75.20
14600,1,5,389.50
14599,1,5,383.00
14598,1,5,1209.60
14597,1,5,2030.00
14596,1,5,678.40
14573,1,5,1712.00
14572,1,5,2940.00
14571,1,5,5320.00
14570,1,5,450.00
14569,1,5,787.00
14568,1,5,335.76
14567,1,5,750.00
14566,1,5,376.00
14563,1,5,238.60
14562,1,5,507.02
14559,1,5,1090.00
14558,1,5,2785.56
14557,1,5,18.62
14553,1,5,337.68
14552,1,5,1032.15
14546,1,5,8560.00
14543,1,5,178.80
14537,1,5,153.60
14536,1,5,168.63
14535,1,5,960.30
14534,1,5,4.54
14533,1,5,460.00
14532,1,5,1034.00
14531,1,5,1112.00
14529,1,5,969.60
14528,1,5,446.40
14527,1,5,316.00
14526,1,5,135.60
14523,1,5,5.02
14521,1,5,204.82
14520,1,5,101.34
14499,1,5,243.60
14497,1,5,1644.00
14496,1,5,2412.00
14495,1,5,24.66
14494,1,5,291.90
14493,1,5,24.03
14492,1,5,55.86
14490,1,5,1542.00
14489,1,5,37.60
14484,1,5,74.08
14482,1,5,395.60
14480,1,5,1462.00
14479,1,5,376.50
14478,1,5,410.00
14477,1,5,820.00
14476,1,5,1908.00
14475,1,5,2660.60
14469,1,5,291.90
14457,1,5,645.00
14456,1,5,2880.00
14455,1,5,1542.00
14451,1,5,232.00
14450,1,5,134.00
14449,1,5,614.40
14448,1,5,1608.00
14447,1,5,939.00
14446,1,5,134.96
14445,1,5,413.60
14444,1,5,38.64
14441,1,5,90.08
14440,1,5,298.00
14439,1,5,125.00
14437,1,5,43.60
14433,1,5,55.86
14432,1,5,405.60
14431,1,5,135.12
14429,1,5,103.40
14428,1,5,10.90
14427,1,5,73.50
14424,1,5,298.25
14423,1,5,627.50
14422,1,5,308.80
14421,1,5,587.86
14420,1,5,137.70
14419,1,5,408.51
14414,1,5,511.00
14412,1,5,77.40
14410,1,5,17.28
14409,1,5,343.58
14405,1,5,74.48
14404,1,5,2100.00
14393,1,5,142.35
14378,1,5,822.00
14376,1,5,319.50
14373,1,5,17.82
14372,1,5,55.40
14370,1,5,19.26
14354,1,5,7350.00
14353,1,5,6650.00
14352,1,5,1902.00
14351,1,5,1712.00
14350,1,5,3935.00
14349,1,5,4578.00
14348,1,5,537.00
14347,1,5,1216.00
14346,1,5,2535.00
14345,1,5,58.76
14344,1,5,127.80
14340,1,5,11.93
14339,1,5,35.14
14338,1,5,15.44
14337,1,5,32.30
14335,1,5,91.00
14334,1,5,625.10
14333,1,5,4824.00
14332,1,5,1074.00
14331,1,5,1736.00
14330,1,5,14220.00
14329,1,5,3390.00
14328,1,5,410.00
14327,1,5,103.40
14326,1,5,175.20
14325,1,5,336.50
14317,1,5,9.40
14316,1,5,7.35
14310,1,5,58.98
14309,1,5,13.77
14308,1,5,40.05
14299,1,5,303.36
14298,1,5,606.00
14297,1,5,1573.25
14296,1,5,298.92
14295,1,5,4610.10
14294,1,5,932.48
14291,1,5,511.00
14290,1,5,385.00
14287,1,5,227.20
14284,1,5,10.60
14271,1,5,108.13
14251,1,5,822.00
14250,1,5,556.00
14249,1,5,292.00
14248,1,5,673.00
14246,1,5,801.00
14242,1,5,339.00
14240,1,5,202.56
14239,1,5,618.54
14238,1,5,337.40
14237,1,5,1551.00
14236,1,5,129.00
14234,1,5,59.95
14233,1,5,1006.95
14232,1,5,2002.50
14230,1,5,3252.06
14229,1,5,240.30
14225,1,5,8820.00
14224,1,5,3990.00
14223,1,5,8680.00
14222,1,5,685.00
14221,1,5,56.40
14220,1,5,97.92
14219,1,5,106.50
14213,1,5,101.40
14212,1,5,33.78
14183,1,5,2313.00
14167,1,5,348.00
14166,1,5,348.40
14165,1,5,3609.60
14164,1,5,372.00
14163,1,5,1185.00
14162,1,5,113.00
14161,1,5,298.25
14160,1,5,632.52
14159,1,5,308.80
14158,1,5,646.00
14156,1,5,2412.00
14155,1,5,1502.40
14154,1,5,134.40
14152,1,5,156.30
14151,1,5,430.50
14150,1,5,259.78
14147,1,5,418.08
14146,1,5,1277.90
14145,1,5,402.50
14144,1,5,3990.00
14143,1,5,6900.00
14142,1,5,1902.00
14141,1,5,1712.00
14140,1,5,1526.00
14125,1,5,211.60
14123,1,5,782.00
14122,1,5,702.80
14119,1,5,328.00
14118,1,5,820.00
14116,1,5,1388.60
14114,1,5,1060.00
14113,1,5,1148.00
14112,1,5,822.00
14110,1,5,73.50
14107,1,5,408.51
14106,1,5,9.09
14075,1,5,337.40
14074,1,5,1034.00
14062,1,5,336.00
14061,1,5,934.00
14060,1,5,72.96
14059,1,5,152.10
14058,1,5,378.00
14054,1,5,372.40
14052,1,5,912.00
14051,1,5,4.77
14045,1,5,4020.00
14044,1,5,1432.00
14043,1,5,11850.00
14042,1,5,4520.00
14040,1,5,1134.00
14039,1,5,1480.00
14032,1,5,215.00
14029,1,5,216.00
14016,1,5,67.56
14015,1,5,201.15
14013,1,5,193.50
14012,1,5,43.60
14010,1,5,301.35
14009,1,5,564.57
14008,1,5,1650.06
14006,1,5,384.00
14005,1,5,7.29
14004,1,5,1627.50
14003,1,5,228.48
14002,1,5,324.00
14001,1,5,3292.80
14000,1,5,1089.76
13999,1,5,865.76
13998,1,5,1731.52
13997,1,5,3463.04
13996,1,5,9531.09
13995,1,5,1731.52
13994,1,5,4768.85
13993,1,5,47.00
13991,1,5,251.00
13989,1,5,10.90
13984,1,5,828.20
13982,1,5,23.15
13976,1,5,23.36
13975,1,5,74.70
13970,1,5,178.80
13969,1,5,55.86
13963,1,5,408.00
13959,1,5,201.48
13957,1,5,2853.00
13956,1,5,5880.00
13955,1,5,2568.00
13954,1,5,2361.00
13953,1,5,1907.50
13952,1,5,227.52
13951,1,5,454.50
13949,1,5,81.76
13948,1,5,174.15
13947,1,5,99.60
13946,1,5,100.50
13944,1,5,17.28
13943,1,5,329.46
13942,1,5,335.20
13940,1,5,148.96
13915,1,5,178.80
13912,1,5,1216.00
13911,1,5,2535.00
13906,1,5,202.56
13905,1,5,618.54
13903,1,5,77.40
13901,1,5,10.60
13900,1,5,129.00
13885,1,5,72.90
13884,1,5,153.30
13883,1,5,873.00
13882,1,5,124.80
13878,1,5,113.60
13869,1,5,505.00
13868,1,5,2916.00
13867,1,5,7850.00
13866,1,5,108.50
13865,1,5,2227.59
13863,1,5,648.00
13862,1,5,127.80
13859,1,5,411.00
13854,1,5,418.08
13853,1,5,1277.90
13851,1,5,151.47
13850,1,5,448.56
13848,1,5,613.20
13846,1,5,383.00
13845,1,5,1209.60
13831,1,5,814.00
13830,1,5,1180.50
13829,1,5,4410.00
13828,1,5,4322.50
13827,1,5,4600.00
13826,1,5,4340.00
13825,1,5,2377.50
13824,1,5,2054.40
13813,1,5,511.00
13812,1,5,770.00
13804,1,5,328.00
13803,1,5,656.00
13801,1,5,1070.60
13800,1,5,656.00
13798,1,5,340.00
13797,1,5,502.00
13795,1,5,92.00
13794,1,5,843.50
13793,1,5,1034.00
13792,1,5,231.84
13791,1,5,750.00
13790,1,5,72.96
13789,1,5,152.10
13786,1,5,93.10
13785,1,5,209.10
13776,1,5,88.20
13769,1,5,15.06
13768,1,5,165.24
13767,1,5,488.61
13766,1,5,775.50
13765,1,5,834.00
13764,1,5,622.08
13763,1,5,61.20
13762,1,5,76.30
13761,1,5,169.05
13760,1,5,291.90
13759,1,5,360.45
13758,1,5,560.70
13757,1,5,448.01
13756,1,5,1863.00
13755,1,5,699.00
13754,1,5,491.50
13752,1,5,7072.85
13749,1,5,53.00
13748,1,5,1917.00
13739,1,5,1085.00
13738,1,5,50.88
13735,1,5,37.60
13733,1,5,248.40
13730,1,5,3181.35
13729,1,5,158.72
13727,1,5,440.34
13720,1,5,1695.00
13714,1,5,1944.00
13713,1,5,24.00
13711,1,5,926.00
13710,1,5,2478.60
13709,1,5,7217.01
13697,1,5,383.60
13696,1,5,576.00
13695,1,5,677.04
13694,1,5,101.22
13693,1,5,310.20
13692,1,5,123.86
13691,1,5,402.30
13690,1,5,3.87
13688,1,5,189.60
13687,1,5,203.40
13679,1,5,253.50
13678,1,5,84.45
13675,1,5,45.50
13674,1,5,848.00
13671,1,5,101.22
13670,1,5,310.20
13659,1,5,209.10
13658,1,5,26.80
13656,1,5,18.62
13648,1,5,3555.00
13647,1,5,7350.00
13646,1,5,6650.00
13645,1,5,4600.00
13644,1,5,4340.00
13643,1,5,856.00
13642,1,5,1712.00
13641,1,5,10.54
13640,1,5,1966.00
13638,1,5,6287.85
13636,1,5,106.00
13635,1,5,1704.00
13632,1,5,912.00
13629,1,5,21.80
13626,1,5,23.15
13624,1,5,1286.25
13623,1,5,258.50
13622,1,5,121.60
13621,1,5,253.50
13620,1,5,45.78
13619,1,5,37.60
13618,1,5,81.60
13617,1,5,103.55
13616,1,5,970.20
13615,1,5,194.60
13614,1,5,1610.01
13613,1,5,800.00
13611,1,5,389.20
13610,1,5,2883.60
13609,1,5,283.95
13607,1,5,254.04
13604,1,5,378.00
13603,1,5,1184.00
13600,1,5,108.00
13599,1,5,1742.00
13598,1,5,5488.00
13597,1,5,2409.00
13596,1,5,4444.34
13594,1,5,517.00
13583,1,5,411.00
13578,1,5,383.00
13577,1,5,1209.60
13571,1,5,116.00
13570,1,5,77.72
13569,1,5,804.00
13568,1,5,262.92
13566,1,5,168.70
13565,1,5,517.00
13564,1,5,181.87
13563,1,5,412.50
13562,1,5,223.72
13561,1,5,4.26
13558,1,5,11.93
13557,1,5,5.02
13556,1,5,55.86
13550,1,5,227.52
13549,1,5,454.50
13546,1,5,648.00
13541,1,5,357.60
13539,1,5,511.00
13538,1,5,770.00
13536,1,5,166.67
13535,1,5,387.24
13534,1,5,308.80
13533,1,5,652.46
13514,1,5,372.40
13509,1,5,517.00
13508,1,5,67.52
13507,1,5,212.94
13505,1,5,43.00
13503,1,5,58.80
13501,1,5,340.80
13500,1,5,383.00
13499,1,5,1209.60
13498,1,5,110.16
13497,1,5,328.41
13495,1,5,2412.00
13494,1,5,2940.00
13493,1,5,690.00
13492,1,5,1902.00
13491,1,5,1574.00
13490,1,5,1526.00
13475,1,5,460.00
13473,1,5,23.64
13472,1,5,153.60
13467,1,5,116.00
13466,1,5,804.00
13465,1,5,173.20
13461,1,5,856.25
13458,1,5,336.00
13457,1,5,934.00
13456,1,5,10.90
13453,1,5,4.38
13435,1,5,209.85
13434,1,5,475.00
13433,1,5,1464.75
13431,1,5,60.30
13429,1,5,39.75
13426,1,5,774.00
13425,1,5,139.20
13423,1,5,460.80
13421,1,5,964.80
13420,1,5,517.00
13419,1,5,556.00
13418,1,5,292.00
13417,1,5,673.00
13416,1,5,16.88
13415,1,5,50.70
13414,1,5,72.96
13413,1,5,152.10
13410,1,5,654.00
13409,1,5,10.75
13406,1,5,38.88
13405,1,5,762.58
13403,1,5,308.80
13402,1,5,652.46
13400,1,5,186.20
13365,1,5,4060.00
13360,1,5,33.20
13359,1,5,4720.00
13358,1,5,4700.00
13352,1,5,756.00
13351,1,5,888.00
13349,1,5,1075.00
13345,1,5,108.00
13310,1,5,141.00
13308,1,5,328.32
13307,1,5,4292.60
13306,1,5,124.00
13305,1,5,360.60
13304,1,5,193.80
13303,1,5,332.94
13302,1,5,251.40
13301,1,5,511.00
13300,1,5,1216.00
13299,1,5,2535.00
13298,1,5,3.24
13296,1,5,9.09
13295,1,5,447.68
13294,1,5,1006.25
13293,1,5,143.16
13292,1,5,301.20
13287,1,5,801.00
13284,1,5,150.40
13283,1,5,769.50
13281,1,5,102.24
13273,1,5,114.08
13263,1,5,421.60
13262,1,5,602.40
13260,1,5,360.80
13259,1,5,459.20
13256,1,5,1314.40
13255,1,5,1156.20
13252,1,5,18.80
13251,1,5,73.50
13250,1,5,408.00
13242,1,5,49.15
13238,1,5,74.48
13236,1,5,2313.00
13221,1,5,136.35
13215,1,5,7350.00
13214,1,5,6650.00
13213,1,5,1712.00
13212,1,5,1902.00
13211,1,5,2568.00
13210,1,5,2361.00
13201,1,5,180.78
13200,1,5,63.21
13198,1,5,1199.91
13197,1,5,425.46
13196,1,5,29.40
13192,1,5,96.60
13190,1,5,746.00
13189,1,5,312.50
13187,1,5,958.00
13183,1,5,89.64
13182,1,5,102.83
13180,1,5,693.00
13177,1,5,370.11
13174,1,5,858.00
13159,1,5,279.80
13158,1,5,631.25
13157,1,5,59.00
13145,1,5,178.80
13136,1,5,617.00
13134,1,5,9.96
13132,1,5,360.45
13131,1,5,227.52
13130,1,5,454.50
13128,1,5,21.60
13127,1,5,63.90
13126,1,5,73.50
13125,1,5,408.51
13124,1,5,400.50
13123,1,5,73.50
13122,1,5,408.51
13084,1,5,2260.00
13083,1,5,4740.00
13082,1,5,1902.00
13081,1,5,5880.00
13080,1,5,1712.00
13079,1,5,1526.00
13074,1,5,360.45
13073,1,5,57.23
13071,1,5,643.20
13070,1,5,1966.00
13069,1,5,474.24
13068,1,5,1352.18
13065,1,5,109.00
13063,1,5,27.78
13061,1,5,1221.80
13059,1,5,1526.40
13058,1,5,106.00
13057,1,5,328.00
13055,1,5,141.68
13053,1,5,523.60
13052,1,5,471.88
13045,1,5,411.00
13033,1,5,511.00
13032,1,5,385.00
13031,1,5,4042.71
13030,1,5,179.67
13029,1,5,853.20
13028,1,5,11836.40
13027,1,5,560.48
13026,1,5,2190.00
13025,1,5,109.00
13024,1,5,637.31
13023,1,5,15.06
13019,1,5,8309.86
13018,1,5,2180.00
13017,1,5,20.90
13016,1,5,22.20
13015,1,5,1624.35
13014,1,5,2219.40
13013,1,5,1479.60
13011,1,5,1849.50
13010,1,5,1857.72
13009,1,5,129.40
13003,1,5,1216.00
13002,1,5,2535.00
13001,1,5,134.40
12998,1,5,402.50
12997,1,5,3052.00
12975,1,5,107.20
12974,1,5,751.20
12970,1,5,400.50
12968,1,5,37.60
12964,1,5,517.00
12963,1,5,556.00
12962,1,5,364.50
12961,1,5,1577.85
12960,1,5,397.50
12959,1,5,230.00
12949,1,5,407.00
12948,1,5,393.50
12947,1,5,7980.00
12946,1,5,67.20
12945,1,5,186.80
12944,1,5,21.64
12942,1,5,14.80
12940,1,5,147.00
12939,1,5,852.00
12938,1,5,168.00
12937,1,5,467.00
12936,1,5,101.28
12935,1,5,314.34
12932,1,5,64.50
12931,1,5,184.00
12930,1,5,680.00
12929,1,5,306.60
12928,1,5,1746.00
12927,1,5,8.52
12926,1,5,1060.00
12925,1,5,1070.60
12924,1,5,5.91
12923,1,5,72.96
12922,1,5,152.10
12917,1,5,82.08
12916,1,5,223.86
12914,1,5,186.20
12913,1,5,499.20
12912,1,5,1352.18
12908,1,5,418.00
12907,1,5,402.00
12906,1,5,976.00
12905,1,5,899.00
12904,1,5,2277.00
12884,1,5,2260.00
12883,1,5,2412.00
12882,1,5,716.00
12881,1,5,7110.00
12860,1,5,384.00
12859,1,5,149.50
12857,1,5,49.20
12831,1,5,731.58
12830,1,5,1006.50
12821,1,5,7135.38
12820,1,5,5320.00
12819,1,5,9.51
12818,1,5,1712.00
12817,1,5,1574.00
12816,1,5,1526.00
12806,1,5,91.98
12805,1,5,523.80
12803,1,5,21.64
12801,1,5,11.84
12800,1,5,613.20
12799,1,5,3492.00
12795,1,5,1177.12
12794,1,5,69.60
12793,1,5,80.40
12792,1,5,482.40
12791,1,5,1878.00
12790,1,5,617.00
12787,1,5,102.60
12786,1,5,277.16
12785,1,5,469.00
12784,1,5,1093.50
12782,1,5,7857.85
12781,1,5,101.28
12780,1,5,314.34
12775,1,5,64.50
12774,1,5,108.50
12773,1,5,1828.50
12772,1,5,21.60
12771,1,5,42.60
12744,1,5,9760.00
12743,1,5,30200.00
12740,1,5,267.54
12738,1,5,173.30
12737,1,5,520.00
12736,1,5,530.00
12735,1,5,571.00
12733,1,5,142.80
12732,1,5,525.00
12731,1,5,396.00
12729,1,5,298.50
12727,1,5,315.20
12725,1,5,567.36
12722,1,5,9.50
12721,1,5,1700.64
12720,1,5,691.00
12719,1,5,172.44
12718,1,5,391.01
12716,1,5,67.66
12715,1,5,154.40
12714,1,5,75.00
12713,1,5,419.22
12709,1,5,363.09
12696,1,5,181.58
12695,1,5,381.50
12691,1,5,137.90
12690,1,5,210.70
12689,1,5,558.45
12687,1,5,366.80
12686,1,5,413.35
12685,1,5,1050.00
12684,1,5,920.00
12683,1,5,956.00
12682,1,5,1758.00
12678,1,5,499.20
12677,1,5,1040.00
12665,1,5,1333.92
12663,1,5,393.25
12662,1,5,1241.10
12661,1,5,59.50
12660,1,5,82.50
12659,1,5,412.75
12658,1,5,578.40
12657,1,5,142.80
12656,1,5,330.00
12636,1,5,1510.00
12630,1,5,11750.00
12629,1,5,1952.00
12628,1,5,2637.00
12623,1,5,351.12
12622,1,5,1018.81
12621,1,5,3192.00
12619,1,5,935.20
12618,1,5,2805.60
12617,1,5,9360.35
12616,1,5,1870.40
12608,1,5,288.00
12607,1,5,410.50
12606,1,5,369.90
12605,1,5,411.00
12604,1,5,2.25
12603,1,5,141.40
12602,1,5,386.34
12601,1,5,2100.00
12600,1,5,1840.00
12599,1,5,478.00
12598,1,5,105.35
12594,1,5,3850.50
12591,1,5,141.40
12590,1,5,419.22
12589,1,5,7050.00
12588,1,5,2373.00
12587,1,5,16.47
12586,1,5,2507.00
12584,1,5,663.00
12581,1,5,9277.06
12579,1,5,822.00
12578,1,5,748.80
12577,1,5,1560.00
12576,1,5,251.79
12562,1,5,936.00
12519,1,5,7.50
12517,1,5,14.14
12516,1,5,49.32
12514,1,5,345.00
12513,1,5,958.00
12511,1,5,48.25
12508,1,5,530.00
12504,1,5,1561.00
12503,1,5,184.19
12502,1,5,358.02
12501,1,5,4570.52
12500,1,5,575.17
12499,1,5,316.05
12498,1,5,832.20
12497,1,5,9.50
12491,1,5,2.00
12490,1,5,10.90
12489,1,5,19.30
12487,1,5,91.70
12485,1,5,110.99
12447,1,5,103.92
12446,1,5,318.60
12443,1,5,92.48
12442,1,5,306.00
12441,1,5,499.20
12440,1,5,1040.00
12436,1,5,5.15
12433,1,5,46.70
12431,1,5,22.20
12430,1,5,82.50
12426,1,5,23.75
12425,1,5,155.54
12424,1,5,460.32
12422,1,5,120.32
12420,1,5,446.72
12419,1,5,1305.56
12417,1,5,909.36
12416,1,5,1625.06
12414,1,5,870.40
12413,1,5,549.60
12412,1,5,1751.36
12410,1,5,971.52
12408,1,5,792.00
12406,1,5,10.23
12405,1,5,661.50
12400,1,5,691.00
12399,1,5,530.00
12396,1,5,124.20
12394,1,5,13.26
12393,1,5,370.20
12392,1,5,404.43
12374,1,5,525.00
12371,1,5,179.10
12370,1,5,5.00
12368,1,5,477.75
12367,1,5,499.20
12366,1,5,1040.00
12365,1,5,241.25
12363,1,5,95.00
12353,1,5,934.05
12352,1,5,2102.48
12350,1,5,91.70
12343,1,5,3232.00
12342,1,5,3915.00
12320,1,5,8080.00
12317,1,5,530.00
12316,1,5,51.88
12315,1,5,109.00
12314,1,5,83.60
12313,1,5,122.10
12312,1,5,480.00
12311,1,5,575.40
12309,1,5,419.22
12308,1,5,399.60
12307,1,5,2227.62
12306,1,5,822.00
12304,1,5,112.50
12303,1,5,990.60
12302,1,5,3027.00
12301,1,5,237.75
12300,1,5,504.64
12298,1,5,1566.00
12288,1,5,74.88
12287,1,5,156.00
12285,1,5,172.44
12284,1,5,391.01
12283,1,5,75.24
12279,1,5,11.65
12278,1,5,245.00
12277,1,5,515.00
12276,1,5,396.25
12275,1,5,836.64
12272,1,5,210.21
12271,1,5,95.20
12270,1,5,55.00
12268,1,5,660.40
12267,1,5,385.60
12265,1,5,1981.86
12261,1,5,648.00
12253,1,5,199.18
12249,1,5,139.95
12246,1,5,105.35
12245,1,5,284.70
12232,1,5,142.80
12231,1,5,990.60
12230,1,5,1981.86
12229,1,5,648.00
12226,1,5,7.52
12224,1,5,27.92
12223,1,5,133.64
12220,1,5,740.40
12219,1,5,168.40
12217,1,5,87.04
12216,1,5,277.86
12215,1,5,1951.25
12214,1,5,306.44
12212,1,5,2590.12
12211,1,5,75.00
12210,1,5,37.20
12209,1,5,437.50
12208,1,5,5711.52
12207,1,5,956.92
12205,1,5,1425.00
12204,1,5,2686.60
12203,1,5,7817.22
12202,1,5,248.40
12199,1,5,152.49
12198,1,5,370.20
12197,1,5,802.23
12195,1,5,258.00
12182,1,5,176.50
12181,1,5,1275.00
12180,1,5,10935.00
12179,1,5,5800.00
12178,1,5,458.50
12177,1,5,3712.50
12176,1,5,1837.50
12175,1,5,16.23
12173,1,5,66.30
12172,1,5,292.50
12171,1,5,411.00
12170,1,5,446.25
12167,1,5,512.40
12166,1,5,127.26
12165,1,5,378.12
12164,1,5,1445.31
12162,1,5,73.26
12161,1,5,187.85
12160,1,5,540.00
12159,1,5,2967.42
12158,1,5,427.02
12156,1,5,5.09
12152,1,5,574.80
12151,1,5,1288.41
12149,1,5,95.55
12147,1,5,1040.00
12126,1,5,17468.73
12125,1,5,223.00
12124,1,5,1115.00
12123,1,5,55.00
12122,1,5,1155.70
12121,1,5,385.60
12120,1,5,7.50
12119,1,5,14.14
12118,1,5,49.32
12117,1,5,190.40
12116,1,5,5304.00
12115,1,5,2855.00
12111,1,5,146.25
12108,1,5,95.55
12106,1,5,8068.06
12105,1,5,138.64
12104,1,5,426.40
12103,1,5,109.00
12102,1,5,2180.00
12101,1,5,88.00
12099,1,5,464.10
12091,1,5,8.36
12090,1,5,26.64
12089,1,5,408.85
12088,1,5,1350.00
12087,1,5,1233.00
12085,1,5,3707.22
12084,1,5,39.96
12083,1,5,1479.60
12082,1,5,986.40
12081,1,5,25.88
12070,1,5,240.00
12067,1,5,632.28
12066,1,5,1416.61
12065,1,5,431.10
12064,1,5,961.50
12062,1,5,191.10
12050,1,5,936.00
12049,1,5,142.80
12048,1,5,110.00
12046,1,5,990.60
12045,1,5,771.20
12043,1,5,3955.00
12039,1,5,3516.00
12026,1,5,287.40
12025,1,5,641.00
12021,1,5,12080.00
12020,1,5,15070.00
12019,1,5,50.90
12017,1,5,597.00
12015,1,5,1996.80
12014,1,5,4160.00
12006,1,5,2598.00
12004,1,5,191.10
12001,1,5,472.80
12000,1,5,530.00
11999,1,5,571.00
11998,1,5,2659.80
11996,1,5,19.90
11995,1,5,60.32
11994,1,5,131.40
11993,1,5,12.20
11992,1,5,719.40
11991,1,5,24.28
11990,1,5,49.80
11985,1,5,480.00
11877,1,5,167.20
11876,1,5,808.00
11875,1,5,119.00
11874,1,5,842.01
11873,1,5,510.00
11872,1,5,4131.00
11871,1,5,2320.00
11870,1,5,183.40
11869,1,5,1402.50
11868,1,5,735.00
11865,1,5,530.00
11864,1,5,1728.25
11863,1,5,342.55
11862,1,5,75.00
11861,1,5,419.22
11860,1,5,5059.52
11857,1,5,27400.00
11840,1,5,346.40
11839,1,5,1062.00
11838,1,5,748.80
11837,1,5,1560.00
11833,1,5,633.00
11831,1,5,525.00
11830,1,5,792.00
11829,1,5,12.25
11828,1,5,15.85
11827,1,5,33.20
11824,1,5,420.00
11819,1,5,82.50
11818,1,5,394.00
11817,1,5,578.40
11816,1,5,691.00
11813,1,5,75.00
11812,1,5,418.71
11809,1,5,691.00
11808,1,5,661.50
11806,1,5,87.60
11805,1,5,2244.00
11804,1,5,6456.06
11803,1,5,345.00
11802,1,5,958.00
11801,1,5,2496.00
11800,1,5,5200.00
11797,1,5,1793.00
11796,1,5,486.20
11792,1,5,15.85
11791,1,5,33.20
11779,1,5,795.00
11778,1,5,783.00
11762,1,5,240.00
11760,1,5,19.30
11756,1,5,110.99
11755,1,5,23.04
11746,1,5,229.95
11744,1,5,2133.00
11743,1,5,442.00
11741,1,5,6167.70
11740,1,5,983.00
11738,1,5,105.56
11737,1,5,2600.00
11735,1,5,94.17
11734,1,5,363.22
11733,1,5,1109.90
11728,1,5,1248.00
11726,1,5,530.00
11724,1,5,23.34
11723,1,5,63.00
11721,1,5,124.80
11720,1,5,260.00
11718,1,5,191.10
11713,1,5,212.10
11712,1,5,616.50
11711,1,5,660.40
11710,1,5,2018.00
11709,1,5,373.00
11685,1,5,129.70
11684,1,5,272.50
11681,1,5,75.00
11680,1,5,446.25
11679,1,5,186.81
11678,1,5,423.06
11677,1,5,125.45
11675,1,5,12.25
11673,1,5,50.00
11672,1,5,131.40
11671,1,5,14.94
11669,1,5,18.60
11668,1,5,119.00
11667,1,5,825.50
11666,1,5,633.00
11664,1,5,525.00
11663,1,5,792.00
11661,1,5,717.25
11660,1,5,138.64
11659,1,5,426.40
11658,1,5,88.00
11657,1,5,691.00
11655,1,5,2928.00
11654,1,5,2637.00
11653,1,5,808.00
11652,1,5,11800.00
11641,1,5,180.00
11640,1,5,882.00
11638,1,5,550.20
11635,1,5,5.35
11634,1,5,1510.00
11633,1,5,6850.00
11632,1,5,4698.00
11617,1,5,4530.00
11616,1,5,2928.00
11615,1,5,2637.00
11614,1,5,2928.00
11613,1,5,2637.00
11609,1,5,62.70
11604,1,5,60.32
11603,1,5,131.40
11601,1,5,2.09
11600,1,5,166.50
11599,1,5,399.60
11598,1,5,653.47
11596,1,5,11.99
11595,1,5,30.54
11593,1,5,191.10
11583,1,5,1582.00
11580,1,5,610.80
11579,1,5,75.40
11578,1,5,164.00
11577,1,5,359.70
11576,1,5,1043.45
11575,1,5,230.00
11574,1,5,57.54
11573,1,5,149.40
11570,1,5,571.00
11568,1,5,119.00
11567,1,5,825.50
11566,1,5,55.00
11565,1,5,385.60
11563,1,5,884.00
11562,1,5,67.50
11561,1,5,127.26
11560,1,5,378.12
11559,1,5,1047.37
11558,1,5,223.00
11555,1,5,24.96
11554,1,5,52.00
11553,1,5,496.44
11552,1,5,1488.06
11551,1,5,2219.40
11550,1,5,986.40
11549,1,5,1395.00
11548,1,5,4447.02
11545,1,5,639.92
11543,1,5,139.12
11541,1,5,516.52
11540,1,5,1017.72
11539,1,5,1077.76
11538,1,5,1610.24
11537,1,5,1625.06
11530,1,5,433.40
11529,1,5,1299.10
11526,1,5,119.40
11521,1,5,976.00
11520,1,5,879.00
11519,1,5,976.00
11518,1,5,808.00
11517,1,5,783.00
11516,1,5,795.00
11515,1,5,212.16
11514,1,5,3876.86
11513,1,5,782.40
11512,1,5,471.90
11511,1,5,2688.00
11508,1,5,126.42
11507,1,5,339.45
11505,1,5,45.24
11504,1,5,98.55
11503,1,5,12.25
11502,1,5,648.90
11501,1,5,158.50
11500,1,5,332.00
11499,1,5,1020.00
11498,1,5,8505.00
11497,1,5,3364.00
11496,1,5,366.80
11495,1,5,2887.50
11494,1,5,1065.75
11492,1,5,282.40
11491,1,5,652.86
11490,1,5,130.40
11489,1,5,35.36
11488,1,5,3020.00
11487,1,5,4110.00
11486,1,5,11800.00
11485,1,5,1616.00
11484,1,5,1566.00
11483,1,5,8.03
11481,1,5,728.64
11479,1,5,12.40
11477,1,5,475.00
11476,1,5,2828.00
11475,1,5,8228.22
11474,1,5,1115.00
11473,1,5,2431.00
11472,1,5,3266.52
11467,1,5,119.40
11465,1,5,350.10
11460,1,5,220.80
11459,1,5,276.80
11458,1,5,11.38
11456,1,5,7.90
11455,1,5,14.88
11454,1,5,51.96
11453,1,5,827.50
11452,1,5,2613.24
11451,1,5,99.00
11450,1,5,368.00
11449,1,5,1145.00
11448,1,5,323.36
11447,1,5,88.54
11446,1,5,1011.15
11445,1,5,2880.00
11444,1,5,1648.00
11443,1,5,1850.00
11438,1,5,478.00
11437,1,5,728.00
11436,1,5,884.80
11435,1,5,4676.00
11434,1,5,181.44
11433,1,5,405.00
11432,1,5,206.40
11431,1,5,439.02
11430,1,5,538.78
11429,1,5,1647.65
11424,1,5,172.00
11423,1,5,857.49
11415,1,5,415.00
11414,1,5,935.20
11413,1,5,9360.35
11412,1,5,1870.40
11411,1,5,1041.51
11410,1,5,246.40
11409,1,5,3362.24
11407,1,5,1177.12
11406,1,5,5143.60
11405,1,5,78.78
11404,1,5,164.40
11402,1,5,402.40
11400,1,5,390.60
11399,1,5,364.00
11398,1,5,17.32
11397,1,5,76.12
11396,1,5,115.00
11395,1,5,1313.00
11394,1,5,2740.00
11392,1,5,222.32
11391,1,5,484.40
11385,1,5,102.70
11384,1,5,193.44
11383,1,5,571.56
11381,1,5,175.70
11380,1,5,1216.60
11371,1,5,404.70
11369,1,5,497.10
11366,1,5,35.44
11365,1,5,687.00
11364,1,5,283.52
11362,1,5,249.48
11360,1,5,927.36
11359,1,5,476.96
11357,1,5,1249.26
11354,1,5,2198.40
11353,1,5,232.20
11352,1,5,493.22
11351,1,5,79.00
11350,1,5,469.71
11347,1,5,1850.00
11346,1,5,1702.00
11323,1,5,441.66
11321,1,5,26.40
11319,1,5,1005.00
11318,1,5,86.90
11317,1,5,14.88
11316,1,5,51.96
11315,1,5,63.52
11314,1,5,276.80
11312,1,5,558.00
11311,1,5,250.35
11310,1,5,530.48
11309,1,5,148.60
11308,1,5,1581.87
11307,1,5,849.00
11305,1,5,516.00
11301,1,5,140.84
11299,1,5,85.34
11298,1,5,347.60
11294,1,5,4400.00
11286,1,5,73.00
11285,1,5,219.00
11284,1,5,46.40
11283,1,5,302.40
11282,1,5,681.75
11281,1,5,8.67
11279,1,5,283.72
11277,1,5,588.00
11276,1,5,364.00
11275,1,5,315.50
11273,1,5,364.00
11272,1,5,4.92
11268,1,5,2600.00
11261,1,5,201.20
11259,1,5,289.80
11258,1,5,60.90
11257,1,5,11.70
11254,1,5,79.00
11253,1,5,441.66
11252,1,5,105.04
11251,1,5,219.20
11249,1,5,201.20
11247,1,5,539.40
11246,1,5,1475.88
11245,1,5,173.00
11243,1,5,552.00
11242,1,5,832.00
11215,1,5,13.05
11214,1,5,11.38
11212,1,5,99.00
11211,1,5,368.00
11210,1,5,1145.00
11209,1,5,866.00
11207,1,5,132.00
11206,1,5,140.40
11205,1,5,268.60
11204,1,5,630.60
11203,1,5,606.20
11202,1,5,681.00
11186,1,5,563.00
11183,1,5,125.50
11182,1,5,869.00
11181,1,5,87.00
11180,1,5,609.00
11179,1,5,161.16
11177,1,5,9.60
11176,1,5,47.64
11175,1,5,103.80
11170,1,5,162.60
11169,1,5,531.60
11168,1,5,102.70
11167,1,5,193.44
11166,1,5,571.56
11165,1,5,136.60
11164,1,5,272.50
11156,1,5,618.00
11155,1,5,40.60
11154,1,5,406.00
11148,1,5,1249.26
11146,1,5,130.68
11144,1,5,485.76
11143,1,5,520.32
11140,1,5,45.80
11139,1,5,1465.60
11138,1,5,460.72
11137,1,5,181.44
11136,1,5,411.75
11102,1,5,24.56
11101,1,5,1313.00
11100,1,5,2740.00
11099,1,5,7950.00
11098,1,5,7200.00
11097,1,5,4120.00
11096,1,5,440.00
11095,1,5,1530.00
11094,1,5,2680.00
11093,1,5,17920.00
11092,1,5,5856.00
11091,1,5,1447.50
11090,1,5,6076.00
11089,1,5,1935.00
11087,1,5,2200.00
11086,1,5,189.30
11085,1,5,364.00
11084,1,5,364.60
11083,1,5,1118.00
11081,1,5,2175.00
11075,1,5,2054.00
11074,1,5,1850.00
11073,1,5,1850.00
11063,1,5,11691.00
11062,1,5,3147.83
11053,1,5,230.00
11050,1,5,356.60
11049,1,5,1098.88
11048,1,5,20.30
11046,1,5,116.93
11045,1,5,552.00
11044,1,5,151.20
11043,1,5,258.00
11042,1,5,337.50
11041,1,5,547.42
11040,1,5,1170.00
11039,1,5,194.36
11038,1,5,286.59
11037,1,5,3436.86
11036,1,5,604.55
11029,1,5,110.90
11028,1,5,299.52
11027,1,5,64.00
11026,1,5,347.60
11025,1,5,1063.00
11020,1,5,20.13
11011,1,5,83.52
11010,1,5,270.40
11009,1,5,438.00
11008,1,5,146.00
11007,1,5,94.80
11006,1,5,178.56
11005,1,5,528.26
11004,1,5,4.64
11003,1,5,193.50
11002,1,5,406.50
11001,1,5,166.90
11000,1,5,355.98
10998,1,5,488.25
10993,1,5,601.00
10992,1,5,58.00
10991,1,5,406.00
10990,1,5,75.30
10989,1,5,521.40
10984,1,5,82.85
10981,1,5,8658.08
10980,1,5,115.00
10979,1,5,2300.00
10962,1,5,289.50
10961,1,5,1736.00
10960,1,5,812.70
10959,1,5,723.60
10958,1,5,5120.00
10957,1,5,2562.00
10956,1,5,125.50
10955,1,5,869.00
10948,1,5,78.78
10947,1,5,164.40
10945,1,5,201.20
10944,1,5,3.51
10937,1,5,168.90
10935,1,5,465.00
10934,1,5,464.00
10933,1,5,65.40
10931,1,5,209.40
10930,1,5,642.55
10929,1,5,333.80
10928,1,5,704.98
10922,1,5,363.20
10921,1,5,1009.00
10917,1,5,223.20
10916,1,5,649.50
10915,1,5,1313.00
10914,1,5,2740.00
10912,1,5,100.14
10911,1,5,209.40
10907,1,5,557.00
10899,1,5,11130.00
10898,1,5,10080.00
10897,1,5,1540.50
10896,1,5,2054.00
10895,1,5,1850.00
10894,1,5,303.52
10891,1,5,728.00
10890,1,5,219.00
10889,1,5,667.95
10888,1,5,139.20
10887,1,5,3.51
10886,1,5,79.00
10885,1,5,441.66
10883,1,5,415.00
10879,1,5,386.40
10872,1,5,837.00
10857,1,5,4770.00
10856,1,5,4320.00
10855,1,5,7440.00
10854,1,5,1540.50
10853,1,5,2775.00
10852,1,5,1027.00
10851,1,5,925.00
10850,1,5,4255.00
10849,1,5,1648.00
10822,1,5,12.62
10821,1,5,21.44
10799,1,5,466.00
10798,1,5,1720.00
10797,1,5,8498.49
10796,1,5,7.90
10795,1,5,14.88
10794,1,5,51.96
10793,1,5,322.32
10791,1,5,601.00
10790,1,5,9.90
10789,1,5,36.80
10788,1,5,114.50
10771,1,5,245.88
10770,1,5,490.50
10767,1,5,65.36
10766,1,5,203.30
10765,1,5,3393.00
10764,1,5,692.01
10763,1,5,9953.86
10762,1,5,2054.00
10761,1,5,4625.00
10754,1,5,404.55
10752,1,5,269.80
10750,1,5,196.56
10749,1,5,432.00
10748,1,5,127.89
10746,1,5,369.35
10745,1,5,1106.27
10742,1,5,816.86
10741,1,5,2498.05
10710,1,5,208.00
10709,1,5,552.00
10708,1,5,150.60
10707,1,5,1042.80
10704,1,5,1313.00
10703,1,5,2740.00
10694,1,5,289.50
10693,1,5,1736.00
10692,1,5,851.40
10691,1,5,5120.00
10690,1,5,2684.00
10687,1,5,11.50
10686,1,5,111.16
10685,1,5,242.20
10683,1,5,201.20
10677,1,5,315.50
10673,1,5,348.00
10672,1,5,168.90
10671,1,5,480.50
10670,1,5,79.00
10669,1,5,441.66
10665,1,5,7950.00
10664,1,5,18800.00
10663,1,5,2054.00
10662,1,5,2080.00
10661,1,5,2080.00
10657,1,5,132.00
10656,1,5,117.00
10655,1,5,630.60
10654,1,5,476.70
10652,1,5,866.00
10651,1,5,866.00
10650,1,5,865.00
10649,1,5,167.76
10648,1,5,1185.00
10647,1,5,3905.66
10639,1,5,992.32
10638,1,5,578.16
10636,1,5,2149.12
10635,1,5,899.72
10634,1,5,1648.80
10633,1,5,5049.45
10632,1,5,1949.20
10621,1,5,372.00
10620,1,5,315.50
10619,1,5,7020.00
10618,1,5,1398.00
10617,1,5,20586.86
10613,1,5,17.95
10611,1,5,205.50
10609,1,5,47.64
10608,1,5,89.96
10607,1,5,438.48
10606,1,5,985.50
10605,1,5,521.92
10603,1,5,246.40
10602,1,5,442.40
10596,1,5,588.56
10589,1,5,1870.40
10588,1,5,1150.24
10587,1,5,467.60
10586,1,5,4684.35
10585,1,5,935.20
10582,1,5,142.92
10581,1,5,311.40
10580,1,5,40.60
10579,1,5,3.51
10576,1,5,415.00
10574,1,5,49.12
10572,1,5,78.78
10571,1,5,164.40
10569,1,5,201.20
10562,1,5,48.68
10561,1,5,161.00
10560,1,5,47.40
10558,1,5,601.00
10555,1,5,4165.00
10550,1,5,186.40
10549,1,5,3232.06
10548,1,5,1000.00
10547,1,5,2820.00
10543,1,5,128.55
10542,1,5,298.60
10536,1,5,552.00
10533,1,5,434.50
10532,1,5,3484.69
10531,1,5,2055.00
10519,1,5,2086.38
10518,1,5,682.00
10517,1,5,193.50
10516,1,5,411.92
10515,1,5,166.90
10514,1,5,349.00
10513,1,5,79.00
10512,1,5,469.71
10508,1,5,80.48
10494,1,5,823.05
10493,1,5,677.88
10491,1,5,111.16
10490,1,5,242.20
10489,1,5,145.04
10488,1,5,447.20
10463,1,5,667.00
10451,1,5,667.00
10450,1,5,26.07
10443,1,5,29.25
10440,1,5,160.00
10437,1,5,2055.00
10435,1,5,2088.00
10433,1,5,4964.00
10432,1,5,10073.18
10431,1,5,2170.00
10430,1,5,1227.00
10429,1,5,320.00
10428,1,5,1883.00
10426,1,5,1483.00
10425,1,5,1456.00
10388,1,5,601.00
10386,1,5,87.00
10385,1,5,609.00
10384,1,5,86.68
10383,1,5,237.51
10381,1,5,593.34
10380,1,5,1671.66
10370,1,5,3172.60
10369,1,5,2480.00
10368,1,5,7050.00
10367,1,5,7050.00
10366,1,5,4162.50
10365,1,5,3404.00
10364,1,5,5768.00
10358,1,5,4165.00
10357,1,5,7.18
10351,1,5,774.00
10350,1,5,2440.00
10349,1,5,1736.00
10348,1,5,5120.00
10343,1,5,44.00
10342,1,5,79.00
10340,1,5,441.66
10339,1,5,225.90
10335,1,5,553.00
10334,1,5,3039.66
10333,1,5,229.10
10332,1,5,866.00
10331,1,5,389.70
10327,1,5,11.48
10326,1,5,300.50
10314,1,5,218.88
10313,1,5,667.95
10312,1,5,139.20
10311,1,5,65.40
10309,1,5,209.40
10308,1,5,359.60
10307,1,5,79.00
10306,1,5,441.15
10302,1,5,218.56
10301,1,5,436.00
10300,1,5,142.92
10299,1,5,332.16
10298,1,5,604.80
10297,1,5,1350.00
10296,1,5,408.03
10288,1,5,178.56
10287,1,5,519.60
10286,1,5,111.16
10285,1,5,242.20
10281,1,5,2854.25
10280,1,5,3645.60
10279,1,5,10617.16
10278,1,5,954.50
10277,1,5,2858.90
10262,1,5,254.08
10261,1,5,546.68
10260,1,5,1313.00
10259,1,5,2740.00
10255,1,5,280.55
10253,1,5,201.20
10252,1,5,7.90
10251,1,5,14.88
10250,1,5,51.96
10247,1,5,386.40
10238,1,5,1564.20
10237,1,5,58.00
10236,1,5,406.00
10235,1,5,279.00
10234,1,5,728.00
10233,1,5,394.10
10213,1,5,86.90
10212,1,5,163.68
10211,1,5,484.96
10209,1,5,193.20
10208,1,5,363.20
10207,1,5,1009.00
10193,1,5,1850.00
10192,1,5,478.00
10180,1,5,552.00
10179,1,5,832.00
10178,1,5,35.80
10177,1,5,84.08
10175,1,5,65.25
10170,1,5,364.60
10169,1,5,1118.00
10166,1,5,215.00
10165,1,5,668.75
10164,1,5,6435.00
10163,1,5,1339.75
10162,1,5,18871.86
10158,1,5,34.90
10157,1,5,9250.00
10155,1,5,413.75
10154,1,5,1306.62
10152,1,5,696.96
10151,1,5,2590.72
10148,1,5,4591.45
10146,1,5,3480.80
10144,1,5,357.72
10143,1,5,425.28
10142,1,5,744.24
10141,1,5,23.40
10138,1,5,193.20
10133,1,5,986.00
10130,1,5,15900.00
10129,1,5,21600.00
10128,1,5,440.00
10127,1,5,1275.00
10126,1,5,53.16
10125,1,5,830.00
10124,1,5,88.60
10123,1,5,504.02
10122,1,5,1541.35
10121,1,5,255.50
10120,1,5,777.45
10119,1,5,162.40
10095,1,5,667.00
10093,1,5,162.40
10090,1,5,831.06
10089,1,5,16.26
10087,1,5,127.04
10086,1,5,290.64
10085,1,5,95.28
10084,1,5,207.60
10083,1,5,78.78
10082,1,5,164.40
10080,1,5,281.68
10079,1,5,1732.00
10078,1,5,692.00
10077,1,5,519.60
10076,1,5,132.00
10075,1,5,23.40
10074,1,5,1034.90
10073,1,5,630.60
10072,1,5,2736.56
10070,1,5,87.00
10069,1,5,175.70
10068,1,5,1216.60
10067,1,5,609.00
10050,1,5,901.50
10049,1,5,582.40
10046,1,5,99.00
10045,1,5,368.00
10044,1,5,1156.45
10043,1,5,142.92
10042,1,5,332.16
10039,1,5,29.25
10034,1,5,102.70
10033,1,5,193.44
10032,1,5,562.90
10031,1,5,10.15
10029,1,5,63.78
10023,1,5,1540.50
10022,1,5,1702.00
10021,1,5,1850.00
10019,1,5,728.00
10007,1,5,413.75
10006,1,5,1306.62
10005,1,5,531.50
10002,1,5,115.00
9996,1,5,120.72
9986,1,5,8488.48
9985,1,5,2300.00
9979,1,5,158.80
9978,1,5,346.00
9975,1,5,1170.00
9974,1,5,233.00
9973,1,5,3436.86
9972,1,5,274.00
9951,1,5,55.00
9950,1,5,7.90
9949,1,5,14.88
9948,1,5,43.30
9947,1,5,556.92
9946,1,5,117.00
9943,1,5,206.44
9942,1,5,470.56
9941,1,5,837.00
9930,1,5,553.35
9929,1,5,618.70
9927,1,5,47.64
9926,1,5,124.56
9925,1,5,5768.00
9924,1,5,493.00
9919,1,5,55.30
9918,1,5,104.16
9917,1,5,311.76
9893,1,5,2775.00
9892,1,5,3081.00
9890,1,5,193.20
9888,1,5,364.60
9887,1,5,1118.00
9878,1,5,26.26
9877,1,5,54.80
9857,1,5,20.12
9856,1,5,181.44
9855,1,5,405.00
9854,1,5,154.80
9853,1,5,330.62
9852,1,5,136.60
9851,1,5,272.50
9838,1,5,721.20
9837,1,5,667.00
9834,1,5,151.20
9833,1,5,344.25
9832,1,5,101.50
9828,1,5,576.85
9827,1,5,1727.77
9826,1,5,1313.00
9825,1,5,2740.00
9819,1,5,190.65
9817,1,5,399.74
9816,1,5,1222.45
9813,1,5,315.50
9808,1,5,205.50
9805,1,5,201.20
9804,1,5,104.28
9803,1,5,318.90
9802,1,5,20.30
9800,1,5,116.93
9799,1,5,87.20
9796,1,5,225.20
9794,1,5,620.00
9793,1,5,286.18
9792,1,5,271.50
9790,1,5,830.00
9778,1,5,315.50
9777,1,5,95.28
9776,1,5,207.60
9775,1,5,2691.15
9774,1,5,3437.28
9773,1,5,10010.96
9768,1,5,7440.00
9767,1,5,9400.00
9766,1,5,2567.50
9765,1,5,2312.50
9763,1,5,2925.00
9762,1,5,22.36
9761,1,5,587.16
9760,1,5,8581.86
9759,1,5,69.55
9755,1,5,136.10
9753,1,5,79.40
9752,1,5,166.08
9718,1,5,2499.00
9716,1,5,133.32
9715,1,5,238.20
9714,1,5,539.76
9710,1,5,193.50
9709,1,5,406.50
9708,1,5,250.35
9707,1,5,530.48
9682,1,5,1305.00
9681,1,5,699.00
9680,1,5,849.00
9679,1,5,1574.00
9678,1,5,2580.00
9677,1,5,10196.49
9669,1,5,5120.00
9668,1,5,2460.00
9667,1,5,1736.00
9666,1,5,774.00
9665,1,5,23.70
9664,1,5,125.25
9663,1,5,95.28
9662,1,5,207.60
9655,1,5,241.44
9652,1,5,346.40
9651,1,5,450.40
9648,1,5,1240.00
9647,1,5,389.70
9646,1,5,348.00
9645,1,5,65.40
9643,1,5,209.40
9642,1,5,597.30
9641,1,5,166.90
9640,1,5,355.98
9634,1,5,248.08
9631,1,5,2381.60
9630,1,5,542.52
9628,1,5,2016.64
9627,1,5,878.04
9626,1,5,992.32
9625,1,5,3904.45
9624,1,5,1630.24
9621,1,5,177.20
9618,1,5,3.68
9617,1,5,65.04
9616,1,5,17.72
9615,1,5,11.45
9614,1,5,17.72
9612,1,5,1450.00
9610,1,5,830.00
9608,1,5,363.20
9605,1,5,95.28
9604,1,5,207.60
9603,1,5,7050.00
9602,1,5,1040.00
9601,1,5,1040.00
9600,1,5,3081.00
9599,1,5,4625.00
9598,1,5,2553.00
9597,1,5,4120.00
9596,1,5,1236.00
9595,1,5,55.30
9594,1,5,104.16
9593,1,5,311.76
9591,1,5,131.30
9590,1,5,274.00
9589,1,5,497.10
9588,1,5,2829.00
9584,1,5,552.00
9583,1,5,832.00
9581,1,5,14400.00
9580,1,5,12720.00
9579,1,5,1105.00
9575,1,5,413.75
9574,1,5,1306.62
9572,1,5,63.52
9571,1,5,138.40
9565,1,5,1479.00
9547,1,5,777.70
9545,1,5,888.80
9537,1,5,667.00
9536,1,5,111.16
9535,1,5,262.96
9534,1,5,364.60
9533,1,5,1118.00
9521,1,5,150.60
9520,1,5,87.00
9519,1,5,1042.80
9518,1,5,609.00
9516,1,5,26.40
9514,1,5,1000.00
9513,1,5,2330.00
9512,1,5,2976.00
9511,1,5,8668.66
9504,1,5,5120.00
9503,1,5,2440.00
9502,1,5,774.00
9501,1,5,965.00
9500,1,5,1736.00
9499,1,5,196.56
9498,1,5,445.50
9497,1,5,131.95
9495,1,5,520.80
9494,1,5,5120.00
9493,1,5,2440.00
9492,1,5,774.00
9491,1,5,965.00
9490,1,5,1736.00
9489,1,5,2680.00
9488,1,5,850.00
9487,1,5,880.00
9484,1,5,7.18
9482,1,5,699.00
9481,1,5,11.70
9472,1,5,73.02
9471,1,5,241.50
9469,1,5,353.13
9464,1,5,1202.00
9461,1,5,3744.00
9460,1,5,1444.60
9459,1,5,10982.86
9458,1,5,83.45
9457,1,5,174.50
9454,1,5,2.37
9453,1,5,7950.00
9452,1,5,7200.00
9451,1,5,4960.00
9450,1,5,2312.50
9449,1,5,2230.00
9448,1,5,2175.00
9445,1,5,281.50
9439,1,5,563.00
9438,1,5,601.00
9437,1,5,46.40
9436,1,5,72.96
9435,1,5,219.00
9434,1,5,218.88
9433,1,5,667.95
9432,1,5,139.20
9431,1,5,245.88
9430,1,5,490.50
9429,1,5,79.56
9428,1,5,196.80
9426,1,5,3180.00
9425,1,5,4700.00
9424,1,5,2567.50
9412,1,5,5637.66
9411,1,5,1817.40
9405,1,5,3.68
9399,1,5,146.40
9398,1,5,409.20
9397,1,5,116.00
9396,1,5,125.50
9395,1,5,1042.80
9393,1,5,95.28
9392,1,5,221.44
9391,1,5,1313.00
9390,1,5,2740.00
9389,1,5,1255.98
9388,1,5,482.40
9383,1,5,11.50
9373,1,5,15.12
9372,1,5,40.50
9371,1,5,51.12
9370,1,5,110.04
9366,1,5,40.24
9365,1,5,131.30
9364,1,5,274.00
9362,1,5,201.20
9361,1,5,415.00
9356,1,5,17.55
9345,1,5,1666.00
9344,1,5,10.15
9342,1,5,63.78
9341,1,5,441.15
9340,1,5,93.60
9339,1,5,647.80
9338,1,5,3126.26
9337,1,5,544.80
9335,1,5,60.36
9334,1,5,573.54
9333,1,5,1753.95
9330,1,5,23.70
9329,1,5,432.45
9325,1,5,1240.40
9324,1,5,572.50
9323,1,5,160.38
9321,1,5,607.20
9320,1,5,433.60
9319,1,5,70.88
9318,1,5,1293.85
9317,1,5,70.88
9316,1,5,13.98
9315,1,5,47.40
9314,1,5,268.46
9308,1,5,2567.50
9307,1,5,2312.50
9306,1,5,2567.50
9305,1,5,2312.50
9304,1,5,4255.00
9303,1,5,4120.00
9301,1,5,7931.50
9300,1,5,7188.00
9299,1,5,7440.00
9298,1,5,7050.00
9297,1,5,37.28
9296,1,5,79.00
9295,1,5,473.79
9294,1,5,35.10
9293,1,5,47.40
9292,1,5,259.80
9290,1,5,232.00
9288,1,5,631.00
9262,1,5,466.00
9261,1,5,1035.00
9256,1,5,5650.06
9255,1,5,2000.00
9254,1,5,685.00
9246,1,5,63.20
9239,1,5,373.50
9238,1,5,1118.70
9236,1,5,418.50
9235,1,5,4758.90
9234,1,5,7050.00
9224,1,5,82.04
9223,1,5,281.75
9221,1,5,552.00
9220,1,5,485.46
9219,1,5,1370.46
9218,1,5,994.50
9217,1,5,198.05
9216,1,5,2922.36
9215,1,5,618.00
9214,1,5,125.50
9213,1,5,1303.50
9212,1,5,385.70
9206,1,5,1456.00
9205,1,5,79.00
9204,1,5,148.80
9203,1,5,441.66
9197,1,5,2553.00
9193,1,5,7.18
9192,1,5,4.74
9189,1,5,667.00
9188,1,5,901.50
9186,1,5,521.40
9185,1,5,609.00
9172,1,5,866.00
9166,1,5,201.20
9163,1,5,1313.00
9162,1,5,2740.00
9150,1,5,189.30
9148,1,5,2.37
9145,1,5,72.52
9144,1,5,223.60
9141,1,5,219.00
9140,1,5,73.00
9138,1,5,193.20
9137,1,5,64.00
9136,1,5,128.55
9135,1,5,298.60
9100,1,5,982.00
9099,1,5,293.88
9098,1,5,415.00
9097,1,5,1243.00
9094,1,5,466.00
9093,1,5,6866.86
9092,1,5,3276.00
9091,1,5,186.40
9090,1,5,2744.00
9088,1,5,7.90
9087,1,5,14.88
9086,1,5,51.96
9062,1,5,55.30
9061,1,5,104.16
9060,1,5,311.76
9058,1,5,49.20
9057,1,5,363.20
9056,1,5,1009.00
9043,1,5,11292.68
9042,1,5,320.00
9039,1,5,2055.00
9037,1,5,189.30
9030,1,5,357.00
9029,1,5,146.72
9028,1,5,450.59
9027,1,5,92.80
9024,1,5,270.00
9022,1,5,482.00
9017,1,5,1562.40
9016,1,5,464.40
9015,1,5,4608.00
9014,1,5,1464.00
9013,1,5,1320.00
9012,1,5,1955.00
9011,1,5,116.50
9010,1,5,148.80
9009,1,5,433.00
9008,1,5,413.75
9007,1,5,1306.62
9005,1,5,230.00
9002,1,5,356.60
9001,1,5,1098.88
9000,1,5,109.28
8999,1,5,218.00
8992,1,5,1092.00
8989,1,5,15.80
8988,1,5,29.76
8987,1,5,95.26
8986,1,5,17.55
8983,1,5,64.24
8982,1,5,4.16
8977,1,5,49.10
8973,1,5,64.96
8966,1,5,667.00
8950,1,5,175.70
8949,1,5,1216.60
8948,1,5,1015.00
8946,1,5,927.36
8945,1,5,216.80
8942,1,5,2748.00
8941,1,5,708.80
8940,1,5,407.88
8938,1,5,588.80
8937,1,5,715.44
8936,1,5,70.88
8935,1,5,1780.86
8934,1,5,1969.40
8933,1,5,496.16
8932,1,5,87.20
8929,1,5,279.20
8928,1,5,461.55
8926,1,5,858.75
8924,1,5,521.40
8923,1,5,1595.40
8911,1,5,1180.50
8910,1,5,258.00
8909,1,5,69.90
8908,1,5,10620.99
8907,1,5,2150.00
8906,1,5,489.30
8903,1,5,163.68
8902,1,5,476.30
8900,1,5,869.00
8899,1,5,69.60
8897,1,5,8.86
8896,1,5,175.50
8895,1,5,1028.31
8894,1,5,187.00
8893,1,5,17.55
8892,1,5,221.20
8891,1,5,683.15
8889,1,5,779.40
8888,1,5,433.00
8886,1,5,6.40
8884,1,5,2097.00
8883,1,5,26.40
8881,1,5,1000.00
8880,1,5,2678.40
8879,1,5,7802.66
8877,1,5,49.20
8875,1,5,201.20
8874,1,5,685.10
8863,1,5,711.00
8862,1,5,3905.66
8861,1,5,105.04
8860,1,5,219.20
8859,1,5,2.37
8857,1,5,418.50
8851,1,5,40.24
8847,1,5,300.20
8846,1,5,1047.86
8845,1,5,605.50
8839,1,5,601.00
8837,1,5,237.00
8835,1,5,110.90
8834,1,5,299.52
8833,1,5,685.10
8832,1,5,252.00
8830,1,5,830.00
8827,1,5,98.40
8826,1,5,745.60
8825,1,5,320.00
8822,1,5,464.00
8820,1,5,1483.00
8819,1,5,1241.00
8818,1,5,2236.00
8817,1,5,10424.68
8816,1,5,4120.00
8815,1,5,12400.00
8814,1,5,8178.00
8808,1,5,269.70
8807,1,5,753.00
8793,1,5,301.80
8788,1,5,1144.00
8787,1,5,1190.00
8785,1,5,259.80
8782,1,5,25.24
8781,1,5,53.60
8780,1,5,1313.00
8779,1,5,2740.00
8778,1,5,413.75
8777,1,5,1306.62
8776,1,5,9336.48
8775,1,5,2530.00
8725,1,5,109.50
8724,1,5,36.50
8703,1,5,1334.00
8700,1,5,138.60
8699,1,5,435.05
8696,1,5,3172.60
8695,1,5,3750.00
8694,1,5,2312.50
8693,1,5,4290.00
8692,1,5,4155.00
8690,1,5,30.80
8689,1,5,92.40
8688,1,5,15.90
8687,1,5,563.00
8686,1,5,552.00
8685,1,5,420.00
8684,1,5,129.75
8683,1,5,11.00
8682,1,5,11.70
8681,1,5,244.90
8680,1,5,433.00
8679,1,5,52.55
8678,1,5,788.06
8677,1,5,68.10
8671,1,5,675.50
8670,1,5,1475.60
8669,1,5,387.00
8668,1,5,4352.00
8667,1,5,1220.00
8666,1,5,6.40
8665,1,5,33.38
8664,1,5,69.80
8663,1,5,17.55
8658,1,5,201.20
8657,1,5,29.76
8656,1,5,86.60
8655,1,5,26.00
8637,1,5,21.70
8636,1,5,31.68
8635,1,5,17.89
8632,1,5,10.95
8631,1,5,18.25
8627,1,5,37.76
8626,1,5,166.90
8625,1,5,349.00
8614,1,5,601.00
8606,1,5,331.80
8604,1,5,163.92
8603,1,5,327.00
8602,1,5,830.00
8597,1,5,7.80
8595,1,5,900.60
8594,1,5,433.00
8593,1,5,86.50
8592,1,5,3897.00
8591,1,5,519.60
8590,1,5,110.00
8589,1,5,105.30
8588,1,5,853.20
8587,1,5,531.50
8586,1,5,4685.06
8585,1,5,612.90
8584,1,5,146.72
8583,1,5,450.59
8582,1,5,92.80
8578,1,5,1.28
8576,1,5,100.60
8575,1,5,105.04
8574,1,5,219.20
8573,1,5,20.80
8570,1,5,100.60
8567,1,5,96.00
8561,1,5,79.00
8560,1,5,441.66
8559,1,5,46.80
8558,1,5,442.40
8557,1,5,519.60
8556,1,5,753.42
8555,1,5,127.80
8554,1,5,262.00
8552,1,5,315.50
8551,1,5,552.00
8544,1,5,40.24
8543,1,5,163.15
8542,1,5,115.80
8541,1,5,1129.70
8540,1,5,812.00
8528,1,5,877.80
8527,1,5,1837.50
8526,1,5,728.00
8525,1,5,215.00
8524,1,5,668.75
8523,1,5,1609.92
8522,1,5,337.85
8521,1,5,4726.54
8517,1,5,289.50
8516,1,5,253.00
8512,1,5,6600.00
8511,1,5,2175.00
8503,1,5,357.00
8502,1,5,1015.00
8501,1,5,1390.40
8499,1,5,830.00
8497,1,5,308.60
8496,1,5,675.00
8495,1,5,65.00
8494,1,5,52.00
8493,1,5,249.40
8492,1,5,529.24
8491,1,5,63.20
8490,1,5,118.96
8489,1,5,346.40
8484,1,5,378.40
8483,1,5,315.50
8482,1,5,11.70
8478,1,5,497.80
8477,1,5,1370.85
8463,1,5,536.00
8461,1,5,837.00
8446,1,5,493.00
8445,1,5,491.00
8439,1,5,23.00
8438,1,5,83.60
8437,1,5,482.50
8436,1,5,2604.00
8435,1,5,7680.00
8434,1,5,976.00
8432,1,5,830.00
8430,1,5,1111.00
8428,1,5,482.50
8427,1,5,4700.00
8426,1,5,11500.80
8425,1,5,3081.00
8424,1,5,2775.00
8423,1,5,3081.00
8422,1,5,1850.00
8421,1,5,332.64
8419,1,5,1236.48
8418,1,5,943.08
8417,1,5,460.72
8416,1,5,1630.24
8415,1,5,3847.20
8414,1,5,992.32
8412,1,5,399.96
8411,1,5,1486.72
8410,1,5,130.08
8409,1,5,45.80
8408,1,5,4591.45
8407,1,5,425.28
8405,1,5,3.68
8400,1,5,363.00
8399,1,5,1009.00
8365,1,5,23.20
8363,1,5,63.20
8361,1,5,81.92
8360,1,5,120.00
8359,1,5,357.93
8357,1,5,1666.00
8356,1,5,2320.00
8349,1,5,374.10
8348,1,5,791.24
8347,1,5,168.30
8346,1,5,350.50
8345,1,5,840.00
8340,1,5,361.80
8339,1,5,1109.00
8335,1,5,80.48
8332,1,5,79.00
8330,1,5,10.24
8328,1,5,680.36
8327,1,5,2300.48
8325,1,5,944.16
8324,1,5,9450.03
8323,1,5,1888.32
8321,1,5,100.60
8309,1,5,126.50
8308,1,5,265.00
8305,1,5,100.60
8290,1,5,673.00
8285,1,5,118.80
8283,1,5,227.20
8282,1,5,556.00
8281,1,5,386.65
8277,1,5,990.12
8276,1,5,149.64
8275,1,5,319.64
8270,1,5,196.78
8266,1,5,666.85
8265,1,5,685.10
8264,1,5,15070.08
8263,1,5,13657.26
8255,1,5,154.28
8254,1,5,344.35
8253,1,5,101.63
8252,1,5,107.25
8251,1,5,560.79
8250,1,5,1734.05
8249,1,5,70.10
8248,1,5,563.00
8243,1,5,33.66
8240,1,5,4000.00
8239,1,5,3625.00
8238,1,5,7500.00
8237,1,5,7110.00
8236,1,5,3732.00
8235,1,5,3432.00
8233,1,5,86.85
8232,1,5,1015.00
8231,1,5,126.50
8230,1,5,876.50
8229,1,5,1866.00
8228,1,5,1450.00
8166,1,5,43.20
8162,1,5,47.20
8161,1,5,214.40
8110,1,5,9.90
8109,1,5,36.80
8105,1,5,114.50
8104,1,5,260.96
8103,1,5,246.40
8102,1,5,707.84
8100,1,5,1177.12
8099,1,5,467.60
8098,1,5,2813.95
8095,1,5,40.24
8093,1,5,191.97
8079,1,5,1214.00
8061,1,5,531.50
8060,1,5,8702.76
8058,1,5,2392.00
8055,1,5,567.60
8054,1,5,471.60
8053,1,5,1255.41
8049,1,5,473.69
8048,1,5,493.22
8043,1,5,3461.91
8041,1,5,7.03
8026,1,5,2900.00
8023,1,5,12.89
8022,1,5,26.40
8019,1,5,155.64
8018,1,5,322.80
8017,1,5,13.20
8015,1,5,99.20
8014,1,5,691.00
8006,1,5,1840.00
7983,1,5,148.00
7982,1,5,466.58
7981,1,5,86.40
7980,1,5,47.00
7979,1,5,794.00
7978,1,5,173.00
7974,1,5,700.00
7973,1,5,234.30
7972,1,5,2064.00
7971,1,5,738.00
7970,1,5,17.70
7962,1,5,11.60
7960,1,5,6.44
7958,1,5,4155.00
7957,1,5,3200.00
7956,1,5,2900.00
7955,1,5,20.50
7953,1,5,116.60
7952,1,5,8.00
7951,1,5,15.00
7950,1,5,43.65
7949,1,5,47.00
7948,1,5,173.00
7947,1,5,864.56
7936,1,5,734.00
7935,1,5,1866.00
7934,1,5,202.40
7933,1,5,1402.40
7932,1,5,39.60
7931,1,5,201.96
7930,1,5,431.27
7929,1,5,12.89
7928,1,5,26.40
7924,1,5,1755.00
7914,1,5,190.80
7913,1,5,3540.00
7912,1,5,441.80
7911,1,5,10386.92
7909,1,5,607.20
7908,1,5,1272.00
7907,1,5,282.00
7898,1,5,20.50
7895,1,5,3108.00
7894,1,5,2697.00
7893,1,5,2493.00
7889,1,5,557.00
7888,1,5,673.00
7883,1,5,190.80
7869,1,5,233.40
7868,1,5,517.56
7867,1,5,153.75
7852,1,5,973.00
7851,1,5,875.00
7850,1,5,6708.00
7848,1,5,2115.00
7847,1,5,52.80
7845,1,5,2048.00
7844,1,5,2700.00
7843,1,5,7865.73
7841,1,5,21.10
7837,1,5,10.25
7835,1,5,63.60
7834,1,5,141.00
7833,1,5,2576.56
7832,1,5,519.00
7829,1,5,183.30
7828,1,5,82.60
7827,1,5,512.00
7826,1,5,698.40
7825,1,5,1580.13
7824,1,5,523.80
7823,1,5,477.40
7816,1,5,216.00
7814,1,5,801.36
7813,1,5,502.32
7812,1,5,71.52
7811,1,5,2494.80
7810,1,5,1573.44
7809,1,5,4.00
7807,1,5,14.84
7806,1,5,229.32
7805,1,5,643.68
7804,1,5,46.20
7803,1,5,107.28
7801,1,5,112.00
7800,1,5,415.52
7797,1,5,1305.15
7796,1,5,32.90
7795,1,5,65.40
7792,1,5,217.93
7791,1,5,30.75
7789,1,5,169.60
7784,1,5,37.00
7783,1,5,91.04
7778,1,5,18.56
7777,1,5,88.40
7774,1,5,36.82
7773,1,5,10.56
7765,1,5,797.68
7764,1,5,65.74
7763,1,5,178.60
7762,1,5,2345.88
7761,1,5,205.20
7760,1,5,13.20
7747,1,5,18.50
7746,1,5,56.90
7723,1,5,82.50
7722,1,5,403.75
7721,1,5,1309.14
7720,1,5,87.20
7718,1,5,281.20
7717,1,5,115.50
7714,1,5,170.40
7712,1,5,469.20
7711,1,5,358.05
7710,1,5,7712.56
7709,1,5,1557.00
7708,1,5,423.00
7707,1,5,77.82
7706,1,5,161.40
7704,1,5,126.50
7703,1,5,265.00
7701,1,5,182.61
7698,1,5,691.00
7695,1,5,85.80
7694,1,5,445.64
7693,1,5,1378.00
7687,1,5,109.00
7682,1,5,1476.00
7681,1,5,1171.50
7680,1,5,1459.50
7677,1,5,46.40
7620,1,5,1750.00
7619,1,5,189.75
7618,1,5,1314.75
7617,1,5,146.00
7616,1,5,1023.50
7615,1,5,607.00
7614,1,5,105.30
7613,1,5,105.69
7612,1,5,6.89
7609,1,5,74.09
7607,1,5,1036.00
7606,1,5,3750.00
7605,1,5,3555.00
7604,1,5,2145.00
7603,1,5,50.00
7602,1,5,185.50
7601,1,5,589.05
7600,1,5,356.40
7599,1,5,1123.20
7596,1,5,1382.00
7594,1,5,81.16
7593,1,5,105.69
7581,1,5,89.10
7580,1,5,403.75
7579,1,5,1309.14
7575,1,5,876.50
7572,1,5,14.52
7570,1,5,99.20
7569,1,5,1382.00
7567,1,5,1255.50
7564,1,5,673.00
7562,1,5,309.54
7561,1,5,352.30
7558,1,5,462.00
7557,1,5,366.54
7555,1,5,64.00
7553,1,5,237.44
7552,1,5,109.20
7550,1,5,277.20
7549,1,5,358.53
7548,1,5,124.48
7547,1,5,279.21
7546,1,5,82.00
7544,1,5,109.00
7543,1,5,540.50
7542,1,5,7964.92
7541,1,5,5.90
7537,1,5,2714.00
7534,1,5,19.82
7526,1,5,624.00
7525,1,5,97.60
7524,1,5,180.00
7523,1,5,532.53
7516,1,5,60.87
7515,1,5,318.50
7512,1,5,799.92
7511,1,5,2520.96
7510,1,5,164.00
7507,1,5,64.00
7504,1,5,729.81
7502,1,5,17.70
7499,1,5,155.64
7498,1,5,322.80
7494,1,5,691.00
7490,1,5,5000.00
7489,1,5,4740.00
7488,1,5,1716.00
7487,1,5,1662.00
7484,1,5,18.41
7480,1,5,673.00
7478,1,5,557.00
7477,1,5,840.00
7476,1,5,77.80
7475,1,5,177.06
7474,1,5,51.25
7472,1,5,12.17
7471,1,5,136.10
7457,1,5,92.50
7456,1,5,295.88
7455,1,5,54.00
7452,1,5,2520.00
7451,1,5,436.80
7450,1,5,253.00
7449,1,5,116.80
7445,1,5,818.80
7440,1,5,23.20
7439,1,5,75.90
7438,1,5,159.00
7435,1,5,81.16
7423,1,5,837.00
7419,1,5,44.40
7418,1,5,368.00
7417,1,5,698.40
7416,1,5,214.40
7415,1,5,794.43
7414,1,5,523.80
7411,1,5,23.50
7410,1,5,80.00
7409,1,5,444.72
7408,1,5,48.00
7407,1,5,90.00
7406,1,5,270.63
7396,1,5,13.16
7395,1,5,11.48
7382,1,5,1265.00
7381,1,5,2650.00
7376,1,5,691.00
7320,1,5,896.00
7319,1,5,1416.24
7318,1,5,472.08
7317,1,5,2832.48
7316,1,5,497.28
7315,1,5,1780.80
7313,1,5,2140.80
7311,1,5,9618.63
7310,1,5,1416.24
7300,1,5,55.50
7299,1,5,176.00
7298,1,5,174.60
7297,1,5,268.00
7296,1,5,794.43
7237,1,5,75.90
7236,1,5,159.00
7233,1,5,1.32
7232,1,5,515.60
7231,1,5,422.40
7229,1,5,136.00
7227,1,5,504.56
7226,1,5,43.68
7222,1,5,1570.80
7221,1,5,143.04
7220,1,5,216.00
7218,1,5,801.36
7217,1,5,851.76
7216,1,5,572.16
7215,1,5,2217.12
7214,1,5,2506.35
7211,1,5,56.32
7209,1,5,1292.56
7207,1,5,259.50
7202,1,5,877.50
7201,1,5,6630.00
7199,1,5,482.00
7190,1,5,80.00
7189,1,5,473.79
7115,1,5,69.30
7114,1,5,359.94
7113,1,5,1113.00
7110,1,5,119.50
7107,1,5,5.94
7106,1,5,23.98
7105,1,5,41.16
7102,1,5,16.03
7100,1,5,563.00
7099,1,5,910.50
7098,1,5,33.00
7097,1,5,168.30
7096,1,5,360.57
7091,1,5,253.00
7090,1,5,146.00
7089,1,5,1753.00
7088,1,5,1023.50
7087,1,5,691.00
7085,1,5,2145.00
7084,1,5,5891.79
7077,1,5,3.71
7073,1,5,358.05
7043,1,5,780.78
7042,1,5,5891.79
7035,1,5,8.00
7034,1,5,90.00
7033,1,5,235.71
7031,1,5,136.10
7029,1,5,41.00
7027,1,5,33.60
7021,1,5,563.00
7020,1,5,33.00
7019,1,5,79.50
7018,1,5,377.40
7017,1,5,797.28
7016,1,5,168.30
7015,1,5,353.50
7011,1,5,1050.00
7010,1,5,1050.00
7009,1,5,920.00
7006,1,5,381.60
7005,1,5,92.50
7004,1,5,295.88
7003,1,5,54.00
7002,1,5,10.25
7000,1,5,63.60
6999,1,5,44.40
6998,1,5,23.60
6997,1,5,64.00
6996,1,5,174.60
6995,1,5,214.40
6994,1,5,174.60
6993,1,5,143.22
6986,1,5,33.66
6980,1,5,844.00
6979,1,5,61.50
6978,1,5,318.00
6977,1,5,192.00
6976,1,5,1056.33
6975,1,5,240.00
6973,1,5,890.40
6972,1,5,687.96
6971,1,5,607.92
6970,1,5,1501.92
6969,1,5,2783.55
6968,1,5,143.04
6966,1,5,184.00
6965,1,5,682.64
6960,1,5,2125.20
6959,1,5,1880.00
6958,1,5,2400.00
6957,1,5,6992.73
6956,1,5,80.00
6955,1,5,436.50
6954,1,5,212.00
6953,1,5,47.20
6952,1,5,432.00
6951,1,5,2365.83
6950,1,5,136.40
6948,1,5,11.80
6947,1,5,96.00
6946,1,5,523.80
6944,1,5,1533.00
6943,1,5,1101.00
6942,1,5,4280.00
6941,1,5,590.00
6940,1,5,865.00
6939,1,5,70.50
6938,1,5,6856.56
6937,1,5,1384.00
6935,1,5,639.00
6934,1,5,708.00
6933,1,5,141.00
6932,1,5,2082.92
6931,1,5,2900.00
6930,1,5,2493.00
6929,1,5,2370.00
6928,1,5,2072.00
6927,1,5,858.00
6922,1,5,557.00
6921,1,5,840.00
6920,1,5,141.00
6919,1,5,1634.13
6918,1,5,1044.00
6916,1,5,232.00
6915,1,5,400.00
6911,1,5,126.50
6910,1,5,265.00
6908,1,5,877.50
6906,1,5,411.25
6905,1,5,26.40
6903,1,5,1029.12
6902,1,5,525.00
6901,1,5,1527.75
6898,1,5,32.40
6895,1,5,96.00
6894,1,5,180.00
6893,1,5,523.80
6891,1,5,80.00
6890,1,5,296.80
6889,1,5,935.55
6888,1,5,3.96
6881,1,5,826.00
6880,1,5,164.50
6879,1,5,2428.92
6877,1,5,403.75
6876,1,5,1309.14
6870,1,5,281.40
6869,1,5,325.20
6864,1,5,4800.00
6863,1,5,4350.00
6862,1,5,7500.00
6861,1,5,7110.00
6860,1,5,3732.00
6859,1,5,831.00
6856,1,5,77.80
6855,1,5,177.06
6854,1,5,51.25
6853,1,5,658.00
6852,1,5,824.00
6851,1,5,520.00
6849,1,5,1899.00
6848,1,5,2992.00
6847,1,5,1252.00
6844,1,5,7016.76
6843,1,5,1228.00
6842,1,5,1265.00
6841,1,5,2650.00
6835,1,5,12.09
6829,1,5,418.50
6827,1,5,837.00
6826,1,5,691.00
6825,1,5,215.74
6824,1,5,238.48
6822,1,5,80.00
6820,1,5,296.80
6819,1,5,185.64
6818,1,5,607.92
6817,1,5,935.55
6816,1,5,25.30
6815,1,5,53.00
6814,1,5,7.08
6805,1,5,5.94
6804,1,5,23.98
6803,1,5,41.16
6800,1,5,16.03
6791,1,5,69.84
6790,1,5,21.06
6789,1,5,68.20
6788,1,5,3.30
6782,1,5,3.96
6779,1,5,4.70
6778,1,5,20.50
6759,1,5,59.08
6758,1,5,9.48
6757,1,5,16.41
6755,1,5,7.98
6754,1,5,18.04
6751,1,5,23.50
6750,1,5,80.00
6749,1,5,445.23
6748,1,5,673.00
6730,1,5,6400.00
6729,1,5,7250.00
6726,1,5,213.85
6725,1,5,88.80
6724,1,5,70.80
6723,1,5,568.00
6722,1,5,349.20
6721,1,5,214.40
6719,1,5,2758.68
6718,1,5,409.20
6717,1,5,8.00
6716,1,5,15.00
6715,1,5,52.38
6710,1,5,82.50
6709,1,5,403.75
6708,1,5,1309.14
6704,1,5,318.50
6701,1,5,11.80
6699,1,5,973.00
6698,1,5,3500.00
6697,1,5,1562.00
6696,1,5,8100.00
6695,1,5,10320.00
6694,1,5,4920.00
6693,1,5,5000.00
6692,1,5,4740.00
6691,1,5,2072.00
6690,1,5,1866.00
6689,1,5,3432.00
6688,1,5,4155.00
6679,1,5,81.16
6675,1,5,5.28
6674,1,5,11.99
6673,1,5,34.30
6670,1,5,16.03
6668,1,5,733.20
6667,1,5,5674.50
6665,1,5,2370.00
6664,1,5,3666.00
6663,1,5,5935.93
6662,1,5,20.50
6661,1,5,116.60
6660,1,5,23.50
6659,1,5,80.00
6658,1,5,395.25
6657,1,5,206.80
6656,1,5,99.90
6655,1,5,94.40
6654,1,5,504.00
6653,1,5,482.40
6652,1,5,2365.83
6651,1,5,392.85
6650,1,5,545.60
6649,1,5,23.50
6648,1,5,80.00
6647,1,5,261.90
6646,1,5,174.40
6645,1,5,16.40
6643,1,5,95.40
6642,1,5,141.00
6641,1,5,239.00
6638,1,5,922.13
6637,1,5,1846.00
6636,1,5,10.60
6633,1,5,691.00
6627,1,5,2220.00
6616,1,5,82.50
6615,1,5,403.75
6614,1,5,1309.14
6612,1,5,3.30
6608,1,5,360.00
6603,1,5,99.00
6601,1,5,4144.00
6600,1,5,4665.00
6598,1,5,560.50
6597,1,5,4420.00
6576,1,5,1009.50
6573,1,5,371.30
6571,1,5,2962.83
6567,1,5,383.00
6566,1,5,1626.00
6565,1,5,731.70
6564,1,5,28.20
6563,1,5,65.40
6561,1,5,210.90
6560,1,5,279.00
6553,1,5,192.12
6552,1,5,417.60
6550,1,5,44.88
6549,1,5,11.99
6548,1,5,34.30
6545,1,5,16.03
6540,1,5,311.28
6539,1,5,645.60
6530,1,5,2520.00
6525,1,5,691.00
6505,1,5,95.40
6504,1,5,47.00
6503,1,5,173.00
6502,1,5,864.56
6500,1,5,16.52
6494,1,5,563.00
6493,1,5,41.60
6492,1,5,103.72
6491,1,5,240.96
6489,1,5,23.50
6488,1,5,80.00
6487,1,5,445.23
6485,1,5,837.00
6479,1,5,954.00
6476,1,5,438.60
6475,1,5,4665.00
6474,1,5,77.80
6473,1,5,177.06
6472,1,5,51.25
6471,1,5,150.40
6469,1,5,2962.83
6463,1,5,40.58
6457,1,5,611.00
6456,1,5,5564.00
6455,1,5,1124.50
6454,1,5,5564.00
6453,1,5,1126.23
6452,1,5,108.12
6449,1,5,40.58
6447,1,5,64.00
6446,1,5,120.00
6445,1,5,349.20
6444,1,5,14.35
6442,1,5,84.80
6440,1,5,557.00
6439,1,5,420.00
6438,1,5,361.80
6437,1,5,1109.00
6436,1,5,66.00
6427,1,5,8000.00
6423,1,5,16.00
6422,1,5,30.00
6421,1,5,96.03
6418,1,5,116.01
6417,1,5,205.96
6416,1,5,5.28
6414,1,5,837.00
6413,1,5,148.50
6412,1,5,771.30
6411,1,5,2385.00
6410,1,5,5800.00
6409,1,5,2072.00
6404,1,5,528.60
6403,1,5,1456.00
6401,1,5,1518.00
6400,1,5,3180.00
6398,1,5,4.10
6396,1,5,31.80
6394,1,5,436.80
6393,1,5,1430.40
6391,1,5,224.00
6389,1,5,831.04
6388,1,5,120.12
6385,1,5,2598.75
6383,1,5,393.36
6381,1,5,382.20
6380,1,5,1251.60
6379,1,5,673.00
6368,1,5,13.20
6365,1,5,2723.68
6364,1,5,9908.56
6363,1,5,79.20
6362,1,5,401.04
6361,1,5,2283.60
6360,1,5,136.10
6358,1,5,126.50
6357,1,5,265.00
6355,1,5,202.90
6352,1,5,11.99
6351,1,5,34.30
6349,1,5,13.20
6346,1,5,12.89
6345,1,5,26.40
6342,1,5,607.00
6340,1,5,75.20
6339,1,5,2962.83
6338,1,5,1053.00
6334,1,5,71.84
6333,1,5,214.80
6329,1,5,33.00
6328,1,5,168.30
6327,1,5,353.50
6322,1,5,35.20
6321,1,5,75.00
6320,1,5,200.79
6318,1,5,253.00
6317,1,5,233.60
6315,1,5,3155.40
6314,1,5,1637.60
6306,1,5,13.20
6305,1,5,66.84
6304,1,5,380.60
6298,1,5,41.00
6297,1,5,222.60
6296,1,5,39.60
6295,1,5,201.96
6294,1,5,431.27
6293,1,5,65.40
6291,1,5,393.30
6290,1,5,217.93
6284,1,5,4200.00
6278,1,5,235.00
6277,1,5,4228.44
6276,1,5,1160.00
6275,1,5,1750.00
6274,1,5,7740.00
6264,1,5,216.00
6261,1,5,2050.00
6260,1,5,12.89
6259,1,5,26.40
6258,1,5,3.54
6254,1,5,32.00
6253,1,5,183.33
6252,1,5,80.00
6251,1,5,473.79
6249,1,5,200.00
6246,1,5,89.10
6245,1,5,462.78
6244,1,5,1431.00
6242,1,5,910.50
6236,1,5,75.60
6230,1,5,563.00
6223,1,5,44.40
6222,1,5,94.40
6221,1,5,360.00
6220,1,5,214.40
6219,1,5,1964.25
6218,1,5,409.20
6216,1,5,960.00
6215,1,5,349.20
6214,1,5,174.40
6213,1,5,3937.23
6212,1,5,785.70
6209,1,5,673.00
6205,1,5,207.52
6204,1,5,430.40
6203,1,5,267.36
6202,1,5,1522.40
6197,1,5,3660.34
6196,1,5,795.80
6194,1,5,262.00
6193,1,5,216.25
6192,1,5,199.75
6191,1,5,675.00
6190,1,5,1888.00
6189,1,5,235.00
6188,1,5,5542.92
6187,1,5,232.00
6186,1,5,363.00
6185,1,5,1096.86
6131,1,5,2578.30
6130,1,5,5000.00
6129,1,5,9480.00
6128,1,5,4500.00
6127,1,5,4144.00
6126,1,5,5598.00
6125,1,5,3596.00
6124,1,5,1716.00
6123,1,5,3324.00
6122,1,5,1518.00
6121,1,5,6400.00
6120,1,5,8700.00
6118,1,5,13.20
6115,1,5,607.00
6114,1,5,563.00
6047,1,5,56.13
6046,1,5,143.68
6045,1,5,18.36
6032,1,5,835.56
6031,1,5,2633.28
6029,1,5,82.50
6028,1,5,53.00
6027,1,5,251.60
6026,1,5,528.00
6025,1,5,420.75
6024,1,5,890.82
6017,1,5,13.84
6015,1,5,202.90
6012,1,5,1315.60
6011,1,5,2756.00
6004,1,5,253.00
6003,1,5,876.50
6002,1,5,292.00
6001,1,5,1023.50
5989,1,5,487.76
5978,1,5,13.20
5973,1,5,226.20
5972,1,5,26.40
5971,1,5,217.08
5968,1,5,442.00
5967,1,5,147.28
5966,1,5,160.00
5965,1,5,436.50
5959,1,5,318.50
5956,1,5,12.30
5955,1,5,60.80
5953,1,5,63.60
5952,1,5,90.00
5951,1,5,340.47
5950,1,5,23.60
5949,1,5,176.00
5948,1,5,174.60
5947,1,5,785.70
5946,1,5,136.40
5945,1,5,344.00
5944,1,5,174.60
5943,1,5,523.20
5942,1,5,321.60
5941,1,5,1187.28
5940,1,5,41.00
5939,1,5,222.60
5938,1,5,563.00
5937,1,5,734.00
5931,1,5,80.00
5930,1,5,445.23
5929,1,5,23.60
5927,1,5,856.00
5926,1,5,2580.00
5925,1,5,1750.00
5917,1,5,341.25
5915,1,5,985.60
5913,1,5,1888.32
5912,1,5,2832.48
5911,1,5,2508.80
5910,1,5,1888.32
5909,1,5,9450.03
5908,1,5,1888.32
5907,1,5,87.30
5905,1,5,51.20
5904,1,5,105.00
5903,1,5,288.09
5902,1,5,16.00
5901,1,5,30.00
5900,1,5,248.64
5899,1,5,593.60
5894,1,5,2.12
5878,1,5,302.00
5876,1,5,1394.96
5875,1,5,1015.56
5873,1,5,536.40
5872,1,5,1215.84
5870,1,5,1755.60
5868,1,5,2598.75
5867,1,5,1573.44
5866,1,5,472.00
5865,1,5,2044.00
5864,1,5,749.00
5863,1,5,2213.01
5861,1,5,472.00
5860,1,5,80.00
5859,1,5,371.00
5858,1,5,1166.55
5853,1,5,26.50
5850,1,5,673.00
5847,1,5,711.00
5846,1,5,1784.93
5845,1,5,4.10
5843,1,5,21.20
5842,1,5,7.08
5839,1,5,44.40
5838,1,5,200.60
5837,1,5,800.00
5836,1,5,174.60
5835,1,5,1396.80
5834,1,5,214.40
5833,1,5,2365.83
5832,1,5,436.50
5831,1,5,1091.20
5829,1,5,557.00
5828,1,5,128.70
5827,1,5,216.06
5826,1,5,68.31
5816,1,5,399.50
5815,1,5,510.00
5814,1,5,1492.83
5813,1,5,8500.08
5812,1,5,1837.26
5811,1,5,23.50
5810,1,5,599.20
5809,1,5,70.50
5807,1,5,17.70
5806,1,5,9.48
5805,1,5,16.41
5804,1,5,16.50
5803,1,5,13.25
5802,1,5,62.90
5801,1,5,132.00
5800,1,5,84.15
5799,1,5,176.75
5788,1,5,691.00
5783,1,5,146.40
5782,1,5,460.80
5781,1,5,1634.13
5779,1,5,400.00
5778,1,5,26.40
5775,1,5,105.60
5774,1,5,548.48
5773,1,5,1696.00
5760,1,5,33.90
5759,1,5,289.20
5758,1,5,734.00
5757,1,5,734.00
5756,1,5,1265.00
5755,1,5,2650.00
5754,1,5,23.20
5732,1,5,4420.00
5727,1,5,2900.00
5726,1,5,5000.00
5725,1,5,4740.00
5724,1,5,2697.00
5723,1,5,2574.00
5722,1,5,3324.00
5717,1,5,33.00
5716,1,5,168.30
5710,1,5,360.57
5709,1,5,3334.68
5708,1,5,216.25
5707,1,5,723.80
5706,1,5,9784.88
5705,1,5,675.00
5701,1,5,135.00
5700,1,5,673.00
5686,1,5,910.50
5685,1,5,3200.00
5684,1,5,2900.00
5674,1,5,11.80
5671,1,5,10.25
5669,1,5,63.60
5666,1,5,34.32
5665,1,5,96.10
5659,1,5,86.40
5650,1,5,1255.50
5649,1,5,3200.00
5648,1,5,2900.00
5647,1,5,2072.00
5646,1,5,1866.00
5632,1,5,557.00
5631,1,5,840.00
5629,1,5,2115.00
5628,1,5,26.40
5626,1,5,1024.00
5625,1,5,2700.00
5624,1,5,7865.73
5623,1,5,14.10
5621,1,5,279.00
5617,1,5,10.26
5616,1,5,25.76
5613,1,5,13.20
5610,1,5,346.00
5609,1,5,1595.94
5608,1,5,329.00
5607,1,5,104400.00
5606,1,5,4073.13
5602,1,5,880.00
5600,1,5,77.82
5599,1,5,161.40
5597,1,5,1798.00
5596,1,5,1716.00
5595,1,5,1662.00
5594,1,5,1518.00
5583,1,5,169.20
5582,1,5,622.80
5581,1,5,2866.34
5580,1,5,35.20
5579,1,5,75.00
5578,1,5,200.79
5574,1,5,2520.00
5573,1,5,497.00
5572,1,5,10.94
5571,1,5,7.98
5570,1,5,18.04
5539,1,5,0.66
5537,1,5,10.93
5536,1,5,3.99
5535,1,5,18.04
5532,1,5,1265.00
5531,1,5,2650.00
5530,1,5,48.00
5529,1,5,90.00
5528,1,5,270.63
5527,1,5,185.60
5524,1,5,800.00
5523,1,5,940.00
5520,1,5,132.00
5519,1,5,216.00
5518,1,5,1252.00
5517,1,5,778.00
5514,1,5,1102.00
5513,1,5,9830.14
5507,1,5,470.73
5506,1,5,10.25
5504,1,5,63.60
5502,1,5,506.00
5501,1,5,1753.00
5500,1,5,292.00
5499,1,5,1023.50
5497,1,5,837.00
5496,1,5,2073.00
5495,1,5,1662.00
5494,1,5,844.00
5488,1,5,358.05
5487,1,5,15.84
5481,1,5,77.80
5480,1,5,177.06
5478,1,5,113.10
5394,1,5,844.00
5386,1,5,6.60
5381,1,5,56.55
5378,1,5,82.50
5377,1,5,403.75
5376,1,5,1309.14
5374,1,5,202.90
5371,1,5,79.20
5370,1,5,3200.00
5369,1,5,2900.00
5368,1,5,5000.00
5367,1,5,3555.00
5366,1,5,3375.00
5358,1,5,194.60
5357,1,5,875.00
5356,1,5,546.70
5355,1,5,2580.00
5354,1,5,2214.00
5353,1,5,342.80
5351,1,5,1060.00
5344,1,5,284.00
5332,1,5,11.88
5331,1,5,198.90
5330,1,5,73.64
5329,1,5,17.64
5327,1,5,120.00
5326,1,5,556.50
5325,1,5,1744.05
5324,1,5,39.60
5323,1,5,31.80
5322,1,5,150.96
5321,1,5,316.80
5320,1,5,201.96
5319,1,5,431.27
5316,1,5,86.40
5315,1,5,673.00
5313,1,5,9.71
5312,1,5,20.50
5311,1,5,471.80
5309,1,5,260.00
5306,1,5,2072.00
5305,1,5,1866.00
5304,1,5,2072.00
5303,1,5,1866.00
5302,1,5,1798.00
5301,1,5,1716.00
5300,1,5,1662.00
5299,1,5,3200.00
5298,1,5,2900.00
5297,1,5,3555.00
5296,1,5,3375.00
5294,1,5,1753.00
5292,1,5,1023.50
5284,1,5,7250.00
5283,1,5,5000.00
5281,1,5,66.00
5280,1,5,342.80
5279,1,5,1060.00
5278,1,5,318.50
5277,1,5,51.20
5276,1,5,105.07
5275,1,5,288.09
5272,1,5,51.20
5270,1,5,185.64
5269,1,5,321.84
5268,1,5,286.08
5266,1,5,52.00
5265,1,5,237.44
5262,1,5,739.20
5261,1,5,176.00
5259,1,5,816.20
5258,1,5,109.20
5257,1,5,357.60
5256,1,5,2321.55
5255,1,5,231.00
5248,1,5,1600.00
5247,1,5,2900.00
5246,1,5,482.00
5245,1,5,933.00
5244,1,5,899.00
5243,1,5,2632.50
5242,1,5,2210.00
5224,1,5,87.30
5223,1,5,59.40
5221,1,5,475.74
5220,1,5,1310.40
5217,1,5,1.32
5214,1,5,366.20
5213,1,5,1018.00
5211,1,5,9.48
5210,1,5,16.41
5205,1,5,797.64
5204,1,5,2825.76
5203,1,5,2444.00
5202,1,5,8786.04
5200,1,5,536.00
5198,1,5,2129.90
5193,1,5,598.00
5188,1,5,216.00
5186,1,5,837.00
5185,1,5,734.00
5182,1,5,625.60
5181,1,5,393.30
5180,1,5,462.00
5178,1,5,279.00
5177,1,5,227.20
5173,1,5,25.30
5172,1,5,53.00
5167,1,5,1001.70
5164,1,5,856.00
5163,1,5,519.00
5162,1,5,1732.00
5158,1,5,227.20
5157,1,5,641.24
5156,1,5,811.00
5155,1,5,782.00
5154,1,5,723.00
5153,1,5,2780.00
5152,1,5,2520.00
5150,1,5,1382.00
5148,1,5,880.00
5147,1,5,436.56
5146,1,5,86.50
5131,1,5,38.67
5130,1,5,79.20
5126,1,5,837.00
5118,1,5,33.00
5117,1,5,167.10
5116,1,5,951.50
5115,1,5,136.10
5098,1,5,746.00
5092,1,5,3.30
5088,1,5,201.90
5071,1,5,501.00
5070,1,5,808.50
5069,1,5,2532.60
5060,1,5,13.20
5052,1,5,81.16
5051,1,5,31.80
5050,1,5,150.96
5049,1,5,322.08
5045,1,5,865.00
5044,1,5,3633.00
5042,1,5,18194.66
5035,1,5,9131.07
5030,1,5,751.68
5029,1,5,2057.46
5028,1,5,216.24
5013,1,5,168.61
5012,1,5,349.70
5000,1,5,21.67
4999,1,5,22.62
4997,1,5,81.84
4996,1,5,82.50
4995,1,5,403.75
4994,1,5,1309.14
4993,1,5,80.00
4992,1,5,473.79
4990,1,5,144.00
4983,1,5,1227.10
4981,1,5,1023.50
4979,1,5,232.00
4973,1,5,50.60
4972,1,5,106.00
4968,1,5,81.16
4967,1,5,40.84
4966,1,5,109.12
4964,1,5,92.25
4963,1,5,487.60
4960,1,5,474.00
4959,1,5,1191.93
4953,1,5,723.00
4952,1,5,2520.00
4951,1,5,910.00
4950,1,5,910.00
4949,1,5,800.00
4934,1,5,13.16
4933,1,5,11.48
4932,1,5,1.32
4931,1,5,39.60
4930,1,5,201.96
4929,1,5,424.20
4927,1,5,39.48
4925,1,5,910.50
4924,1,5,80.00
4923,1,5,371.00
4922,1,5,1166.55
4913,1,5,113.10
4912,1,5,1265.00
4911,1,5,2650.00
4910,1,5,23.50
4908,1,5,459.00
4906,1,5,13.20
4904,1,5,99.20
4894,1,5,1.32
4888,1,5,12.09
4886,1,5,844.00
4870,1,5,44.40
4869,1,5,23.60
4868,1,5,54.40
4867,1,5,306.60
4865,1,5,136.40
4864,1,5,7.08
4863,1,5,48.00
4862,1,5,261.60
4852,1,5,1746.00
4851,1,5,180.90
4850,1,5,554.50
4849,1,5,39.60
4848,1,5,33.66
4847,1,5,70.70
4846,1,5,637.20
4845,1,5,126.90
4844,1,5,1875.32
4843,1,5,80.00
4842,1,5,445.23
4841,1,5,665.98
4837,1,5,20.00
4835,1,5,89.04
4834,1,5,546.00
4833,1,5,1796.94
4832,1,5,277.20
4829,1,5,152.88
4828,1,5,393.36
4827,1,5,107.28
4826,1,5,9.48
4825,1,5,16.41
4823,1,5,7.44
4819,1,5,10.81
4817,1,5,623.00
4815,1,5,475.20
4814,1,5,1232.20
4802,1,5,23.25
4801,1,5,186.01
4800,1,5,340.80
4799,1,5,1862.40
4798,1,5,28.40
4797,1,5,155.20
4796,1,5,21.00
4794,1,5,49.25
4793,1,5,238.25
4792,1,5,193.12
4791,1,5,1055.36
4790,1,5,206.00
4789,1,5,322.60
4788,1,5,974.65
4769,1,5,72.16
4768,1,5,154.00
4767,1,5,41.80
4766,1,5,540.00
4765,1,5,1947.00
4764,1,5,387.75
4763,1,5,5715.92
4757,1,5,2060.00
4756,1,5,1175.00
4755,1,5,4256.00
4754,1,5,3210.00
4753,1,5,423.00
4752,1,5,1312.50
4751,1,5,1171.50
4748,1,5,424.00
4740,1,5,2.12
4737,1,5,11.80
4734,1,5,76.80
4733,1,5,35.60
4732,1,5,165.00
4731,1,5,523.77
4727,1,5,501.00
4722,1,5,495.00
4721,1,5,840.00
4720,1,5,71.00
4718,1,5,1501.00
4717,1,5,235.00
4716,1,5,4373.73
4715,1,5,539.00
4709,1,5,1177.05
4699,1,5,1446.00
4698,1,5,2250.00
4697,1,5,3735.00
4696,1,5,751.00
4693,1,5,170.76
4692,1,5,371.40
4691,1,5,41.30
4689,1,5,7507.50
4688,1,5,2060.00
4687,1,5,12.60
4686,1,5,83.78
4683,1,5,160.08
4682,1,5,465.60
4680,1,5,180.40
4679,1,5,1350.00
4678,1,5,2826.00
4672,1,5,225.18
4671,1,5,291.18
4669,1,5,184.48
4668,1,5,382.40
4655,1,5,1802.00
4654,1,5,1622.00
4653,1,5,1802.00
4652,1,5,2433.00
4651,1,5,811.00
4650,1,5,660.00
4649,1,5,5560.00
4648,1,5,5040.00
4647,1,5,1564.00
4646,1,5,1446.00
4645,1,5,423.00
4644,1,5,380.50
4643,1,5,1018.50
4642,1,5,10.81
4641,1,5,3120.00
4640,1,5,3936.00
4638,1,5,10.94
4635,1,5,627.00
4634,1,5,204.33
4633,1,5,322.83
4631,1,5,1.18
4627,1,5,26.68
4626,1,5,77.60
4619,1,5,212.00
4617,1,5,378.00
4616,1,5,1245.60
4553,1,5,4.20
4552,1,5,12.30
4551,1,5,539.00
4546,1,5,58.50
4544,1,5,101.50
4539,1,5,47.00
4538,1,5,133.40
4537,1,5,388.00
4531,1,5,59.00
4530,1,5,342.80
4529,1,5,1060.00
4528,1,5,21.20
4525,1,5,80.25
4524,1,5,188.60
4477,1,5,1498.80
4473,1,5,33.01
4472,1,5,353.50
4471,1,5,168.30
4446,1,5,102.70
4442,1,5,72.16
4440,1,5,1764.90
4438,1,5,180.40
4434,1,5,25.32
4433,1,5,12.38
4430,1,5,49.50
4429,1,5,188.54
4428,1,5,583.00
4427,1,5,253.00
4426,1,5,471.00
4424,1,5,968.00
4420,1,5,1402.20
4418,1,5,728.00
4416,1,5,192.00
4415,1,5,1755.00
4414,1,5,6630.00
4403,1,5,3.30
4398,1,5,113.10
4395,1,5,470.00
4391,1,5,673.00
4390,1,5,33.00
4389,1,5,168.30
4388,1,5,360.57
4380,1,5,324.00
4378,1,5,158.72
4372,1,5,746.00
4371,1,5,723.00
4362,1,5,19.70
4361,1,5,113.60
4360,1,5,620.80
4358,1,5,56.42
4356,1,5,36.40
4354,1,5,454.40
4353,1,5,2490.96
4352,1,5,39.40
4351,1,5,10.50
4350,1,5,255.60
4349,1,5,190.60
4348,1,5,1404.56
4344,1,5,50.05
4343,1,5,418.00
4340,1,5,11.45
4339,1,5,18.80
4336,1,5,254.40
4333,1,5,1050.00
4332,1,5,209.00
4331,1,5,3081.15
4330,1,5,210.00
4329,1,5,58.52
4328,1,5,58.52
4327,1,5,615.00
4326,1,5,182.40
4325,1,5,652.00
4323,1,5,325.60
4322,1,5,904.00
4320,1,5,7.08
4277,1,5,469.80
4276,1,5,1294.00
4275,1,5,225.00
4274,1,5,471.00
4268,1,5,284.00
4267,1,5,1559.76
4254,1,5,11.80
4252,1,5,200.10
4250,1,5,73.75
4249,1,5,358.75
4248,1,5,1161.72
4247,1,5,582.00
4236,1,5,2286.57
4233,1,5,2635.41
4232,1,5,1125.00
4231,1,5,2355.00
4230,1,5,46.98
4229,1,5,116.46
4226,1,5,204.70
4225,1,5,943.80
4224,1,5,2947.49
4223,1,5,59.00
4222,1,5,47.00
4221,1,5,223.60
4220,1,5,470.00
4219,1,5,299.20
4218,1,5,634.28
4213,1,5,1648.00
4212,1,5,2060.00
4211,1,5,901.00
4210,1,5,1188.64
4209,1,5,746.00
4208,1,5,723.00
4207,1,5,1320.00
4153,1,5,795.20
4152,1,5,838.88
4151,1,5,2524.13
4150,1,5,838.88
4149,1,5,110.32
4148,1,5,159.04
4147,1,5,528.08
4146,1,5,838.88
4143,1,5,1881.00
4142,1,5,42.00
4140,1,5,1592.50
4139,1,5,2401.20
4138,1,5,6991.76
4123,1,5,1890.00
4122,1,5,2085.00
4121,1,5,8680.00
4120,1,5,3090.00
4119,1,5,1802.00
4118,1,5,1622.00
4116,1,5,901.00
4115,1,5,2027.50
4114,1,5,1188.64
4113,1,5,1492.00
4103,1,5,3.30
4095,1,5,115.20
4094,1,5,257.04
4092,1,5,236.00
4091,1,5,661.98
4090,1,5,136.32
4088,1,5,35.40
4087,1,5,23.50
4086,1,5,111.80
4085,1,5,235.00
4084,1,5,179.52
4083,1,5,383.08
4082,1,5,42.00
4081,1,5,56.80
4080,1,5,310.40
4079,1,5,250.51
4078,1,5,33.75
4077,1,5,56.52
4075,1,5,25.32
4074,1,5,12.38
4066,1,5,48.15
4065,1,5,94.30
4063,1,5,2.12
4057,1,5,16.10
4049,1,5,2025.40
4047,1,5,1365.00
4045,1,5,1452.00
4043,1,5,142.04
4040,1,5,3735.00
4031,1,5,598.00
4030,1,5,495.00
4029,1,5,746.00
4028,1,5,17.70
4027,1,5,89.76
4026,1,5,188.40
4024,1,5,86.96
4022,1,5,58.20
4020,1,5,187.50
4019,1,5,318.06
4018,1,5,18.20
4017,1,5,71.00
4016,1,5,95.30
4015,1,5,395.76
4014,1,5,73.75
4013,1,5,358.75
4012,1,5,1161.72
4011,1,5,1560.00
4010,1,5,5904.00
4009,1,5,169.20
4008,1,5,380.50
4007,1,5,339.50
4006,1,5,470.00
4005,1,5,1120.00
4004,1,5,1070.00
4001,1,5,254.51
3999,1,5,2963.81
3998,1,5,622.08
3997,1,5,1982.11
3996,1,5,954.00
3994,1,5,1081.20
3992,1,5,222.60
3991,1,5,413.40
3990,1,5,123.24
3989,1,5,137.06
3987,1,5,633.60
3984,1,5,8.90
3982,1,5,39.60
3981,1,5,194.40
3980,1,5,460.50
3979,1,5,71.00
3978,1,5,420.75
3973,1,5,288.00
3972,1,5,1470.00
3969,1,5,2139.50
3963,1,5,2.95
3960,1,5,2940.00
3958,1,5,198.00
3955,1,5,834.75
3954,1,5,921.00
3953,1,5,367.00
3952,1,5,462.00
3951,1,5,288.00
3950,1,5,1266.00
3949,1,5,3987.00
3944,1,5,4279.00
3943,1,5,230.60
3942,1,5,478.00
3941,1,5,283.00
3937,1,5,2780.00
3936,1,5,2520.00
3935,1,5,3920.00
3934,1,5,901.00
3932,1,5,901.00
3931,1,5,1622.00
3930,1,5,1564.00
3929,1,5,1492.00
3928,1,5,2892.00
3927,1,5,1980.00
3899,1,5,880.00
3892,1,5,947.15
3891,1,5,10.60
3890,1,5,180.00
3888,1,5,546.00
3886,1,5,623.20
3884,1,5,181.50
3880,1,5,751.00
3879,1,5,63.00
3878,1,5,127.80
3877,1,5,232.80
3876,1,5,473.36
3875,1,5,244.40
3873,1,5,1564.00
3869,1,5,554.00
3861,1,5,16.96
3838,1,5,539.00
3837,1,5,1002.00
3836,1,5,8.85
3833,1,5,2635.41
3832,1,5,58.22
3831,1,5,106.72
3830,1,5,325.92
3817,1,5,422.00
3815,1,5,71.00
3814,1,5,395.25
3813,1,5,576.00
3810,1,5,1470.00
3809,1,5,2147.28
3808,1,5,460.50
3807,1,5,367.00
3806,1,5,462.00
3804,1,5,198.00
3802,1,5,1329.00
3801,1,5,278.25
3799,1,5,1125.00
3798,1,5,2355.00
3797,1,5,71.00
3773,1,5,795.00
3772,1,5,513.50
3759,1,5,201.00
3758,1,5,15.90
3757,1,5,15.90
3735,1,5,59.00
3733,1,5,1452.00
3731,1,5,623.00
3729,1,5,119.80
3726,1,5,2952.00
3725,1,5,159.30
3724,1,5,822.96
3723,1,5,2546.10
3722,1,5,187.65
3721,1,5,512.73
3719,1,5,28.20
3718,1,5,134.16
3717,1,5,286.70
3716,1,5,71.00
3715,1,5,395.25
3714,1,5,23.25
3712,1,5,2340.00
3711,1,5,2241.00
3700,1,5,7.46
3699,1,5,14.58
3698,1,5,112.50
3697,1,5,235.50
3696,1,5,7.08
3688,1,5,355.00
3687,1,5,1352.73
3684,1,5,985.92
3683,1,5,295.48
3682,1,5,1346.40
3681,1,5,1119.43
3680,1,5,636.00
3677,1,5,1321.92
3675,1,5,445.20
3674,1,5,826.80
3672,1,5,254.40
3671,1,5,1890.00
3670,1,5,2085.00
3669,1,5,4340.00
3668,1,5,3090.00
3667,1,5,1802.00
3666,1,5,1622.00
3664,1,5,779.00
3662,1,5,364.00
3657,1,5,224.40
3656,1,5,477.28
3652,1,5,2780.00
3651,1,5,2520.00
3650,1,5,450.50
3649,1,5,811.00
3590,1,5,209.00
3589,1,5,266.80
3588,1,5,776.00
3585,1,5,23.60
3566,1,5,468.52
3565,1,5,786.67
3562,1,5,66.52
3561,1,5,167.58
3552,1,5,12.54
3551,1,5,78.80
3550,1,5,28.40
3549,1,5,190.60
3547,1,5,155.20
3544,1,5,22.50
3543,1,5,47.10
3535,1,5,35.40
3534,1,5,16.45
3533,1,5,78.26
3532,1,5,164.50
3531,1,5,179.52
3530,1,5,383.08
3523,1,5,351.92
3522,1,5,138.36
3521,1,5,286.80
3520,1,5,225.00
3519,1,5,471.00
3518,1,5,1078.00
3505,1,5,501.00
3503,1,5,227.20
3502,1,5,1257.12
3501,1,5,2.10
3500,1,5,6.15
3480,1,5,779.00
3478,1,5,728.00
3476,1,5,968.00
3475,1,5,170.76
3474,1,5,371.40
3473,1,5,35.40
3471,1,5,19.28
3470,1,5,12.38
3468,1,5,0.94
3463,1,5,359.64
3462,1,5,381.60
3461,1,5,802.95
3459,1,5,1078.00
3431,1,5,44.25
3430,1,5,47.00
3429,1,5,223.60
3428,1,5,474.70
3427,1,5,224.40
3426,1,5,471.00
3423,1,5,20.97
3421,1,5,11.55
3416,1,5,564.30
3414,1,5,220.64
3413,1,5,528.08
3412,1,5,838.88
3411,1,5,1749.44
3410,1,5,419.44
3409,1,5,419.44
3408,1,5,1444.80
3407,1,5,5879.65
3405,1,5,395.25
3404,1,5,244.24
3403,1,5,66.70
3402,1,5,170.72
3396,1,5,155.20
3395,1,5,3730.00
3394,1,5,3615.00
3383,1,5,7425.00
3381,1,5,103.00
3380,1,5,2041.46
3379,1,5,937.28
3378,1,5,206.00
3372,1,5,225.00
3371,1,5,471.00
3368,1,5,109.20
3367,1,5,104.83
3362,1,5,150.75
3345,1,5,780.00
3338,1,5,1125.00
3337,1,5,2355.00
3336,1,5,5.25
3334,1,5,340.80
3333,1,5,1714.96
3332,1,5,155.20
3318,1,5,836.00
3317,1,5,3960.60
3316,1,5,11598.90
3312,1,5,121.00
3307,1,5,209.00
3306,1,5,266.80
3305,1,5,783.76
3301,1,5,283.00
3292,1,5,704.73
3291,1,5,1076.10
3284,1,5,41.30
3283,1,5,89.76
3282,1,5,188.40
3270,1,5,45.44
3269,1,5,80.04
3268,1,5,248.32
3267,1,5,627.00
3265,1,5,12.00
3263,1,5,459.55
3261,1,5,1452.00
3255,1,5,910.00
3253,1,5,779.00
3250,1,5,30.00
3248,1,5,1828.75
3246,1,5,1137.50
3245,1,5,2067.70
3244,1,5,6021.76
3240,1,5,1445.90
3239,1,5,475.30
3238,1,5,470.00
3237,1,5,4256.00
3236,1,5,1498.00
3194,1,5,29.50
3189,1,5,7.08
3185,1,5,358.75
3184,1,5,781.20
3182,1,5,486.00
3181,1,5,2834.52
3180,1,5,1590.00
3178,1,5,300.82
3177,1,5,1386.00
3172,1,5,1489.15
3155,1,5,375.50
3146,1,5,11.18
3145,1,5,4.70
3144,1,5,1802.00
3143,1,5,1622.00
3142,1,5,782.00
3141,1,5,1320.00
3132,1,5,424.00
3126,1,5,746.00
3125,1,5,31.80
3124,1,5,270.00
3123,1,5,394.32
3120,1,5,467.40
3118,1,5,66.36
3116,1,5,3735.00
3114,1,5,495.00
3113,1,5,112.50
3112,1,5,235.50
3110,1,5,130.44
3108,1,5,493.29
3107,1,5,1358.70
3106,1,5,501.00
3098,1,5,10.27
3094,1,5,67.85
3093,1,5,350.52
3092,1,5,1084.45
3091,1,5,69.18
3090,1,5,143.40
3088,1,5,1043.40
3085,1,5,1552.00
3083,1,5,335.40
3072,1,5,71.00
3071,1,5,395.25
3066,1,5,501.00
3065,1,5,244.80
3063,1,5,2218.05
3062,1,5,2520.00
3061,1,5,1085.00
3060,1,5,6180.00
3054,1,5,54.80
3052,1,5,1452.00
3050,1,5,182.00
3048,1,5,997.00
3042,1,5,5.90
3039,1,5,150.75
3037,1,5,606.00
3030,1,5,311.60
3018,1,5,968.00
3017,1,5,779.00
3016,1,5,546.00
3015,1,5,1664.40
3004,1,5,71.00
3003,1,5,395.76
3002,1,5,1664.40
2999,1,5,623.00
2987,1,5,6950.00
2986,1,5,7560.00
2984,1,5,780.00
2983,1,5,3936.00
2982,1,5,7.76
2981,1,5,10.27
2980,1,5,652.00
2979,1,5,539.00
2970,1,5,3255.00
2969,1,5,1802.00
2968,1,5,1622.00
2966,1,5,901.00
2965,1,5,811.00
2964,1,5,1492.00
2963,1,5,2169.00
2962,1,5,330.00
2961,1,5,71.20
2960,1,5,1027.00
2959,1,5,54.25
2958,1,5,62.08
2955,1,5,78.80
2954,1,5,89.25
2953,1,5,380.56
2952,1,5,381.20
2951,1,5,2017.60
2950,1,5,366.60
2949,1,5,41.94
2947,1,5,18.48
2944,1,5,7.46
2943,1,5,14.58
2936,1,5,9.10
2934,1,5,56.58
2929,1,5,142.00
2928,1,5,387.50
2927,1,5,395.25
2921,1,5,20.60
2915,1,5,811.00
2913,1,5,1760.00
2897,1,5,4948.32
2890,1,5,22.50
2889,1,5,47.10
2887,1,5,1067.95
2883,1,5,71.00
2882,1,5,420.75
2881,1,5,598.00
2870,1,5,73.75
2869,1,5,358.75
2868,1,5,781.20
2862,1,5,10.75
2855,1,5,133.40
2854,1,5,388.00
2851,1,5,45.50
2847,1,5,1090.60
2844,1,5,1560.00
2843,1,5,3936.00
2837,1,5,1125.00
2836,1,5,2355.00
2831,1,5,566.10
2830,1,5,431.43
2829,1,5,205.80
2828,1,5,521.52
2827,1,5,1263.00
2826,1,5,171.60
2825,1,5,15.68
2824,1,5,76.96
2822,1,5,28.60
2821,1,5,71.68
2820,1,5,1600.00
2819,1,5,1820.00
2816,1,5,23.60
2812,1,5,88.00
2808,1,5,5796.00
2807,1,5,277.20
2806,1,5,16980.15
2805,1,5,864.00
2804,1,5,28.48
2803,1,5,132.00
2802,1,5,318.00
2801,1,5,421.07
2800,1,5,127.20
2797,1,5,204.12
2793,1,5,222.60
2791,1,5,1059.27
2789,1,5,2635.41
2759,1,5,349.50
2758,1,5,625.86
2757,1,5,170.76
2756,1,5,371.40
2755,1,5,35.40
2752,1,5,424.00
2745,1,5,751.00
2738,1,5,2241.00
2729,1,5,1452.00
2728,1,5,119.68
2727,1,5,251.20
2724,1,5,104.43
2723,1,5,358.75
2722,1,5,781.20
2721,1,5,206.00
2720,1,5,322.60
2719,1,5,974.65
2713,1,5,59.64
2711,1,5,50.05
2710,1,5,106.72
2709,1,5,325.92
2646,1,5,22.50
2645,1,5,47.10
2632,1,5,20.28
2619,1,5,598.00
2612,1,5,3255.00
2611,1,5,990.00
2610,1,5,901.00
2609,1,5,1865.00
2608,1,5,1807.50
2607,1,5,1216.50
2606,1,5,797.64
2605,1,5,1736.58
2597,1,5,28.40
2596,1,5,53.36
2595,1,5,162.96
2594,1,5,539.00
2593,1,5,171.72
2590,1,5,746.00
2589,1,5,381.00
2588,1,5,1178.75
2587,1,5,57.60
2586,1,5,131.04
2585,1,5,45.50
2580,1,5,4526.40
2579,1,5,780.00
2570,1,5,106.68
2569,1,5,330.05
2565,1,5,149.60
2564,1,5,320.28
2563,1,5,22.50
2562,1,5,47.10
2550,1,5,61.62
2549,1,5,20.54
2546,1,5,88.20
2545,1,5,501.00
2514,1,5,115.30
2513,1,5,239.00
2509,1,5,133.32
2500,1,5,725.34
2497,1,5,152.57
2496,1,5,33.54
2495,1,5,70.50
2494,1,5,179.52
2493,1,5,383.08
2491,1,5,623.00
2481,1,5,780.00
2480,1,5,1377.60
2479,1,5,1890.00
2478,1,5,1890.00
2477,1,5,3090.00
2476,1,5,2940.00
2475,1,5,4274.90
2474,1,5,1045.00
2462,1,5,57.60
2461,1,5,131.04
2460,1,5,45.50
2456,1,5,934.80
2454,1,5,364.00
2452,1,5,1002.00
2451,1,5,965.60
2442,1,5,151.50
2441,1,5,417.00
2440,1,5,248.00
2439,1,5,3.84
2437,1,5,180.40
2426,1,5,764.00
2424,1,5,33.44
2423,1,5,780.00
2422,1,5,1377.60
2421,1,5,901.00
2420,1,5,811.00
2418,1,5,1084.50
2357,1,5,18.42
2350,1,5,776.00
2347,1,5,8.85
2344,1,5,150.75
2328,1,5,1468.00
2326,1,5,1494.00
2325,1,5,1125.00
2324,1,5,2355.00
2322,1,5,776.00
2317,1,5,5328.57
2306,1,5,984.00
2305,1,5,989.30
2304,1,5,271.60
2303,1,5,117.50
2302,1,5,2912.00
2301,1,5,856.00
2300,1,5,168.00
2299,1,5,965.60
2298,1,5,5129.36
2297,1,5,155.20
2296,1,5,855.40
2290,1,5,744.00
2285,1,5,59.00
2284,1,5,304.80
2283,1,5,943.00
2280,1,5,15987.37
2278,1,5,5164.39
2277,1,5,1581.00
2276,1,5,10.60
2275,1,5,180.00
2265,1,5,11.25
2264,1,5,23.55
2251,1,5,184.99
2250,1,5,402.35
2249,1,5,38.35
2229,1,5,6950.00
2228,1,5,2520.00
2227,1,5,1802.00
2218,1,5,199.36
2216,1,5,924.00
2215,1,5,155.52
2211,1,5,2875.60
2210,1,5,508.80
2209,1,5,359.56
2207,1,5,1663.20
2206,1,5,223.56
2205,1,5,540.60
2204,1,5,5186.35
2203,1,5,190.80
2202,1,5,92.30
2201,1,5,214.42
2200,1,5,620.80
2199,1,5,1171.76
2193,1,5,1090.60
2191,1,5,910.00
2189,1,5,1452.00
2187,1,5,119.80
2185,1,5,424.00
2183,1,5,175.10
2182,1,5,710.00
2180,1,5,209.00
2179,1,5,266.80
2178,1,5,776.00
2174,1,5,375.50
2173,1,5,1446.00
2172,1,5,1002.00
2171,1,5,4120.00
2170,1,5,1302.00
2169,1,5,3920.00
2167,1,5,1216.50
2166,1,5,1564.00
2165,1,5,1492.00
2164,1,5,1446.00
2163,1,5,1320.00
2155,1,5,1056.16
2154,1,5,220.64
2153,1,5,1677.76
2152,1,5,722.40
2151,1,5,838.88
2150,1,5,5040.77
2149,1,5,206.00
2148,1,5,322.60
2147,1,5,974.65
2146,1,5,36.40
2145,1,5,200.13
2144,1,5,7.23
2128,1,5,225.00
2127,1,5,471.00
2125,1,5,180.40
2120,1,5,66.52
2119,1,5,159.60
2118,1,5,2169.00
2117,1,5,464.00
2115,1,5,103.00
2114,1,5,426.00
2113,1,5,5061.00
2112,1,5,994.00
2097,1,5,934.50
2093,1,5,8257.50
2092,1,5,2266.00
2091,1,5,627.00
2081,1,5,1445.90
2080,1,5,271.60
2079,1,5,235.00
2078,1,5,4256.00
2077,1,5,770.40
2074,1,5,151.50
2073,1,5,430.90
2072,1,5,495.00
2062,1,5,172.95
2061,1,5,358.50
2060,1,5,42.60
2059,1,5,80.04
2058,1,5,240.56
2057,1,5,264.00
2053,1,5,2456.00
2052,1,5,3234.00
2048,1,5,9303.00
2047,1,5,1113.00
2045,1,5,212.00
2043,1,5,3807.60
2039,1,5,47.20
2034,1,5,1078.00
2031,1,5,559.50
2030,1,5,598.00
2025,1,5,291.60
2024,1,5,961.95
2014,1,5,1320.00
2012,1,5,5560.00
2011,1,5,5040.00
2010,1,5,901.00
2009,1,5,811.00
2008,1,5,901.00
2007,1,5,811.00
2006,1,5,782.00
2005,1,5,1492.00
2004,1,5,1446.00
1962,1,5,150.75
1957,1,5,1125.00
1956,1,5,2355.00
1945,1,5,1446.00
1941,1,5,58.80
1930,1,5,162.96
1920,1,5,23.49
1919,1,5,38.82
1918,1,5,58.20
1916,1,5,349.50
1915,1,5,187.50
1913,1,5,252.50
1911,1,5,708.90
1906,1,5,1694.90
1905,1,5,1674.20
1904,1,5,611.10
1903,1,5,705.00
1902,1,5,4928.00
1901,1,5,1926.00
1886,1,5,136.08
1885,1,5,445.20
1883,1,5,1650.21
1879,1,5,440.00
1877,1,5,106.68
1876,1,5,301.76
1875,1,5,1125.00
1874,1,5,2355.00
1873,1,5,4347.00
1872,1,5,12736.65
1871,1,5,277.20
1870,1,5,864.00
1869,1,5,21.00
1868,1,5,620.80
1867,1,5,2025.36
1866,1,5,155.20
1865,1,5,121.20
1864,1,5,573.68
1863,1,5,120.06
1862,1,5,341.44
1861,1,5,58.50
1810,1,5,1369.52
1801,1,5,11.25
1800,1,5,4.71
1799,1,5,11.52
1798,1,5,5.04
1797,1,5,72.80
1796,1,5,114.66
1795,1,5,97.00
1794,1,5,318.75
1792,1,5,4340.00
1791,1,5,4120.00
1790,1,5,1492.00
1789,1,5,1446.00
1788,1,5,450.50
1784,1,5,1936.00
1780,1,5,109.20
1776,1,5,549.61
1772,1,5,81.20
1769,1,5,742.50
1768,1,5,559.50
1764,1,5,103.00
1763,1,5,464.00
1761,1,5,546.00
1759,1,5,1246.40
1757,1,5,934.50
1753,1,5,194.00
1752,1,5,82.40
1751,1,5,188.60
1750,1,5,6.36
1746,1,5,14.10
1745,1,5,67.08
1744,1,5,145.70
1741,1,5,627.00
1740,1,5,92.56
1738,1,5,422.40
1737,1,5,38.88
1736,1,5,1324.83
1735,1,5,127.20
1727,1,5,131.72
1725,1,5,607.20
1724,1,5,194.40
1723,1,5,636.00
1722,1,5,1889.68
1721,1,5,1.77
1717,1,5,424.00
1716,1,5,1078.00
1715,1,5,1002.00
1697,1,5,559.50
1696,1,5,742.50
1694,1,5,23.75
1692,1,5,1552.00
1691,1,5,335.40
1690,1,5,709.70
1679,1,5,149.60
1678,1,5,314.00
1677,1,5,46.86
1676,1,5,93.38
1675,1,5,256.08
1674,1,5,598.00
1664,1,5,3807.57
1662,1,5,325.60
1661,1,5,904.00
1652,1,5,58.20
1651,1,5,101.00
1650,1,5,278.00
1649,1,5,187.50
1648,1,5,101.00
1647,1,5,278.00
1643,1,5,2200.00
1637,1,5,1084.50
1636,1,5,2170.00
1635,1,5,2060.00
1623,1,5,256.52
1610,1,5,115.30
1609,1,5,239.00
1608,1,5,23.50
1607,1,5,196.01
1606,1,5,406.30
1605,1,5,39.95
1604,1,5,9.44
1602,1,5,2299.00
1601,1,5,2934.80
1600,1,5,8543.76
1592,1,5,1180.11
1589,1,5,5471.19
1585,1,5,1116.00
1576,1,5,501.00
1575,1,5,539.00
1574,1,5,34.59
1573,1,5,73.75
1572,1,5,358.75
1571,1,5,781.20
1566,1,5,47.00
1561,1,5,1760.00
1554,1,5,8340.00
1553,1,5,7560.00
1552,1,5,2252.50
1551,1,5,1622.00
1550,1,5,1622.00
1549,1,5,554.00
1548,1,5,92.24
1547,1,5,191.20
1546,1,5,18.80
1545,1,5,2060.00
1544,1,5,6330.00
1540,1,5,69.18
1539,1,5,143.40
1529,1,5,1558.00
1528,1,5,103.00
1527,1,5,21.00
1526,1,5,113.60
1525,1,5,473.36
1524,1,5,155.20
1522,1,5,105.00
1521,1,5,568.00
1520,1,5,3111.76
1519,1,5,611.00
1518,1,5,473.28
1517,1,5,598.00
1511,1,5,559.50
1496,1,5,214.42
1495,1,5,1171.76
1492,1,5,113.84
1491,1,5,235.22
1490,1,5,22.42
1485,1,5,811.00
1484,1,5,1351.50
1479,1,5,1355.20
1476,1,5,627.00
1469,1,5,133.40
1468,1,5,388.00
1467,1,5,562.50
1466,1,5,471.00
1464,1,5,180.40
1454,1,5,303.00
1452,1,5,834.00
1451,1,5,307.80
1450,1,5,77.60
1443,1,5,250.00
1442,1,5,408.00
1439,1,5,88.50
1438,1,5,624.00
1437,1,5,1377.60
1432,1,5,2200.00
1427,1,5,10.45
1425,1,5,35.40
1424,1,5,67.08
1423,1,5,141.00
1422,1,5,179.52
1421,1,5,376.80
1420,1,5,4507.50
1419,1,5,1238.06
1417,1,5,2635.41
1416,1,5,69.18
1415,1,5,109.94
1409,1,5,181.50
1395,1,5,442.00
1391,1,5,1.18
1387,1,5,493.29
1386,1,5,1332.82
1383,1,5,29.50
1382,1,5,111.80
1381,1,5,235.00
1380,1,5,149.60
1379,1,5,314.00
1378,1,5,1.18
1376,1,5,42.60
1375,1,5,240.56
1369,1,5,126.00
1368,1,5,92.40
1367,1,5,369.00
1366,1,5,288.00
1365,1,5,1512.00
1364,1,5,4434.15
1353,1,5,192.00
1350,1,5,495.00
1341,1,5,6330.00
1334,1,5,8820.00
1333,1,5,14230.00
1332,1,5,6330.00
1327,1,5,80.04
1324,1,5,539.00
1323,1,5,501.00
1320,1,5,23.50
1319,1,5,67.08
1318,1,5,141.00
1317,1,5,149.60
1316,1,5,314.00
1300,1,5,103.24
1298,1,5,475.20
1297,1,5,38.88
1296,1,5,127.20
1295,1,5,903.76
1294,1,5,575.12
1291,1,5,155.52
1289,1,5,453.15
1286,1,5,63.60
1278,1,5,1980.00
1272,1,5,283.00
1271,1,5,598.00
1262,1,5,254.40
1251,1,5,627.00
1250,1,5,420.75
1249,1,5,71.00
1239,1,5,1802.00
1238,1,5,2238.00
1237,1,5,1446.00
1218,1,5,34.35
1217,1,5,70.50
1215,1,5,103.77
1214,1,5,215.10
1213,1,5,548.64
1212,1,5,1697.40
1211,1,5,57.65
1210,1,5,119.50
1209,1,5,79.52
1208,1,5,419.44
1207,1,5,79.52
1206,1,5,419.44
1205,1,5,79.52
1204,1,5,419.44
1203,1,5,397.60
1202,1,5,2104.69
1201,1,5,110.32
1200,1,5,528.08
1164,1,5,539.00
1163,1,5,501.00
1161,1,5,5262.61
1159,1,5,614.00
1158,1,5,434.00
1157,1,5,412.00
1146,1,5,614.00
1142,1,5,38.80
1133,1,5,1320.00
1130,1,5,37.84
1129,1,5,104.40
1128,1,5,39.40
1127,1,5,200.13
1119,1,5,46.12
1118,1,5,95.60
1117,1,5,225.00
1116,1,5,471.00
1114,1,5,180.40
1113,1,5,373.00
1112,1,5,1037.27
1109,1,5,71.20
1108,1,5,330.00
1102,1,5,1050.00
1101,1,5,3081.15
1099,1,5,50.50
1098,1,5,139.00
1097,1,5,205.20
1095,1,5,202.00
1093,1,5,556.00
1092,1,5,58.20
1088,1,5,193.75
1087,1,5,205.20
1085,1,5,4620.00
1078,1,5,133.40
1077,1,5,388.00
1070,1,5,1456.00
1065,1,5,539.00
1064,1,5,501.00
1042,1,5,33.75
1041,1,5,65.94
1040,1,5,71.00
1039,1,5,395.76
1038,1,5,473.36
1029,1,5,181.50
1023,1,5,84.00
1022,1,5,11.45
1021,1,5,23.50
970,1,5,1050.00
965,1,5,1126.50
964,1,5,1446.00
959,1,5,198.80
958,1,5,1086.40
957,1,5,366.60
953,1,5,170.40
952,1,5,155.20
950,1,5,84.00
948,1,5,787.20
945,1,5,254.40
928,1,5,104.50
927,1,5,363.12
926,1,5,1346.40
925,1,5,159.00
924,1,5,2218.32
923,1,5,1971.84
920,1,5,106.92
917,1,5,99.40
914,1,5,190.80
909,1,5,45.84
908,1,5,84.60
907,1,5,842.00
902,1,5,73.75
901,1,5,358.75
900,1,5,781.20
885,1,5,420.00
884,1,5,1236.15
882,1,5,151.50
880,1,5,466.00
879,1,5,145.50
876,1,5,468.75
875,1,5,480.00
873,1,5,410.40
872,1,5,858.50
871,1,5,2376.90
866,1,5,46.12
865,1,5,95.60
864,1,5,469.80
863,1,5,1294.00
862,1,5,26.68
861,1,5,46.56
860,1,5,55.90
859,1,5,117.50
858,1,5,149.60
857,1,5,314.00
856,1,5,170.76
855,1,5,371.40
854,1,5,67.85
851,1,5,373.00
838,1,5,627.00
836,1,5,682.50
835,1,5,800.40
834,1,5,2335.76
832,1,5,928.00
829,1,5,206.00
828,1,5,710.00
807,1,5,14.75
806,1,5,74.80
805,1,5,157.00
798,1,5,1386.00
795,1,5,365.76
794,1,5,1131.60
793,1,5,3987.00
792,1,5,1113.00
791,1,5,1960.00
790,1,5,3807.60
789,1,5,2456.00
782,1,5,90.20
779,1,5,3080.00
778,1,5,1320.00
777,1,5,760.92
776,1,5,1351.50
775,1,5,1216.50
774,1,5,1802.00
773,1,5,1446.00
767,1,5,729.81
765,1,5,10.50
764,1,5,56.80
761,1,5,469.80
760,1,5,1294.00
759,1,5,145.60
758,1,5,71.00
756,1,5,631.80
755,1,5,2074.95
750,1,5,2.35
718,1,5,234.90
717,1,5,647.00
715,1,5,307.00
714,1,5,46.12
713,1,5,95.60
710,1,5,532.70
709,1,5,1568.00
708,1,5,321.00
706,1,5,39.40
705,1,5,56.80
702,1,5,17.70
700,1,5,132.30
697,1,5,452.80
688,1,5,78.80
687,1,5,28.40
686,1,5,390.73
685,1,5,155.20
680,1,5,71.00
679,1,5,395.76
678,1,5,316.50
675,1,5,71.00
674,1,5,395.76
673,1,5,2.95
669,1,5,150.75
636,1,5,516.78
635,1,5,1423.40
633,1,5,11.45
632,1,5,23.50
631,1,5,1125.00
630,1,5,2355.00
611,1,5,311.31
610,1,5,881.55
602,1,5,46.20
598,1,5,38.56
597,1,5,30.44
586,1,5,1410.00
583,1,5,3520.00
580,1,5,4.26
579,1,5,72.30
570,1,5,1365.00
569,1,5,2730.00
568,1,5,2400.00
566,1,5,1054.00
552,1,5,17.70
545,1,5,288.00
544,1,5,358.75
543,1,5,1019.34
542,1,5,92.40
538,1,5,73.75
537,1,5,1616.00
536,1,5,2134.40
535,1,5,6215.76
534,1,5,2958.15
533,1,5,60.60
531,1,5,334.00
527,1,5,1008.00
505,1,5,198.00
504,1,5,373.00
503,1,5,51.12
502,1,5,93.38
501,1,5,279.36
499,1,5,23.06
498,1,5,47.80
497,1,5,1125.00
496,1,5,2355.00
494,1,5,57.29
493,1,5,116.25
489,1,5,8.52
488,1,5,1196.00
487,1,5,1084.50
483,1,5,624.00
482,1,5,1968.00
476,1,5,349.80
474,1,5,657.28
472,1,5,2926.95
471,1,5,1335.60
468,1,5,515.16
467,1,5,1148.40
464,1,5,249.20
463,1,5,501.00
462,1,5,539.00
461,1,5,652.00
402,1,5,339.60
400,1,5,1332.00
396,1,5,7.80
395,1,5,39.40
394,1,5,21.00
393,1,5,85.20
388,1,5,225.00
384,1,5,361.50
383,1,5,448.99
382,1,5,2780.00
381,1,5,2425.50
380,1,5,2520.00
379,1,5,2410.00
378,1,5,2678.00
377,1,5,1960.00
376,1,5,1084.50
375,1,5,373.00
374,1,5,450.50
373,1,5,1960.00
372,1,5,1030.00
371,1,5,1084.50
370,1,5,126.00
369,1,5,57.60
368,1,5,38.00
366,1,5,1562.00
364,1,5,50.60
358,1,5,1643.00
357,1,5,2672.00
356,1,5,1149.00
349,1,5,3616.20
347,1,5,1395.00
346,1,5,1115.00
344,1,5,687.00
343,1,5,2325.00
342,1,5,1115.00
339,1,5,2672.00
338,1,5,1149.00
335,1,5,1409.00
334,1,5,1692.00
333,1,5,6424.00
332,1,5,2768.00
331,1,5,10128.00
330,1,5,3853.50
329,1,5,1226.00
328,1,5,692.00
327,1,5,6330.00
326,1,5,2752.50
324,1,5,1920.00
323,1,5,780.00
314,1,5,51.30
297,1,5,913.20
296,1,5,2623.04
295,1,5,128.40
282,1,5,1351.50
281,1,5,2433.00
279,1,5,5560.00
278,1,5,1301.40
277,1,5,2238.00
276,1,5,2170.00
275,1,5,2060.00
274,1,5,1351.50
272,1,5,39.40
271,1,5,105.00
270,1,5,568.00
266,1,5,42.60
265,1,5,80.04
264,1,5,240.56
263,1,5,19.70
262,1,5,10.50
261,1,5,85.20
259,1,5,609.60
258,1,5,1886.00
242,1,5,207.54
241,1,5,430.20
238,1,5,1.95
236,1,5,115.30
235,1,5,239.00
234,1,5,2012.01
232,1,5,83.60
209,1,5,254.40
206,1,5,539.00
205,1,5,501.00
204,1,5,11.70
199,1,5,897.00
197,1,5,1047.09
196,1,5,1408.68
195,1,5,592.20
194,1,5,1510.96
193,1,5,634.28
191,1,5,1824.55
190,1,5,2041.02
189,1,5,5951.92
188,1,5,222.61
187,1,5,940.95
186,1,5,10.02
185,1,5,19.50
184,1,5,74.80
183,1,5,163.28
179,1,5,4563.00
174,1,5,220.64
173,1,5,1908.48
172,1,5,326.00
171,1,5,59.10
170,1,5,115.50
169,1,5,704.32
163,1,5,47.80
162,1,5,43.24
160,1,5,166.08
159,1,5,371.40
158,1,5,23.40
144,1,5,5.07
141,1,5,282.90
139,1,5,93.38
138,1,5,3111.76
137,1,5,279.36
136,1,5,31.50
133,1,5,652.00
129,1,5,16220.00
123,1,5,3300.00
122,1,5,1216.50
120,1,5,901.00
119,1,5,746.00
118,1,5,723.00
117,1,5,4820.00
116,1,5,4120.00
115,1,5,1351.50
100,1,5,151.50
98,1,5,417.00
92,1,5,349.50
91,1,5,359.10
89,1,5,248.00
