customer_id,customer_name,legacy_style_no_raw,prefix_code,matched_product_id,matched_product_code,matched_customer_material_code,matched_product_name,matched_spec,matched_material,source_item_count,source_order_count,source_quantity_sum,source_amount_sum,first_order_date,last_order_date,match_status,review_status,risk_note
35,余姚乐泰电器有限公司,77870 / 纸箱102*57.5*61,77870,1127,77870,77870,纸箱102*57.5*61,1020×575×610mm,109 240/165/50/165/240,12,12,651,39320.40,2022/1/8 10:39:22,2026/3/23 10:16:50,prefix_unique,pending,同客户斜杠前编码唯一命中；仍需人工核对描述、规格和材质
35,余姚乐泰电器有限公司,77870/纸箱102*57.5*61,77870,1127,77870,77870,纸箱102*57.5*61,1020×575×610mm,109 240/165/50/165/240,9,9,287,15645.55,2018/11/14 15:06:12,2021/8/12 10:17:06,prefix_unique,pending,同客户斜杠前编码唯一命中；仍需人工核对描述、规格和材质
35,余姚乐泰电器有限公司,77861/纸箱101*57*73,77861,1128,77861,77861,纸箱101*57*73,1010×570×730mm,109 240/165/50/165/240,8,8,190,12591.50,2018/11/14 15:06:25,2021/8/12 10:18:02,prefix_unique,pending,同客户斜杠前编码唯一命中；仍需人工核对描述、规格和材质
35,余姚乐泰电器有限公司,77861 / 纸箱101*57*73,77861,1128,77861,77861,纸箱101*57*73,1010×570×730mm,109 240/165/50/165/240,5,5,100,7407.00,2022/1/8 10:39:58,2026/3/23 10:17:53,prefix_unique,pending,同客户斜杠前编码唯一命中；仍需人工核对描述、规格和材质
35,余姚乐泰电器有限公司,77870 /102*57.5*61,77870,1127,77870,77870,纸箱102*57.5*61,1020×575×610mm,109 240/165/50/165/240,1,1,40,3040.00,2018/4/12 13:11:29,2018/4/12 13:11:29,prefix_unique,pending,同客户斜杠前编码唯一命中；仍需人工核对描述、规格和材质
35,余姚乐泰电器有限公司,77861 /102*57.5*76,77861,1128,77861,77861,纸箱101*57*73,1010×570×730mm,109 240/165/50/165/240,1,1,20,1600.00,2018/4/12 13:13:36,2018/4/12 13:13:36,prefix_unique,pending,同客户斜杠前编码唯一命中；仍需人工核对描述、规格和材质
35,余姚乐泰电器有限公司,17230 / 纸护角7.6*5*5*0.5,17230,1129,17230,17230,纸护角7.6*5*5*0.5,76×50×5mm,054 纸护角,12,12,2990,837.20,2022/1/8 10:40:16,2026/3/23 10:18:24,prefix_unique,pending,同客户斜杠前编码唯一命中；仍需人工核对描述、规格和材质
35,余姚乐泰电器有限公司,17230/纸护角7.6*5*5*0.5,17230,1129,17230,17230,纸护角7.6*5*5*0.5,76×50×5mm,054 纸护角,8,8,2500,630.50,2018/11/14 15:06:42,2021/8/12 10:18:22,prefix_unique,pending,同客户斜杠前编码唯一命中；仍需人工核对描述、规格和材质
99,八方电气(苏州)股份有限公司,1402010000060/纸箱685*395*205,1402010000060,,,,,,,1,1,100,840.00,2023/10/23 9:52:46,2023/10/23 9:52:46,prefix_no_match,pending,斜杠前编码未命中产品，需人工查找或后续建产品
72,富乐美(苏州)超净科技有限公司,70902003 / 手套包装箱32*30*28,70902003,2381,70902003,70902003,手套包装箱32*30*28,320×300×280mm,146 150/105/50/125/130,3,3,645,3693.00,2022/12/13 9:31:29,2023/5/19 11:06:09,prefix_unique,pending,同客户斜杠前编码唯一命中；仍需人工核对描述、规格和材质
72,富乐美(苏州)超净科技有限公司,70902004 / 中性纸箱55*35*30,70902004,2437,70902004,70902004,中性纸箱55*35*30,550×350×300mm,146 150/105/50/125/130,4,4,400,2440.00,2023/12/6 14:44:08,2025/2/24 13:19:19,prefix_unique,pending,同客户斜杠前编码唯一命中；仍需人工核对描述、规格和材质
72,富乐美(苏州)超净科技有限公司,70902007/纸箱60*40*32,70902007,,,,,,,1,1,100,800.00,2024/5/17 15:39:35,2024/5/17 15:39:35,prefix_no_match,pending,斜杠前编码未命中产品，需人工查找或后续建产品
34,恒鹏(苏州)设备有限公司,81272 / POST-LVX FRONT CORNER,81272,2151,81272,81272,POST-LVX FRONT CORNER,1192×1300×mm,153 美卡3A,46,46,19900,466153.50,2018/1/22 14:13:20,2022/5/13 11:19:14,prefix_unique,pending,同客户斜杠前编码唯一命中；仍需人工核对描述、规格和材质
34,恒鹏(苏州)设备有限公司,72610 / BOX-LVX103 FRYER MAIN,72610,927,72610,72610,BOX-LVX103 FRYER MAIN,1280×900×1240mm,109 240/165/50/165/240,33,33,1967,219922.86,2018/1/22 13:41:35,2022/9/19 15:54:41,prefix_unique,pending,同客户斜杠前编码唯一命中；仍需人工核对描述、规格和材质
34,恒鹏(苏州)设备有限公司,73894 /纸箱 101.5*47*42.5 BOX-ODS DRAIN PAN DOLLY MAI,73894,1005,73894,73894,纸箱 101.5*47*42.5 BOX-ODS DRAIN PAN DOLLY MAI,1020×475×425mm,109 240/165/50/165/240,27,27,7038,168968.30,2018/10/27 10:42:44,2021/8/10 14:12:44,prefix_unique,pending,同客户斜杠前编码唯一命中；仍需人工核对描述、规格和材质
34,恒鹏(苏州)设备有限公司,75111 / BOX-LVX102 FRYER MAIN,75111,2152,75111,75111,BOX-LVX102 FRYER MAIN,900×890×1230mm,109 240/165/50/165/240,34,34,1535,154253.99,2018/6/19 9:25:11,2022/5/16 8:12:11,prefix_unique,pending,同客户斜杠前编码唯一命中；仍需人工核对描述、规格和材质
34,恒鹏(苏州)设备有限公司,75195/ 168*90*123.5 BOX-LVX104 FRYER MAIN,75195,1024,75195,75195,BOX-LVX104 FRYER MAIN 168*90*123.5,1680×900×1235mm,109 240/165/50/165/240,22,22,775,110590.65,2018/10/27 10:43:07,2021/8/16 17:07:48,prefix_unique,pending,同客户斜杠前编码唯一命中；仍需人工核对描述、规格和材质
34,恒鹏(苏州)设备有限公司,78042 /衬板55.3*72.5,78042,1062,78042,78042,衬板55.3*72.5,725×553×mm,110 240/165/240/A,19,19,33700,97831.00,2018/10/30 14:26:26,2021/9/4 8:23:35,prefix_unique,pending,同客户斜杠前编码唯一命中；仍需人工核对描述、规格和材质
34,恒鹏(苏州)设备有限公司,50566 / BOTTOM PAD,50566,2163,50566,50566,BOTTOM PAD,632×1800×mm,109 240/165/50/165/240,24,24,6844,66813.92,2018/1/22 14:28:45,2022/4/28 8:19:08,prefix_unique,pending,同客户斜杠前编码唯一命中；仍需人工核对描述、规格和材质
34,恒鹏(苏州)设备有限公司,77861 /纸箱101.5*57*76,77861,1065,77861,77861,纸箱101.5*57*76,1015×565×737mm,109 240/165/50/165/240,23,23,996,65234.75,2018/10/9 9:38:36,2022/1/22 8:57:31,prefix_unique,pending,同客户斜杠前编码唯一命中；仍需人工核对描述、规格和材质
34,恒鹏(苏州)设备有限公司,73893 /衬垫40.6*128.9 POST-CASTER END CORNER,73893,1004,73893,73893,衬垫40.6*128.9 POST-CASTER END CORNER,1289×406×mm,110 240/165/240/A,27,27,14256,62409.26,2018/10/27 10:42:22,2022/2/10 12:34:05,prefix_unique,pending,同客户斜杠前编码唯一命中；仍需人工核对描述、规格和材质
34,恒鹏(苏州)设备有限公司,50565 / PAD-HHC900 FLAT,50565,926,50565,50565,PAD-HHC900 FLAT,700×1600×mm,109 240/165/50/165/240,21,21,9600,55595.00,2018/1/22 13:37:44,2022/1/22 8:58:04,prefix_unique,pending,同客户斜杠前编码唯一命中；仍需人工核对描述、规格和材质
34,恒鹏(苏州)设备有限公司,50567 / TOP PAD -HC-900,50567,2159,50567,50567,TOP PAD HC-900,632×1047×mm,109 240/165/50/165/240,31,31,8244,47611.10,2018/1/22 14:30:37,2021/6/9 15:59:07,prefix_unique,pending,同客户斜杠前编码唯一命中；仍需人工核对描述、规格和材质
34,恒鹏(苏州)设备有限公司,154670 / PAD-MOV MOTOR PLATE SUPPORT,154670,932,154670,154670,PAD-MOV MOTOR PLATE SUPPORT,387×1551×mm,117 190/165/50/165/190,33,33,5796,39363.88,2018/1/22 14:26:22,2022/9/19 15:55:47,prefix_unique,pending,同客户斜杠前编码唯一命中；仍需人工核对描述、规格和材质
34,恒鹏(苏州)设备有限公司,176147 / BOX-071 MAIN,176147,1466,176147,176147,BOX-071 MAIN,894×536×1230mm,177 250/170/95/170/190,19,19,512,35896.84,2019/11/29 10:11:53,2022/9/21 10:25:03,prefix_unique,pending,同客户斜杠前编码唯一命中；仍需人工核对描述、规格和材质
34,恒鹏(苏州)设备有限公司,94843 / PAD-MVE FILTER PAN,94843,2179,94843,94843,PAD-MVE FOLTERPAN,625×1550×mm,117 190/165/50/165/190,33,33,8536,27392.40,2018/1/22 13:30:19,2021/9/4 8:17:50,prefix_unique,pending,同客户斜杠前编码唯一命中；仍需人工核对描述、规格和材质
34,恒鹏(苏州)设备有限公司,75195 / BOX-LVX104 FRYER MAIN 168*90*123.5,75195,1024,75195,75195,BOX-LVX104 FRYER MAIN 168*90*123.5,1680×900×1235mm,109 240/165/50/165/240,3,3,200,25294.00,2022/1/18 16:46:39,2022/3/15 16:23:59,prefix_unique,pending,同客户斜杠前编码唯一命中；仍需人工核对描述、规格和材质
34,恒鹏(苏州)设备有限公司,93028 / BOX-FRYER MAIN,93028,2180,93028,93028,BOX-FRYER MAIN,940×930×1210mm,177 250/170/95/170/190,10,10,236,24428.90,2019/1/8 9:14:14,2023/5/26 8:54:01,prefix_unique,pending,同客户斜杠前编码唯一命中；仍需人工核对描述、规格和材质
34,恒鹏(苏州)设备有限公司,92735/ BOX-OFE141 FRYER MAIN,92735,1104,92735,92735,BOX-OFE141 FRYER MAIN,935×575×1210mm,177 250/170/95/170/190,19,19,312,22827.94,2018/6/19 9:34:02,2021/5/21 9:57:57,prefix_unique,pending,同客户斜杠前编码唯一命中；仍需人工核对描述、规格和材质
34,恒鹏(苏州)设备有限公司,73890 /衬垫46.4*86.4 PAD-TOP FILIER,73890,1001,73890,73890,衬垫46.4*86.4 PAD-TOP FILIER,464×864×mm,109 240/165/50/165/240,25,25,6263,21481.51,2018/10/27 10:41:14,2021/8/10 14:14:30,prefix_unique,pending,同客户斜杠前编码唯一命中；仍需人工核对描述、规格和材质
34,恒鹏(苏州)设备有限公司,17230 / PROTECTOR-REINF.CORNER,17230,2178,17230,17230,PROTECTOR-REINF.CORNER,76×50×5mm,054 纸护角,21,21,81980,21169.00,2018/11/2 9:06:09,2022/6/22 16:51:41,prefix_unique,pending,同客户斜杠前编码唯一命中；仍需人工核对描述、规格和材质
34,恒鹏(苏州)设备有限公司,72745 / BOX-HHC136 MAIN,72745,1115,72745,72745,BOX-HHC136 MAIN,925×540×635mm,109 240/165/50/165/240,14,14,460,20120.15,2018/11/2 16:35:11,2022/4/29 16:47:01,prefix_unique,pending,同客户斜杠前编码唯一命中；仍需人工核对描述、规格和材质
34,恒鹏(苏州)设备有限公司,73894 / 纸箱 101.5*47*42.5 BOX-ODS DRAIN PAN DOLLY MAI,73894,1005,73894,73894,纸箱 101.5*47*42.5 BOX-ODS DRAIN PAN DOLLY MAI,1020×475×425mm,109 240/165/50/165/240,3,3,758,19480.60,2022/2/10 12:34:21,2022/6/15 11:19:27,prefix_unique,pending,同客户斜杠前编码唯一命中；仍需人工核对描述、规格和材质
34,恒鹏(苏州)设备有限公司,78042 / 衬板55.3*72.5,78042,1062,78042,78042,衬板55.3*72.5,725×553×mm,110 240/165/240/A,2,2,6000,18900.00,2022/1/14 13:21:16,2022/4/2 9:48:43,prefix_unique,pending,同客户斜杠前编码唯一命中；仍需人工核对描述、规格和材质
34,恒鹏(苏州)设备有限公司,88504 / EPE PAD-STEAM BOX,88504,1014,88504,88504,EPE PAD-STEAM BOX,1005×890×mm,116 240/165/240/B,4,4,749,18148.27,2021/12/23 17:24:51,2022/6/15 11:20:13,prefix_unique,pending,同客户斜杠前编码唯一命中；仍需人工核对描述、规格和材质
34,恒鹏(苏州)设备有限公司,172883/立柱81272加高款（1.5cm）,172883,2162,172883,172883,PAD-MVE07 CORNER WITH FRVCAP 立柱81272加高款（1.5cm),2620×1800×mm,109 240/165/50/165/240,8,8,732,17283.36,2019/5/14 10:11:50,2021/9/19 7:52:34,prefix_unique,pending,同客户斜杠前编码唯一命中；仍需人工核对描述、规格和材质
34,恒鹏(苏州)设备有限公司,92735 / BOX-OFE141 FRYER MAIN,92735,1104,92735,92735,BOX-OFE141 FRYER MAIN,935×575×1210mm,177 250/170/95/170/190,7,7,200,15594.70,2022/1/13 12:51:41,2022/9/19 15:55:07,prefix_unique,pending,同客户斜杠前编码唯一命中；仍需人工核对描述、规格和材质
34,恒鹏(苏州)设备有限公司,51013 /PDA-HC-903,51013,1077,51013,51013,PDA-HC-903,787×698×mm,109 240/165/50/165/240,22,22,4100,13754.00,2018/11/27 10:05:28,2022/2/10 12:35:28,prefix_unique,pending,同客户斜杠前编码唯一命中；仍需人工核对描述、规格和材质
34,恒鹏(苏州)设备有限公司,50535 / BOX-HCW5 MAIN,50535,1250,50535,50535,BOX-HCW5 MAIN,,037 P85858J,5,5,127,13192.20,2018/12/29 13:14:18,2020/3/11 13:17:52,prefix_unique,pending,同客户斜杠前编码唯一命中；仍需人工核对描述、规格和材质
34,恒鹏(苏州)设备有限公司,68371 /FOLDER-HMR105 DOOR,68371,2207,68371,68371,FOLDER-HMR105 DOOR,873×413×54mm,107 190/145/190/B,14,14,1120,10319.10,2018/10/4 13:38:43,2021/7/29 16:59:53,prefix_unique,pending,同客户斜杠前编码唯一命中；仍需人工核对描述、规格和材质
34,恒鹏(苏州)设备有限公司,72747 / PAD-HHC136 BOTTOM C POST,72747,1116,72747,72747,PAD-HHC136 BOTTOM C POST,606×1550×mm,117 190/165/50/165/190,11,11,1120,10092.40,2018/7/2 9:48:23,2022/3/15 15:00:15,prefix_unique,pending,同客户斜杠前编码唯一命中；仍需人工核对描述、规格和材质
34,恒鹏(苏州)设备有限公司,50568 / DOOR PAD -HC -900,50568,2149,50568,50568,DOOR PAD-HC-900,630×76×mm,152 175/165/50/165/175,18,18,7950,10055.50,2018/1/22 14:33:38,2021/9/17 9:25:14,prefix_unique,pending,同客户斜杠前编码唯一命中；仍需人工核对描述、规格和材质
34,恒鹏(苏州)设备有限公司,77870 /纸箱102*57.5*61,77870,1066,77870,77870,纸箱102*57.5*61,1015×565×605mm,177 250/170/95/170/190,10,10,174,9425.70,2018/11/16 9:42:24,2021/9/4 8:23:16,prefix_unique,pending,同客户斜杠前编码唯一命中；仍需人工核对描述、规格和材质
34,恒鹏(苏州)设备有限公司,50567 / TOP PAD HC-900,50567,2159,50567,50567,TOP PAD HC-900,632×1047×mm,109 240/165/50/165/240,3,3,1500,9375.00,2021/12/23 17:35:17,2022/1/18 16:52:26,prefix_unique,pending,同客户斜杠前编码唯一命中；仍需人工核对描述、规格和材质
34,恒鹏(苏州)设备有限公司,78043 / PAD-SPACE FOR DOOR衬板,78043,2264,78043,78043,PAD-SPACE FOR DOOR衬板,592×553×mm,110 240/165/240/A,1,1,3000,7950.00,2022/4/2 9:51:43,2022/4/2 9:51:43,prefix_unique,pending,同客户斜杠前编码唯一命中；仍需人工核对描述、规格和材质
34,恒鹏(苏州)设备有限公司,78043/553*592mm,78043,2264,78043,78043,PAD-SPACE FOR DOOR衬板,592×553×mm,110 240/165/240/A,4,4,3000,7900.00,2021/4/6 15:48:04,2021/9/4 8:23:55,prefix_unique,pending,同客户斜杠前编码唯一命中；仍需人工核对描述、规格和材质
34,恒鹏(苏州)设备有限公司,68369 / FOLDER-HMR103 DOOR,68369,1131,68369,68369,FOLDER-HMR103 DOOR,,051 J6J,13,13,1130,7233.00,2018/10/4 13:38:19,2021/9/4 8:22:26,prefix_unique,pending,同客户斜杠前编码唯一命中；仍需人工核对描述、规格和材质
34,恒鹏(苏州)设备有限公司,172883 / PAD-MVE07 CORNER WITH FRVCAP 立柱81272加高款（1.5cm),172883,2162,172883,172883,PAD-MVE07 CORNER WITH FRVCAP 立柱81272加高款（1.5cm),2620×1800×mm,109 240/165/50/165/240,5,5,272,6946.88,2022/1/3 14:08:53,2022/9/19 15:59:46,prefix_unique,pending,同客户斜杠前编码唯一命中；仍需人工核对描述、规格和材质
34,恒鹏(苏州)设备有限公司,82540 / PAD-EEE14X BASKET SUPPORT 28.9*63.6,82540,1063,82540,82540,PAD-EEE14X BASKET SUPPORT 28.9*63.6,289×636×mm,110 240/165/240/A,7,7,3600,6691.00,2022/1/13 12:51:23,2022/9/19 15:55:29,prefix_unique,pending,同客户斜杠前编码唯一命中；仍需人工核对描述、规格和材质
34,恒鹏(苏州)设备有限公司,72610/ BOX-LVX103 FRYER MAIN,72610,927,72610,72610,BOX-LVX103 FRYER MAIN,1280×900×1240mm,109 240/165/50/165/240,1,1,60,6543.60,2018/6/13 11:08:44,2018/6/13 11:08:44,prefix_unique,pending,同客户斜杠前编码唯一命中；仍需人工核对描述、规格和材质
34,恒鹏(苏州)设备有限公司,151439 / BOX-NIGHT COVER,151439,1280,151439,151439,BOX-NIGHT COVER,385×115×570mm,110 240/165/240/A,11,11,708,6090.20,2019/3/5 10:45:57,2022/9/19 15:56:19,prefix_unique,pending,同客户斜杠前编码唯一命中；仍需人工核对描述、规格和材质
34,恒鹏(苏州)设备有限公司,68372 /FOLDER-HMR107 DOOR,68372,2261,68372,68372,FOLDER-HMR107 DOOR,620×415×105mm,110 240/165/240/A,10,10,865,5907.15,2018/7/12 9:19:45,2021/6/3 8:38:43,prefix_unique,pending,同客户斜杠前编码唯一命中；仍需人工核对描述、规格和材质
34,恒鹏(苏州)设备有限公司,77861 / 纸箱101.5*57*76,77861,1065,77861,77861,纸箱101.5*57*76,1015×565×737mm,109 240/165/50/165/240,2,2,78,5518.50,2022/3/9 16:54:18,2022/9/19 15:59:10,prefix_unique,pending,同客户斜杠前编码唯一命中；仍需人工核对描述、规格和材质
34,恒鹏(苏州)设备有限公司,73890 / 衬垫46.4*86.4 PAD-TOP FILIER,73890,1001,73890,73890,衬垫46.4*86.4 PAD-TOP FILIER,464×864×mm,109 240/165/50/165/240,6,6,1464,5416.80,2021/12/24 10:49:26,2022/9/19 15:58:14,prefix_unique,pending,同客户斜杠前编码唯一命中；仍需人工核对描述、规格和材质
34,恒鹏(苏州)设备有限公司,82540 /28.9*63.6,82540,1063,82540,82540,PAD-EEE14X BASKET SUPPORT 28.9*63.6,289×636×mm,110 240/165/240/A,18,18,3050,5292.00,2018/5/11 12:27:14,2021/9/4 8:16:35,prefix_unique,pending,同客户斜杠前编码唯一命中；仍需人工核对描述、规格和材质
34,恒鹏(苏州)设备有限公司,68371 / FOLDER-HMR105 DOOR,68371,2207,68371,68371,FOLDER-HMR105 DOOR,873×413×54mm,107 190/145/190/B,4,4,520,5148.00,2022/3/3 16:37:37,2022/9/19 15:57:37,prefix_unique,pending,同客户斜杠前编码唯一命中；仍需人工核对描述、规格和材质
34,恒鹏(苏州)设备有限公司,73893 / 衬垫40.6*128.9 POST-CASTER END CORNER,73893,1004,73893,73893,衬垫40.6*128.9 POST-CASTER END CORNER,1289×406×mm,110 240/165/240/A,4,4,990,4623.30,2022/3/9 17:05:09,2022/9/19 15:58:49,prefix_unique,pending,同客户斜杠前编码唯一命中；仍需人工核对描述、规格和材质
34,恒鹏(苏州)设备有限公司,72746 / PAD-HHC136 TOP C POST,72746,2283,72746,72746,PAD-HHC136 TOP C POST,610×1250×mm,110 240/165/240/A,12,12,865,4539.40,2018/7/2 9:46:58,2022/9/19 15:57:57,prefix_unique,pending,同客户斜杠前编码唯一命中；仍需人工核对描述、规格和材质
34,恒鹏(苏州)设备有限公司,68375 /PAD-HMR105 DOOR SEPARATOR,68375,2208,68375,68375,PAD-HR105 DOOR,790×410×mm,152 175/165/50/165/175,15,15,1060,4250.20,2018/11/1 9:35:24,2021/6/3 8:39:18,prefix_unique,pending,同客户斜杠前编码唯一命中；仍需人工核对描述、规格和材质
34,恒鹏(苏州)设备有限公司,94843 / PAD-MVE FOLTERPAN,94843,2179,94843,94843,PAD-MVE FOLTERPAN,625×1550×mm,117 190/165/50/165/190,4,3,1264,4068.96,2022/1/19 12:33:37,2022/9/19 15:56:04,prefix_unique,pending,同客户斜杠前编码唯一命中；仍需人工核对描述、规格和材质
34,恒鹏(苏州)设备有限公司,72748 / PAD-FLAT DECK,72748,1117,72748,72748,PAD-FLAT DECK,813×440×mm,110 240/165/240/A,13,13,1750,3985.00,2018/12/5 15:48:08,2022/5/4 14:58:58,prefix_unique,pending,同客户斜杠前编码唯一命中；仍需人工核对描述、规格和材质
34,恒鹏(苏州)设备有限公司,96231 / BOX-FOR 05218,96231,1119,96231,96231,BOX-FOR 05218,465×340×190mm,109 240/165/50/165/240,9,9,417,3654.83,2018/7/2 9:52:09,2022/5/4 14:59:14,prefix_unique,pending,同客户斜杠前编码唯一命中；仍需人工核对描述、规格和材质
34,恒鹏(苏州)设备有限公司,172881 / 72610的加高款（1.5cm）,172881,,,,,,,1,1,31,3379.00,2018/11/12 9:46:58,2018/11/12 9:46:58,prefix_no_match,pending,斜杠前编码未命中产品，需人工查找或后续建产品
34,恒鹏(苏州)设备有限公司,12883 / 81272的加高款（1.5cm）,12883,,,,,,,1,1,128,2918.40,2018/11/12 9:48:02,2018/11/12 9:48:02,prefix_no_match,pending,斜杠前编码未命中产品，需人工查找或后续建产品
34,恒鹏(苏州)设备有限公司,68373 / PAD-HMR107 DOOR SEPARATOR,68373,1132,68373,68373,PAD-HMR107 DOOR SEPARATOR,,051 J6J,11,11,1140,2890.20,2018/10/4 13:38:57,2021/9/4 8:22:06,prefix_unique,pending,同客户斜杠前编码唯一命中；仍需人工核对描述、规格和材质
34,恒鹏(苏州)设备有限公司,82284 / carton 12.5*8.5*90.5,82284,,,,,,,1,1,500,2765.00,2022/1/11 9:31:46,2022/1/11 9:31:46,prefix_no_match,pending,斜杠前编码未命中产品，需人工查找或后续建产品
34,恒鹏(苏州)设备有限公司,172881/BOX-MVE073 MAIN WITH FRYCAP,172881,,,,,,,2,2,24,2617.44,2019/2/22 8:17:13,2019/2/26 13:08:40,prefix_no_match,pending,斜杠前编码未命中产品，需人工查找或后续建产品
34,恒鹏(苏州)设备有限公司,172883/立柱,172883,2162,172883,172883,PAD-MVE07 CORNER WITH FRVCAP 立柱81272加高款（1.5cm),2620×1800×mm,109 240/165/50/165/240,2,2,108,2462.40,2019/2/22 8:20:51,2019/2/26 13:08:15,prefix_unique,pending,同客户斜杠前编码唯一命中；仍需人工核对描述、规格和材质
34,恒鹏(苏州)设备有限公司,77870 / 纸箱102*57.5*61,77870,1066,77870,77870,纸箱102*57.5*61,1015×565×605mm,177 250/170/95/170/190,2,2,43,2368.27,2022/3/9 16:54:52,2022/7/27 9:15:32,prefix_unique,pending,同客户斜杠前编码唯一命中；仍需人工核对描述、规格和材质
34,恒鹏(苏州)设备有限公司,50568 / DOOR PAD-HC-900,50568,2149,50568,50568,DOOR PAD-HC-900,630×76×mm,152 175/165/50/165/175,3,3,1700,2346.00,2021/12/15 10:57:02,2022/1/5 10:14:21,prefix_unique,pending,同客户斜杠前编码唯一命中；仍需人工核对描述、规格和材质
34,恒鹏(苏州)设备有限公司,87213 / PAD-LVX203 PACK TOP,87213,929,87213,87213,PAD-LVX203 PACK TOP,254×1276×mm,034 F515F,11,11,915,2177.70,2018/1/22 14:01:42,2019/8/27 9:46:07,prefix_unique,pending,同客户斜杠前编码唯一命中；仍需人工核对描述、规格和材质
34,恒鹏(苏州)设备有限公司,68375 / PAD-HR105 DOOR,68375,2208,68375,68375,PAD-HR105 DOOR,790×410×mm,152 175/165/50/165/175,4,3,750,2175.00,2022/2/22 16:48:33,2022/4/27 12:58:12,prefix_unique,pending,同客户斜杠前编码唯一命中；仍需人工核对描述、规格和材质
34,恒鹏(苏州)设备有限公司,68371 / FOLDER-,68371,2207,68371,68371,FOLDER-HMR105 DOOR,873×413×54mm,107 190/145/190/B,1,1,200,1980.00,2022/2/22 16:48:23,2022/2/22 16:48:23,prefix_unique,pending,同客户斜杠前编码唯一命中；仍需人工核对描述、规格和材质
34,恒鹏(苏州)设备有限公司,93076 /POST-FRONT CORNER,93076,,,,,,,1,1,100,1870.00,2018/5/26 11:19:51,2018/5/26 11:19:51,prefix_no_match,pending,斜杠前编码未命中产品，需人工查找或后续建产品
34,恒鹏(苏州)设备有限公司,68374 / PADD-HMR104 DOOR SEPARATOR,68374,1120,68374,68374,PADD-HMR104 DOOR SEPARATOR,,034 F515F,9,9,510,1651.00,2018/10/4 13:39:12,2021/7/5 8:01:48,prefix_unique,pending,同客户斜杠前编码唯一命中；仍需人工核对描述、规格和材质
34,恒鹏(苏州)设备有限公司,26062 / 纸盒81*65.5*11.6/11.8,26062,2174,26062,26062,纸盒81*65.5*11.6/11.8,810×655×118mm,116 240/165/240/B,1,1,100,1597.00,2022/1/14 13:19:59,2022/1/14 13:19:59,prefix_unique,pending,同客户斜杠前编码唯一命中；仍需人工核对描述、规格和材质
34,恒鹏(苏州)设备有限公司,68372 / FOLDER-HMR107 DOOR,68372,2261,68372,68372,FOLDER-HMR107 DOOR,620×415×105mm,110 240/165/240/A,2,2,204,1538.16,2022/4/2 9:07:52,2022/7/27 9:14:43,prefix_unique,pending,同客户斜杠前编码唯一命中；仍需人工核对描述、规格和材质
34,恒鹏(苏州)设备有限公司,40611 / BOX-RACK,40611,1251,40611,40611,BOX-RACK,,110 240/165/240/A,10,10,149,1517.68,2018/12/29 13:15:18,2022/9/19 15:57:18,prefix_unique,pending,同客户斜杠前编码唯一命中；仍需人工核对描述、规格和材质
34,恒鹏(苏州)设备有限公司,46756 /衬板61*18.7,46756,1061,46756,46756,衬板61*18.7,610×187×mm,110 240/165/240/A,12,12,2250,1443.00,2018/10/27 10:39:13,2021/4/20 7:53:18,prefix_unique,pending,同客户斜杠前编码唯一命中；仍需人工核对描述、规格和材质
34,恒鹏(苏州)设备有限公司,51012 / BOX-HHC903 MAIN,51012,,,,,,,1,1,17,1356.43,2021/12/23 17:38:08,2021/12/23 17:38:08,prefix_no_match,pending,斜杠前编码未命中产品，需人工查找或后续建产品
34,恒鹏(苏州)设备有限公司,78762 / PAD-HHC900 DOOR TOP BTM垫片,78762,1277,78762,78762,PAD-HHC900 DOOR TOP BTM垫片,724×1311×mm,109 240/165/50/165/240,1,1,150,1242.00,2022/1/14 13:18:08,2022/1/14 13:18:08,prefix_unique,pending,同客户斜杠前编码唯一命中；仍需人工核对描述、规格和材质
34,恒鹏(苏州)设备有限公司,172881 / 72610加高款1.5cm,172881,,,,,,,1,1,9,1099.62,2022/1/3 11:57:58,2022/1/3 11:57:58,prefix_no_match,pending,斜杠前编码未命中产品，需人工查找或后续建产品
34,恒鹏(苏州)设备有限公司,151093 / PROTECTOR-HMR DOOR BULK PACKS,151093,2262,151093,151093,PROTECTOR-HMR护角,660×50×5mm,054 纸护角,6,6,550,852.50,2019/10/25 10:29:52,2021/9/4 8:21:39,prefix_unique,pending,同客户斜杠前编码唯一命中；仍需人工核对描述、规格和材质
34,恒鹏(苏州)设备有限公司,82677 / PAD-ELITE DOOR,82677,931,82677,82677,PAD-ELITE DOOR,,051 J6J,5,5,870,809.10,2018/1/22 14:24:06,2018/3/22 8:30:17,prefix_unique,pending,同客户斜杠前编码唯一命中；仍需人工核对描述、规格和材质
34,恒鹏(苏州)设备有限公司,172881 / BOX-MVE073 MAIN WITH,172881,,,,,,,1,1,6,733.08,2022/2/22 16:34:37,2022/2/22 16:34:37,prefix_no_match,pending,斜杠前编码未命中产品，需人工查找或后续建产品
34,恒鹏(苏州)设备有限公司,51013 / PDA-HC-903,51013,1077,51013,51013,PDA-HC-903,787×698×mm,109 240/165/50/165/240,1,1,200,716.00,2021/12/23 17:38:50,2021/12/23 17:38:50,prefix_unique,pending,同客户斜杠前编码唯一命中；仍需人工核对描述、规格和材质
34,恒鹏(苏州)设备有限公司,26062 /纸盒81*65.5*11.6/11.8,26062,2174,26062,26062,纸盒81*65.5*11.6/11.8,810×655×118mm,116 240/165/240/B,4,4,51,715.65,2018/5/11 12:36:44,2020/3/14 8:43:49,prefix_unique,pending,同客户斜杠前编码唯一命中；仍需人工核对描述、规格和材质
34,恒鹏(苏州)设备有限公司,140742 / 纸箱-EPE内盒,140742,1940,140742,140742,纸箱-EPE内盒,415×285×130mm,116 240/165/240/B,1,1,50,650.00,2022/2/28 16:38:11,2022/2/28 16:38:11,prefix_unique,pending,同客户斜杠前编码唯一命中；仍需人工核对描述、规格和材质
34,恒鹏(苏州)设备有限公司,140742/纸箱-EPE内盒,140742,1940,140742,140742,纸箱-EPE内盒,415×285×130mm,116 240/165/240/B,1,1,50,650.00,2021/4/28 11:58:05,2021/4/28 11:58:05,prefix_unique,pending,同客户斜杠前编码唯一命中；仍需人工核对描述、规格和材质
34,恒鹏(苏州)设备有限公司,50161 / PAD-HHC900 DOOR EDGE,50161,2173,50161,50161,PAD-HHC900 DOOR EDGE,648×108×mm,109 240/165/50/165/240,1,1,150,571.50,2022/1/14 13:20:45,2022/1/14 13:20:45,prefix_unique,pending,同客户斜杠前编码唯一命中；仍需人工核对描述、规格和材质
34,恒鹏(苏州)设备有限公司,78762/垫片PAD-HHC900 DOOR TOP BTM,78762,1277,78762,78762,PAD-HHC900 DOOR TOP BTM垫片,724×1311×mm,109 240/165/50/165/240,3,3,70,510.80,2019/11/6 9:32:34,2020/3/14 8:43:27,prefix_unique,pending,同客户斜杠前编码唯一命中；仍需人工核对描述、规格和材质
34,恒鹏(苏州)设备有限公司,182558/内盒68*44*3,182558,1997,182558,182558,内盒44*3*68,440×30×680mm,116 240/165/240/B,4,4,100,450.00,2021/10/23 11:29:49,2021/8/19 10:18:55,prefix_unique,pending,同客户斜杠前编码唯一命中；仍需人工核对描述、规格和材质
34,恒鹏(苏州)设备有限公司,182558 / 内盒44*3*68,182558,1997,182558,182558,内盒44*3*68,440×30×680mm,116 240/165/240/B,1,1,100,450.00,2022/3/29 14:27:43,2022/3/29 14:27:43,prefix_unique,pending,同客户斜杠前编码唯一命中；仍需人工核对描述、规格和材质
34,恒鹏(苏州)设备有限公司,151093 / PROTECTOR-HMR护角,151093,2262,151093,151093,PROTECTOR-HMR护角,660×50×5mm,054 纸护角,2,2,260,429.00,2022/4/2 9:42:01,2022/4/23 10:48:03,prefix_unique,pending,同客户斜杠前编码唯一命中；仍需人工核对描述、规格和材质
34,恒鹏(苏州)设备有限公司,72749 / PAD-HHC-136 AIR DUCT,72749,1118,72749,72749,PAD-HHC-136 AIR DUCT,330×143×mm,110 240/165/240/A,9,9,920,367.00,2018/7/2 9:51:00,2022/9/19 17:32:32,prefix_unique,pending,同客户斜杠前编码唯一命中；仍需人工核对描述、规格和材质
34,恒鹏(苏州)设备有限公司,46756 / 衬板61*18.7,46756,1061,46756,46756,衬板61*18.7,610×187×mm,110 240/165/240/A,2,2,1020,364.70,2022/1/18 10:07:43,2022/2/14 12:23:22,prefix_unique,pending,同客户斜杠前编码唯一命中；仍需人工核对描述、规格和材质
34,恒鹏(苏州)设备有限公司,68377 / PAD-HMR107衬板,68377,2263,68377,68377,PAD-HMR107衬板,410×610×mm,109 240/165/50/165/240,1,1,200,296.00,2022/4/2 9:47:48,2022/4/2 9:47:48,prefix_unique,pending,同客户斜杠前编码唯一命中；仍需人工核对描述、规格和材质
34,恒鹏(苏州)设备有限公司,157210 / PAD-HHC903 FRAME DOOR,157210,2177,157210,157210,PAD-HHC903 FRAME DOOR,546×57×mm,117 190/165/50/165/190,2,2,165,254.10,2022/1/15 15:24:31,2022/9/21 10:24:42,prefix_unique,pending,同客户斜杠前编码唯一命中；仍需人工核对描述、规格和材质
34,恒鹏(苏州)设备有限公司,50161/PAD-HHC900 DOOR   EDGE,50161,2173,50161,50161,PAD-HHC900 DOOR EDGE,648×108×mm,109 240/165/50/165/240,3,3,70,234.90,2019/11/6 9:31:02,2020/3/14 8:41:40,prefix_unique,pending,同客户斜杠前编码唯一命中；仍需人工核对描述、规格和材质
34,恒鹏(苏州)设备有限公司,24787 / PAD-LOWER HANDLE,24787,1064,24787,24787,PAD-LOWER HANDLE,280×108×mm,109 240/165/50/165/240,3,3,116,226.20,2022/1/15 15:25:25,2022/9/19 15:56:58,prefix_unique,pending,同客户斜杠前编码唯一命中；仍需人工核对描述、规格和材质
34,恒鹏(苏州)设备有限公司,96230 / BOX-FOR 05019,96230,1137,96230,96230,96230 WC 五层钉箱,,187 250/170/95/170/250,1,1,20,188.40,2018/7/20 14:34:37,2018/7/20 14:34:37,prefix_unique,pending,同客户斜杠前编码唯一命中；仍需人工核对描述、规格和材质
34,恒鹏(苏州)设备有限公司,51012 /纸箱,51012,,,,,,,1,1,2,145.34,2018/6/13 16:06:22,2018/6/13 16:06:22,prefix_no_match,pending,斜杠前编码未命中产品，需人工查找或后续建产品
34,恒鹏(苏州)设备有限公司,157207 / PAD-HHC903 DOOR,157207,1465,157207,157207,PAD-HHC903 DOOR,298×108×mm,117 190/165/50/165/190,2,2,110,145.20,2022/1/15 15:24:55,2022/9/21 10:24:22,prefix_unique,pending,同客户斜杠前编码唯一命中；仍需人工核对描述、规格和材质
34,恒鹏(苏州)设备有限公司,24786 / PAD-UPPER HANDLE BLOCK,24786,2172,24786,24786,PAD-UPPER HANDLE BLOCK,156×108×mm,109 240/165/50/165/240,1,1,100,120.00,2022/1/15 9:10:52,2022/1/15 9:10:52,prefix_unique,pending,同客户斜杠前编码唯一命中；仍需人工核对描述、规格和材质
34,恒鹏(苏州)设备有限公司,182558 / 内盒68*44*3,182558,1997,182558,182558,内盒44*3*68,440×30×680mm,116 240/165/240/B,1,1,20,90.00,2022/2/22 16:36:05,2022/2/22 16:36:05,prefix_unique,pending,同客户斜杠前编码唯一命中；仍需人工核对描述、规格和材质
34,恒鹏(苏州)设备有限公司,54730 / LOCK PAD,54730,,,,,,,4,4,835,88.50,2018/1/22 13:57:14,2022/1/18 10:06:01,prefix_no_match,pending,斜杠前编码未命中产品，需人工查找或后续建产品
34,恒鹏(苏州)设备有限公司,24787 /28*10.8,24787,1064,24787,24787,PAD-LOWER HANDLE,280×108×mm,109 240/165/50/165/240,4,4,51,87.58,2018/5/11 12:32:24,2020/3/14 8:41:25,prefix_unique,pending,同客户斜杠前编码唯一命中；仍需人工核对描述、规格和材质
34,恒鹏(苏州)设备有限公司,24786/PAD-UPPER HANDLE  BLOCK,24786,2172,24786,24786,PAD-UPPER HANDLE BLOCK,156×108×mm,109 240/165/50/165/240,3,3,50,52.50,2019/10/25 10:31:41,2020/3/14 8:31:50,prefix_unique,pending,同客户斜杠前编码唯一命中；仍需人工核对描述、规格和材质
34,恒鹏(苏州)设备有限公司,157210 / PAD-HHC903 FRAME DOOR EDGE,157210,2177,157210,157210,PAD-HHC903 FRAME DOOR,546×57×mm,117 190/165/50/165/190,1,1,30,39.90,2020/3/14 8:43:10,2020/3/14 8:43:10,prefix_unique,pending,同客户斜杠前编码唯一命中；仍需人工核对描述、规格和材质
34,恒鹏(苏州)设备有限公司,157207 / PAD-HHC900 DOOR TOP&BTM,157207,1465,157207,157207,PAD-HHC903 DOOR,298×108×mm,117 190/165/50/165/190,1,1,20,23.00,2019/11/6 9:33:55,2019/11/6 9:33:55,prefix_unique,pending,同客户斜杠前编码唯一命中；仍需人工核对描述、规格和材质
34,恒鹏(苏州)设备有限公司,181666 / 配套EPE内盒,181666,2215,181666,181666,配套EPE内盒,400×270×110mm,053 EPE材料,1,1,50,0.00,2022/2/28 16:37:55,2022/2/28 16:37:55,prefix_unique,pending,同客户斜杠前编码唯一命中；仍需人工核对描述、规格和材质
34,恒鹏(苏州)设备有限公司,181667 / 配套EPE衬板,181667,2216,181667,181667,配套EPE衬板,357×227×20mm,053 EPE材料,1,1,50,0.00,2022/2/28 16:37:55,2022/2/28 16:37:55,prefix_unique,pending,同客户斜杠前编码唯一命中；仍需人工核对描述、规格和材质
45,昆山宇扬五金塑胶有限公司,50-0034-72 / 外箱485*420*170,50-0034-72,1354,50-0034-72,50-0034-72,外箱485*420*170,485×420×170mm,01 R516A,1,1,50,450.00,2019/6/10 15:38:59,2019/6/10 15:38:59,prefix_unique,pending,同客户斜杠前编码唯一命中；仍需人工核对描述、规格和材质
85,昆山飞林彩印包装有限公司,纸箱32/465*418*200,纸箱32,,,,,,,1,1,800,3040.00,2025/3/7 8:03:46,2025/3/7 8:03:46,prefix_no_match,pending,斜杠前编码未命中产品，需人工查找或后续建产品
67,普森美微电子技术（苏州）有限公司,纸箱PSMW2100003 /365*365*360,纸箱PSMW2100003,,,,,,,1,1,300,1710.00,2021/8/20 16:41:57,2021/8/20 16:41:57,prefix_no_match,pending,斜杠前编码未命中产品，需人工查找或后续建产品
67,普森美微电子技术（苏州）有限公司,纸箱PSMW2100001/ 515*345*235,纸箱PSMW2100001,,,,,,,1,1,300,1620.00,2021/8/20 16:15:07,2021/8/20 16:15:07,prefix_no_match,pending,斜杠前编码未命中产品，需人工查找或后续建产品
95,艾姆科技(苏州)有限公司,BZX00192/OS-122纸箱45.5*32.6*31.7,BZX00192,,,,,,,1,1,1000,4510.00,2023/10/13 9:08:39,2023/10/13 9:08:39,prefix_no_match,pending,斜杠前编码未命中产品，需人工查找或后续建产品
95,艾姆科技(苏州)有限公司,BZX00102/OS-106纸箱59*28*34,BZX00102,,,,,,,1,1,500,2750.00,2023/10/13 9:07:40,2023/10/13 9:07:40,prefix_no_match,pending,斜杠前编码未命中产品，需人工查找或后续建产品
95,艾姆科技(苏州)有限公司,BZX00102/OS-106纸箱/59*28*34,BZX00102,,,,,,,1,1,400,2200.00,2023/10/8 9:57:18,2023/10/8 9:57:18,prefix_no_match,pending,斜杠前编码未命中产品，需人工查找或后续建产品
95,艾姆科技(苏州)有限公司,BZX00193/OS123纸箱49*30.5*36.5,BZX00193,,,,,,,1,1,100,500.00,2023/10/13 9:09:18,2023/10/13 9:09:18,prefix_no_match,pending,斜杠前编码未命中产品，需人工查找或后续建产品
95,艾姆科技(苏州)有限公司,BZX00040/下盖MLDE,BZX00040,,,,,,,1,1,100,390.00,2023/10/26 17:04:24,2023/10/26 17:04:24,prefix_no_match,pending,斜杠前编码未命中产品，需人工查找或后续建产品
95,艾姆科技(苏州)有限公司,BZX00039/上盖MLDE,BZX00039,,,,,,,1,1,100,300.00,2023/10/26 17:03:35,2023/10/26 17:03:35,prefix_no_match,pending,斜杠前编码未命中产品，需人工查找或后续建产品
95,艾姆科技(苏州)有限公司,OS-033/纸箱570*280*300,OS-033,,,,,,,1,1,20,102.40,2024/3/4 12:33:47,2024/3/4 12:33:47,prefix_no_match,pending,斜杠前编码未命中产品，需人工查找或后续建产品
62,苏州亿林包装有限公司,6471H纸箱 / 1162*458*520,6471H纸箱,1811,6471H纸箱,6471H纸箱,1162*458*520,1165×458×520mm,05 K516R,3,3,2889,64610.27,2020/12/22 10:20:37,2021/1/27 11:10:47,prefix_unique,pending,同客户斜杠前编码唯一命中；仍需人工核对描述、规格和材质
62,苏州亿林包装有限公司,113259K-02-A / 上下盖,113259K-02-A,,,,,,,4,4,2290,31287.70,2020/12/23 15:11:54,2021/1/21 10:07:04,prefix_no_match,pending,斜杠前编码未命中产品，需人工查找或后续建产品
62,苏州亿林包装有限公司,6556H纸箱 / 972*458*520,6556H纸箱,1815,6556H纸箱,6556H纸箱,972*458*520,972×458×520mm,05 K516R,4,4,1345,27255.05,2020/12/22 10:24:04,2021/3/18 9:07:11,prefix_unique,pending,同客户斜杠前编码唯一命中；仍需人工核对描述、规格和材质
62,苏州亿林包装有限公司,6547/6553H纸箱 / 795*458*520,6547,,,,,,,4,4,1374,24558.66,2020/12/22 10:22:06,2021/3/18 9:06:30,prefix_no_match,pending,斜杠前编码未命中产品，需人工查找或后续建产品
62,苏州亿林包装有限公司,113259K-01-A / 上下盖,113259K-01-A,1795,113259K-01-A,113259K-01-A,上下盖,962×595×118mm,05 K516R,4,4,856,17873.28,2021/10/8 12:34:19,2021/7/28 15:48:52,prefix_unique,pending,同客户斜杠前编码唯一命中；仍需人工核对描述、规格和材质
62,苏州亿林包装有限公司,打包纸片 / 180*1120,打包纸片,1820,打包纸片,打包纸片,180*1120,1120×180×mm,02 K7R,3,3,26124,15413.16,2020/12/22 10:28:11,2020/12/30 10:53:33,prefix_unique,pending,同客户斜杠前编码唯一命中；仍需人工核对描述、规格和材质
62,苏州亿林包装有限公司,XZ-0009 / 352*267*465,XZ-0009,1875,XZ-0009,XZ-0009,352*267*465,352×267×465mm,05 K516R,3,3,1590,11479.70,2021/1/25 11:12:50,2021/2/19 9:34:24,prefix_unique,pending,同客户斜杠前编码唯一命中；仍需人工核对描述、规格和材质
62,苏州亿林包装有限公司,6550H纸箱 / 1177*458*520,6550H纸箱,1814,6550H纸箱,6550H纸箱,1177*458*520,1177×458×520mm,05 K516R,4,4,487,11195.45,2020/12/22 10:23:24,2021/3/18 9:06:53,prefix_unique,pending,同客户斜杠前编码唯一命中；仍需人工核对描述、规格和材质
62,苏州亿林包装有限公司,6544H纸箱 / 1243*458*520,6544H纸箱,1812,6544H纸箱,6544H纸箱,1243*458*520,1243×458×520mm,05 K516R,4,4,204,4815.36,2020/12/22 10:21:17,2021/3/18 9:06:07,prefix_unique,pending,同客户斜杠前编码唯一命中；仍需人工核对描述、规格和材质
62,苏州亿林包装有限公司,113259K / 上下盖,113259K,,,,,,,1,1,340,4613.80,2020/12/16 9:53:35,2020/12/16 9:53:35,prefix_no_match,pending,斜杠前编码未命中产品，需人工查找或后续建产品
62,苏州亿林包装有限公司,插片 / 510*440,插片,1816,插片,插片,510*440,510×440×mm,05 K516R,5,5,2283,3413.67,2020/12/22 10:25:03,2021/2/22 13:24:23,prefix_unique,pending,同客户斜杠前编码唯一命中；仍需人工核对描述、规格和材质
62,苏州亿林包装有限公司,XZ-0004 / 593*470*197,XZ-0004,1876,XZ-0004,XZ-0004,593*470*197,593×470×197mm,05 K516R,3,3,129,1303.10,2021/1/25 11:13:34,2021/3/3 13:33:05,prefix_unique,pending,同客户斜杠前编码唯一命中；仍需人工核对描述、规格和材质
62,苏州亿林包装有限公司,AB/F衬板565*605,AB,,,,,,,1,1,350,630.00,2021/10/21 16:26:02,2021/10/21 16:26:02,prefix_no_match,pending,斜杠前编码未命中产品，需人工查找或后续建产品
62,苏州亿林包装有限公司,XZ-0008/上下盖530*460*105,XZ-0008,,,,,,,1,1,20,173.40,2021/1/21 10:03:24,2021/1/21 10:03:24,prefix_no_match,pending,斜杠前编码未命中产品，需人工查找或后续建产品
123,苏州亿麦矽半导体技术有限公司,C-01-10-00018/纸箱620*400*365,C-01-10-00018,,,,,,,1,1,50,350.00,2026/6/10 9:00:00,2026/6/10 9:00:00,prefix_no_match,pending,斜杠前编码未命中产品，需人工查找或后续建产品
123,苏州亿麦矽半导体技术有限公司,C-01-10-00002/纸箱外径380*290*175mm,C-01-10-00002,,,,,,,1,1,40,144.00,2024/11/1 8:20:18,2024/11/1 8:20:18,prefix_no_match,pending,斜杠前编码未命中产品，需人工查找或后续建产品
55,苏州仕通电子科技有限公司,5010200185 / 印刷标识箱单瓦52*45*43,5010200185,1579,5010200185,5010200185,印刷标识箱单瓦52*45*43,520×450×430mm,159 155/135/125/A,40,40,8011,44861.60,2020/12/7 9:53:11,2024/2/28 12:42:54,prefix_unique,pending,同客户斜杠前编码唯一命中；仍需人工核对描述、规格和材质
55,苏州仕通电子科技有限公司,5010200192 / 物料标识箱单瓦52*43*25.5,5010200192,1581,5010200192,5010200192,物料标识箱单瓦52*43*25.5,530×440×265mm,159 155/135/125/A,37,37,7507,33030.80,2020/10/22 8:58:19,2024/2/28 12:43:18,prefix_unique,pending,同客户斜杠前编码唯一命中；仍需人工核对描述、规格和材质
55,苏州仕通电子科技有限公司,5010200186 / 印刷标识箱单瓦45*43*25.5,5010200186,1580,5010200186,5010200186,印刷标识箱单瓦45*43*25.5,460×440×265mm,169 150/125/150/A,37,37,7470,30320.14,2020/10/22 8:58:10,2024/2/28 12:43:06,prefix_unique,pending,同客户斜杠前编码唯一命中；仍需人工核对描述、规格和材质
55,苏州仕通电子科技有限公司,5010200154 / 纸箱H9(单瓦内径)59.5*45.5*43,5010200154,1592,5010200154,5010200154,纸箱H9(单瓦内径)59.5*45.5*43,595×455×430mm,012 R5A,2,2,401,2365.90,2020/5/25 11:45:47,2020/5/27 14:07:50,prefix_unique,pending,同客户斜杠前编码唯一命中；仍需人工核对描述、规格和材质
55,苏州仕通电子科技有限公司,5010200185 / 印刷标识箱52*45*43,5010200185,1579,5010200185,5010200185,印刷标识箱单瓦52*45*43,520×450×430mm,159 155/135/125/A,1,1,100,560.00,2020/5/12 13:11:32,2020/5/12 13:11:32,prefix_unique,pending,同客户斜杠前编码唯一命中；仍需人工核对描述、规格和材质
52,苏州仪元科技有限公司,81121 / 单瓦外箱（有字）49*27*29.4,81121,1564,81121,81121,单瓦外箱（有字）49*27*29.4,485×265×295mm,143 190/145/130/B,45,45,23150,82182.50,2020/10/10 9:10:19,2025/8/11 15:15:25,prefix_unique,pending,同客户斜杠前编码唯一命中；仍需人工核对描述、规格和材质
52,苏州仪元科技有限公司,8116 / 连接器纸箱41*39.5*21,8116,1605,8116,8116,连接器纸箱41*39.5*21,410×395×210mm,149 190/125/50/145/175,43,43,13449,67110.51,2020/10/29 14:53:22,2026/4/27 9:54:22,prefix_unique,pending,同客户斜杠前编码唯一命中；仍需人工核对描述、规格和材质
52,苏州仪元科技有限公司,8152 / 单瓦内盒（柔性2）26.7*26.5*4.5,8152,1565,8152,8152,单瓦内盒（柔性2）26.7*26.5*4.5,267×265×45mm,144 150/145/150/B,33,33,53830,56500.50,2020/10/27 9:44:00,2026/4/20 11:01:58,prefix_unique,pending,同客户斜杠前编码唯一命中；仍需人工核对描述、规格和材质
52,苏州仪元科技有限公司,8111 / 双瓦外箱49*27*29.4,8111,1585,8111,8111,双瓦外箱（有字）49*27*29.4,490×265×295mm,142 190/125/50/145/130,28,28,10710,48087.90,2020/10/10 9:10:43,2024/8/27 12:53:12,prefix_unique,pending,同客户斜杠前编码唯一命中；仍需人工核对描述、规格和材质
52,苏州仪元科技有限公司,8110 / 纸箱（不印字）47.5*37*32.5,8110,1604,8110,8110,纸箱（不印字）47.5*37*32.5,475×370×330mm,149 190/125/50/145/175,13,13,4300,26331.00,2020/11/5 12:47:08,2026/4/20 11:01:12,prefix_unique,pending,同客户斜杠前编码唯一命中；仍需人工核对描述、规格和材质
52,苏州仪元科技有限公司,8172 / 双瓦外箱（柔性4）40*30*20,8172,1642,8172,8172,双瓦外箱（柔性4）40*30*20,400×300×200mm,149 190/125/50/145/175,15,15,4800,18528.00,2022/10/12 15:59:30,2025/2/6 10:55:11,prefix_unique,pending,同客户斜杠前编码唯一命中；仍需人工核对描述、规格和材质
52,苏州仪元科技有限公司,8101 / 双瓦外箱（320克有钉）29*18*20,8101,1566,8101,8101,双瓦外箱（320克有钉）29*18*20,290×180×200mm,149 190/125/50/145/175,22,22,6400,13494.00,2020/4/22 14:07:40,2025/2/6 10:56:21,prefix_unique,pending,同客户斜杠前编码唯一命中；仍需人工核对描述、规格和材质
52,苏州仪元科技有限公司,8111 / 双瓦外箱（有字）49*27*29.4,8111,1585,8111,8111,双瓦外箱（有字）49*27*29.4,490×265×295mm,142 190/125/50/145/130,11,11,2600,11674.00,2022/10/12 16:00:58,2024/7/16 14:44:21,prefix_unique,pending,同客户斜杠前编码唯一命中；仍需人工核对描述、规格和材质
52,苏州仪元科技有限公司,8122 / 双瓦纸箱（无字有钉）40.5*30.5*9.5,8122,1575,8122,8122,双瓦纸箱（无字有钉）40.5*30.5*9.5,415×315×115mm,149 190/125/50/145/175,14,14,3500,10698.00,2020/5/20 13:21:55,2025/4/11 11:34:27,prefix_unique,pending,同客户斜杠前编码唯一命中；仍需人工核对描述、规格和材质
52,苏州仪元科技有限公司,8123 / 双瓦外箱（柔性）35.5*22.5*15,8123,1562,8123,8123,双瓦外箱（柔性）35.5*22.5*15,355×225×150mm,149 190/125/50/145/175,17,17,4200,10164.00,2020/10/16 10:09:04,2025/8/11 15:13:58,prefix_unique,pending,同客户斜杠前编码唯一命中；仍需人工核对描述、规格和材质
52,苏州仪元科技有限公司,8970 / AB纸箱（无字）60.5*35*38,8970,1586,8970,8970,AB纸箱（无字）60.5*35*38,605×350×380mm,149 190/125/50/145/175,9,9,1200,9136.00,2022/3/31 9:34:48,2026/6/8 16:07:06,prefix_unique,pending,同客户斜杠前编码唯一命中；仍需人工核对描述、规格和材质
52,苏州仪元科技有限公司,8106 / 开孔衬板67*56,8106,1880,8106,8106,开孔衬板67*56,670×560×mm,185 175/145/130/A,5,5,7200,8568.00,2022/7/7 11:26:25,2023/6/14 12:44:21,prefix_unique,pending,同客户斜杠前编码唯一命中；仍需人工核对描述、规格和材质
52,苏州仪元科技有限公司,8970 / AB纸箱60.5*35*38,8970,1586,8970,8970,AB纸箱（无字）60.5*35*38,605×350×380mm,149 190/125/50/145/175,5,5,800,5584.00,2020/11/10 8:33:52,2021/9/29 7:12:41,prefix_unique,pending,同客户斜杠前编码唯一命中；仍需人工核对描述、规格和材质
52,苏州仪元科技有限公司,8153 / B瓦内盒21*11*3,8153,1563,8153,8153,B瓦内盒21*11*3,210×110×30mm,144 150/145/150/B,8,8,8000,4295.00,2020/10/27 9:44:30,2025/11/17 10:19:15,prefix_unique,pending,同客户斜杠前编码唯一命中；仍需人工核对描述、规格和材质
52,苏州仪元科技有限公司,6601032 / 单外衬板55*36,6601032,1623,6601032,6601032,单外衬板55*36,550×360×mm,02 K7R,3,3,3120,1716.00,2020/7/17 8:35:00,2020/8/5 14:41:58,prefix_unique,pending,同客户斜杠前编码唯一命中；仍需人工核对描述、规格和材质
52,苏州仪元科技有限公司,6601031 / 单瓦衬板48*34,6601031,1622,6601031,6601031,单瓦衬板48*34,480×340×mm,02 K7R,2,2,2120,954.00,2020/7/28 15:31:52,2020/7/6 14:04:44,prefix_unique,pending,同客户斜杠前编码唯一命中；仍需人工核对描述、规格和材质
52,苏州仪元科技有限公司,88976 / 单瓦衬板32*19,88976,1606,88976,88976,单瓦衬板32*19,320×190×mm,02 K7R,3,3,4000,800.00,2020/12/15 9:42:17,2020/9/28 9:30:44,prefix_unique,pending,同客户斜杠前编码唯一命中；仍需人工核对描述、规格和材质
52,苏州仪元科技有限公司,6601030 / 单瓦衬板35*25,6601030,1621,6601030,6601030,单瓦衬板35*25,350×250×mm,02 K7R,3,3,2620,628.80,2020/7/17 8:34:36,2020/7/6 14:03:51,prefix_unique,pending,同客户斜杠前编码唯一命中；仍需人工核对描述、规格和材质
52,苏州仪元科技有限公司,8131 / 单瓦衬板34.5*22,8131,1620,8131,8131,单瓦衬板34.5*22,345×220×mm,02 K7R,2,2,2000,540.00,2020/6/16 13:24:01,2020/7/6 13:54:28,prefix_unique,pending,同客户斜杠前编码唯一命中；仍需人工核对描述、规格和材质
52,苏州仪元科技有限公司,8109# AB纸箱/510*360*150,8109# AB纸箱,,,,,,,1,1,100,450.00,2023/8/10 8:49:02,2023/8/10 8:49:02,prefix_no_match,pending,斜杠前编码未命中产品，需人工查找或后续建产品
52,苏州仪元科技有限公司,AB纸箱表面有字/510*360*150,AB纸箱表面有字,,,,,,,1,1,100,450.00,2023/10/12 11:45:35,2023/10/12 11:45:35,prefix_no_match,pending,斜杠前编码未命中产品，需人工查找或后续建产品
52,苏州仪元科技有限公司,AB纸箱无字/510*360*150,AB纸箱无字,,,,,,,1,1,50,225.00,2021/4/8 16:47:06,2021/4/8 16:47:06,prefix_no_match,pending,斜杠前编码未命中产品，需人工查找或后续建产品
43,苏州优墨亚电子科技有限公司,MZX-0045 / 内盒 20*13*6,MZX-0045,1741,MZX-0045,MZX-0045,内盒 20*13*6,200×130×60mm,107 190/145/190/B,1,1,1000,2500.00,2022/5/17 13:09:18,2022/5/17 13:09:18,prefix_unique,pending,同客户斜杠前编码唯一命中；仍需人工核对描述、规格和材质
17,苏州佩特罗机械设备有限公司,H10359M / 有字内包装盒480*210*80,H10359M,1257,H10359M,H10359M,有字内包装盒480*210*80,480×210×80mm,176 240/145/190/B,13,13,20700,115920.00,2019/1/7 9:54:01,2022/10/11 8:47:29,prefix_unique,pending,同客户斜杠前编码唯一命中；仍需人工核对描述、规格和材质
17,苏州佩特罗机械设备有限公司,P61034 / 包装盒（卸油防溢阀芯）12.5*12.5*57,P61034,1355,P61034,P61034,包装盒（卸油防溢阀芯）12.5*12.5*57,125×125×570mm,114 190/135/55/135/155,5,5,1490,5066.00,2019/12/3 9:14:25,2022/6/24 15:29:18,prefix_unique,pending,同客户斜杠前编码唯一命中；仍需人工核对描述、规格和材质
17,苏州佩特罗机械设备有限公司,P61037 / 防溢阀包装盒 12.5*12.5*57,P61037,1256,P61037,P61037,防溢阀包装盒 12.5*12.5*57,125×125×570mm,05 K516R,2,2,1000,3400.00,2019/1/7 9:52:29,2019/2/25 12:16:57,prefix_unique,pending,同客户斜杠前编码唯一命中；仍需人工核对描述、规格和材质
17,苏州佩特罗机械设备有限公司,XZ0010 / 无字纸箱54*40.5*49,XZ0010,1583,XZ0010,XZ0010,无字纸箱54*40.5*49,535×400×480mm,114 190/135/55/135/155,3,3,300,3060.00,2021/1/13 9:09:29,2022/6/24 15:29:04,prefix_unique,pending,同客户斜杠前编码唯一命中；仍需人工核对描述、规格和材质
17,苏州佩特罗机械设备有限公司,BSL-004-2 / 纸箱60*48*47,BSL-004-2,,,,,,,1,1,200,2756.00,2022/12/2 15:15:10,2022/12/2 15:15:10,prefix_no_match,pending,斜杠前编码未命中产品，需人工查找或后续建产品
17,苏州佩特罗机械设备有限公司,T1-010 / 胶管包装箱52.5*52.5*25,T1-010,,,,,,,2,2,200,2210.00,2019/12/11 13:47:51,2019/8/20 10:01:30,prefix_no_match,pending,斜杠前编码未命中产品，需人工查找或后续建产品
17,苏州佩特罗机械设备有限公司,XZ0010 / 无字纸箱49*43*44,XZ0010,1583,XZ0010,XZ0010,无字纸箱54*40.5*49,535×400×480mm,114 190/135/55/135/155,2,2,200,2040.00,2020/5/16 9:04:19,2020/6/9 9:22:39,prefix_unique,pending,同客户斜杠前编码唯一命中；仍需人工核对描述、规格和材质
17,苏州佩特罗机械设备有限公司,BSL-002-1 / 44*25*38,BSL-002-1,1871,BSL-002-1,BSL-002-1,44*25*38,440×250×380mm,05 K516R,1,1,200,1170.00,2021/1/21 9:44:10,2021/1/21 9:44:10,prefix_unique,pending,同客户斜杠前编码唯一命中；仍需人工核对描述、规格和材质
17,苏州佩特罗机械设备有限公司,JG-0003 / 胶管包装箱52.5*52.5*25,JG-0003,,,,,,,1,1,100,1105.00,2021/8/26 13:42:04,2021/8/26 13:42:04,prefix_no_match,pending,斜杠前编码未命中产品，需人工查找或后续建产品
17,苏州佩特罗机械设备有限公司,JG-003 / 胶管包装箱52.5*52.5*25,JG-003,1259,JG-003,JG-003,胶管包装箱52.5*52.5*25,525×525×250mm,05 K516R,1,1,100,1105.00,2020/12/24 10:35:49,2020/12/24 10:35:49,prefix_unique,pending,同客户斜杠前编码唯一命中；仍需人工核对描述、规格和材质
17,苏州佩特罗机械设备有限公司,T1-0009 / 油管内盒505*505*45,T1-0009,1258,T1-0009,T1-0009,油管内盒505*505*45,505×505×45mm,012 R5A,1,1,100,586.00,2019/1/7 9:55:48,2019/1/7 9:55:48,prefix_unique,pending,同客户斜杠前编码唯一命中；仍需人工核对描述、规格和材质
17,苏州佩特罗机械设备有限公司,T1-0010 / 油管外盒520*520*250,T1-0010,,,,,,,1,1,50,580.00,2019/1/7 9:56:43,2019/1/7 9:56:43,prefix_no_match,pending,斜杠前编码未命中产品，需人工查找或后续建产品
14,苏州华舜五金工具制造有限公司,BD525盖 / 41.5*11*8,BD525盖,348,BD525盖,BD525盖,41.5*11*8,415×110×80mm,045 A113B,3,3,235,449.75,2017/2/18 8:11:01,2017/5/31 16:51:49,prefix_unique,pending,同客户斜杠前编码唯一命中；仍需人工核对描述、规格和材质
14,苏州华舜五金工具制造有限公司,纸箱 /45*28.5*25,纸箱,,,,,,,1,1,54,293.76,2017/2/18 12:47:38,2017/2/18 12:47:38,prefix_no_match,pending,斜杠前编码未命中产品，需人工查找或后续建产品
14,苏州华舜五金工具制造有限公司,BD525白底 /40*10*7,BD525白底,,,,,,,1,1,75,187.50,2017/2/18 8:15:11,2017/2/18 8:15:11,prefix_no_match,pending,斜杠前编码未命中产品，需人工查找或后续建产品
41,苏州含光微纳科技有限公司,4号箱 / 36*30*25,4号箱,1231,4号箱,4号箱,36*30*25,360×300×250mm,012 R5A,1,1,1000,3480.00,2018/11/8 11:21:38,2018/11/8 11:21:38,prefix_unique,pending,同客户斜杠前编码唯一命中；仍需人工核对描述、规格和材质
41,苏州含光微纳科技有限公司,2号箱 / 25*20*18,2号箱,1230,2号箱,2号箱,25*20*18,250×200×180mm,121 125/95/95,2,2,1400,1920.00,2018/11/8 11:21:03,2021/12/3 15:10:21,prefix_unique,pending,同客户斜杠前编码唯一命中；仍需人工核对描述、规格和材质
41,苏州含光微纳科技有限公司,1号箱 / 20*18*10,1号箱,1229,1号箱,1号箱,20*18*10,200×180×100mm,012 R5A,1,1,1000,920.00,2018/11/8 11:20:12,2018/11/8 11:20:12,prefix_unique,pending,同客户斜杠前编码唯一命中；仍需人工核对描述、规格和材质
122,苏州天华新能源科技有限公司,22600038 / KD5007包装箱 335*335*77,22600038,2850,22600038,22600038,KD5007包装箱 335*335*77,,109 240/165/50/165/240,5,5,500,1420.00,2024/11/8 11:11:53,2025/5/26 17:52:21,prefix_unique,pending,同客户斜杠前编码唯一命中；仍需人工核对描述、规格和材质
122,苏州天华新能源科技有限公司,10250289/纸箱1480*235*175,10250289,,,,,,,1,1,10,64.90,2024/12/30 13:55:48,2024/12/30 13:55:48,prefix_no_match,pending,斜杠前编码未命中产品，需人工查找或后续建产品
5,苏州天华超净科技股份有限公司,21311002 / Ancltek外箱26*45THB10,21311002,158,21311002,21311002,Ancltek外箱26*45THB10,1175×680×135mm,118 155/115/55/135/155,55,55,124997,1800261.05,2017/1/3 10:59:47,2024/5/29 10:53:08,prefix_unique,pending,同客户斜杠前编码唯一命中；仍需人工核对描述、规格和材质
5,苏州天华超净科技股份有限公司,21311018 / 中性外箱26*45THB10,21311018,52,21311018,21311018,中性外箱26*45THB10,1170×680×135mm,155 150/105/50/125/105,30,30,104842,1573239.81,2016/12/27 13:46:17,2025/1/10 11:01:13,prefix_unique,pending,同客户斜杠前编码唯一命中；仍需人工核对描述、规格和材质
5,苏州天华超净科技股份有限公司,21301012 / Ancltek外箱24*36THH10,21301012,43,21301012,21301012,Ancltek外箱24*36THH10,935×615×160mm,155 150/105/50/125/105,9,9,110261,1394255.89,2017/1/3 11:07:21,2024/1/11 8:33:39,prefix_unique,pending,同客户斜杠前编码唯一命中；仍需人工核对描述、规格和材质
5,苏州天华超净科技股份有限公司,21311001 / Ancltek内箱26*45THB10,21311001,154,21311001,21311001,Ancltek内箱26*45THB10,1155×668×18mm,126 105/105/80,59,59,223828,1373532.28,2017/1/3 11:00:22,2024/5/29 10:52:50,prefix_unique,pending,同客户斜杠前编码唯一命中；仍需人工核对描述、规格和材质
5,苏州天华超净科技股份有限公司,21311020 / 中性外箱24*36THB10,21311020,41,21311020,21311020,中性外箱24*36THB10,935×625×135mm,155 150/105/50/125/105,41,41,104261,1215745.88,2017/1/3 10:55:01,2026/3/18 9:07:16,prefix_unique,pending,同客户斜杠前编码唯一命中；仍需人工核对描述、规格和材质
5,苏州天华超净科技股份有限公司,22000022 / 202PU鞋盒,22000022,187,22000022,22000022,202PU鞋盒,285×130×11mm,101 130白/115g/95g/E,132,132,898505,1160601.19,2017/1/3 12:43:04,2025/9/28 17:02:17,prefix_unique,pending,同客户斜杠前编码唯一命中；仍需人工核对描述、规格和材质
5,苏州天华超净科技股份有限公司,22000023 / 203PU鞋盒,22000023,147,22000023,22000023,203PU鞋盒,315×140×115mm,101 130白/115g/95g/E,139,139,797538,1143335.63,2016/12/26 16:28:05,2026/6/16 9:15:53,prefix_unique,pending,同客户斜杠前编码唯一命中；仍需人工核对描述、规格和材质
5,苏州天华超净科技股份有限公司,22000104 / 102Ncanmax安全鞋盒,22000104,160,22000104,22000104,102Ncanmax安全鞋盒,315×200×120mm,108 130/125/105/E,84,84,438422,1007324.49,2017/1/2 13:46:39,2026/5/25 16:07:14,prefix_unique,pending,同客户斜杠前编码唯一命中；仍需人工核对描述、规格和材质
5,苏州天华超净科技股份有限公司,21311017 / 中性内箱26*45THB10,21311017,188,21311017,21311017,中性内箱26*45THB10,1158×671×18mm,126 105/105/80,34,34,125529,786648.16,2016/12/27 13:45:05,2025/1/10 11:00:56,prefix_unique,pending,同客户斜杠前编码唯一命中；仍需人工核对描述、规格和材质
5,苏州天华超净科技股份有限公司,22000005 / 102A外箱,22000005,21,22000005,22000005,102A外箱,645×410×324mm,155 150/105/50/125/105,127,127,104634,772094.54,2016/12/26 15:28:08,2026/5/25 16:08:59,prefix_unique,pending,同客户斜杠前编码唯一命中；仍需人工核对描述、规格和材质
5,苏州天华超净科技股份有限公司,22000019 / 102 安全鞋盒30.5*19.5*12,22000019,375,22000019,22000019,102 安全鞋盒30.5*19.5*12,305×195×120mm,101 130白/115g/95g/E,77,77,363367,770957.06,2017/11/10 13:04:12,2026/6/16 9:16:31,prefix_unique,pending,同客户斜杠前编码唯一命中；仍需人工核对描述、规格和材质
5,苏州天华超净科技股份有限公司,21301797 / PD用中性内箱26*45,21301797,96,21301797,21301797,PD用中性内箱26*45,1150×665×20mm,167 175/145/175/B,136,136,114039,688737.41,2016/12/27 14:50:23,2026/5/19 9:08:22,prefix_unique,pending,同客户斜杠前编码唯一命中；仍需人工核对描述、规格和材质
5,苏州天华超净科技股份有限公司,22000020 / 103安全鞋盒,22000020,20,22000020,22000020,103安全鞋盒,332×195×125mm,101 130白/115g/95g/E,59,59,300800,669030.80,2016/12/26 15:27:48,2026/2/8 7:37:23,prefix_unique,pending,同客户斜杠前编码唯一命中；仍需人工核对描述、规格和材质
5,苏州天华超净科技股份有限公司,21311003 / Ancltek内箱24*36THB10,21311003,155,21311003,21311003,Ancltek内箱24*36THB10,923×613×18mm,126 105/105/80,28,28,125046,628315.78,2016/12/27 13:53:11,2025/3/31 16:51:18,prefix_unique,pending,同客户斜杠前编码唯一命中；仍需人工核对描述、规格和材质
5,苏州天华超净科技股份有限公司,21311019 / 中性内箱24*36THB10,21311019,156,21311019,21311019,中性内箱24*36THB10,923×613×18mm,126 105/105/80,83,83,120098,589952.68,2017/1/11 10:09:11,2024/8/5 15:52:00,prefix_unique,pending,同客户斜杠前编码唯一命中；仍需人工核对描述、规格和材质
5,苏州天华超净科技股份有限公司,21301011 / Ancltek内箱24*36THH10,21301011,42,21301011,21301011,Ancltek内箱24*36THH10,916×602×27mm,166 105/105/105/A,10,10,111044,576866.97,2017/1/3 11:07:47,2023/6/28 8:42:45,prefix_unique,pending,同客户斜杠前编码唯一命中；仍需人工核对描述、规格和材质
5,苏州天华超净科技股份有限公司,22000012 / 202A天华字样外箱,22000012,25,22000012,22000012,202A天华字样外箱,675×465×305mm,155 150/105/50/125/105,98,98,69087,571534.57,2016/12/26 15:30:11,2026/5/25 16:07:59,prefix_unique,pending,同客户斜杠前编码唯一命中；仍需人工核对描述、规格和材质
5,苏州天华超净科技股份有限公司,22000006 / 103A外箱,22000006,22,22000006,22000006,103A外箱,645×410×350mm,155 150/105/50/125/105,93,93,68408,520470.40,2016/12/26 15:28:28,2026/5/25 16:09:13,prefix_unique,pending,同客户斜杠前编码唯一命中；仍需人工核对描述、规格和材质
5,苏州天华超净科技股份有限公司,22000107 / 102Ncanmax安全鞋外箱,22000107,2,22000107,22000107,102Ncanmax安全鞋外箱,635×425×335mm,146 150/105/50/125/130,92,92,63282,490900.00,2017/1/2 13:47:07,2026/6/15 8:52:19,prefix_unique,pending,同客户斜杠前编码唯一命中；仍需人工核对描述、规格和材质
5,苏州天华超净科技股份有限公司,22000008 / 202A外箱,22000008,271,22000008,22000008,202A外箱,675×465×305mm,155 150/105/50/125/105,85,85,56281,465396.53,2017/11/10 13:08:39,2025/9/28 17:00:33,prefix_unique,pending,同客户斜杠前编码唯一命中；仍需人工核对描述、规格和材质
5,苏州天华超净科技股份有限公司,21301013 / Ancltek内箱18*45THH10,21301013,176,21301013,21301013,Ancltek内箱18*45THH10,1146×454×24mm,126 105/105/80,43,43,100717,458102.93,2017/1/19 9:04:18,2024/3/1 15:29:14,prefix_unique,pending,同客户斜杠前编码唯一命中；仍需人工核对描述、规格和材质
5,苏州天华超净科技股份有限公司,22000009 / 203A外箱,22000009,23,22000009,22000009,203A外箱,725×485×330mm,155 150/105/50/125/105,86,85,46374,426167.66,2016/12/26 15:28:55,2025/9/28 17:00:49,prefix_unique,pending,同客户斜杠前编码唯一命中；仍需人工核对描述、规格和材质
5,苏州天华超净科技股份有限公司,21311210  / 韩国MEC白底蓝字内盒600*900,21311210,427,21311210,21311210,韩国MEC白底蓝字内盒600*900,923×613×18mm,125 130白/95/55/115/155/BE,68,68,55215,402410.19,2017/11/8 10:25:01,2026/4/2 10:21:35,prefix_unique,pending,同客户斜杠前编码唯一命中；仍需人工核对描述、规格和材质
5,苏州天华超净科技股份有限公司,21301093 / 白底黑字内箱24*36,21301093,59,21301093,21301093,白底黑字内箱24*36,935×620×25mm,127 130白/85/50/105/130,295,295,49662,373485.39,2016/12/27 10:57:17,2026/6/8 14:35:38,prefix_unique,pending,同客户斜杠前编码唯一命中；仍需人工核对描述、规格和材质
5,苏州天华超净科技股份有限公司,22000013 / 203A天华字样外箱,22000013,19,22000013,22000013,203A天华字样外箱,725×485×330mm,155 150/105/50/125/105,67,66,38092,349063.72,2016/12/26 15:26:40,2026/5/25 16:08:16,prefix_unique,pending,同客户斜杠前编码唯一命中；仍需人工核对描述、规格和材质
5,苏州天华超净科技股份有限公司,21301090 / 白底蓝字内箱26*45,21301090,51,21301090,21301090,白底蓝字内箱26*45,1150×670×25mm,163 130白/105/50/125/150,47,47,33270,314058.40,2017/1/3 11:01:15,2026/3/25 9:11:14,prefix_unique,pending,同客户斜杠前编码唯一命中；仍需人工核对描述、规格和材质
5,苏州天华超净科技股份有限公司,21302001 / 满衬板58*83.5,21302001,91,21302001,21302001,满衬板58*83.5,835×580×mm,124 80/75/80,653,653,212207,284850.31,2016/12/27 14:40:28,2026/6/8 14:37:42,prefix_unique,pending,同客户斜杠前编码唯一命中；仍需人工核对描述、规格和材质
5,苏州天华超净科技股份有限公司,21302058 / PD用满衬板26*45 64*112cm,21302058,221,21302058,21302058,PD用满衬板26*45 64*112cm,1120×640×mm,124 80/75/80,158,158,135571,273398.48,2017/1/6 15:48:37,2026/5/19 9:09:46,prefix_unique,pending,同客户斜杠前编码唯一命中；仍需人工核对描述、规格和材质
5,苏州天华超净科技股份有限公司,21301854 / 白底黑字内箱24*36日文印刷蓝色打钩,21301854,143,21301854,21301854,白底黑字内箱24*36日文印刷蓝色打钩,935×620×25mm,127 130白/85/50/105/130,122,122,34802,259637.91,2017/1/17 16:42:51,2026/4/6 16:13:17,prefix_unique,pending,同客户斜杠前编码唯一命中；仍需人工核对描述、规格和材质
5,苏州天华超净科技股份有限公司,21302006 / 满衬板双瓦 58*83.5,21302006,103,21302006,21302006,满衬板双瓦 58*83.5,835×580×mm,122 80/50/50/75/80,532,532,118543,240848.49,2016/12/27 15:00:21,2026/6/8 14:38:06,prefix_unique,pending,同客户斜杠前编码唯一命中；仍需人工核对描述、规格和材质
5,苏州天华超净科技股份有限公司,21301021 / 中性内箱26*45THH10,21301021,,,,,,,20,20,32437,224045.11,2017/1/3 11:06:49,2024/8/15 8:32:00,prefix_no_match,pending,斜杠前编码未命中产品，需人工查找或后续建产品
5,苏州天华超净科技股份有限公司,21311272 / 白底绿字抽屉式24*36,21311272,797,21311272,21311272,白底绿字抽屉式24*36,920×615×20mm,125 130白/95/55/115/155/BE,34,34,28797,219441.93,2018/10/25 12:42:06,2023/4/7 16:27:51,prefix_unique,pending,同客户斜杠前编码唯一命中；仍需人工核对描述、规格和材质
5,苏州天华超净科技股份有限公司,21301022 / 中性外箱26*45THH10,21301022,32,21301022,21301022,中性外箱26*45THH10,1170×685×165mm,118 155/115/55/135/155,49,49,15226,212192.05,2017/1/3 11:06:13,2026/4/24 14:16:00,prefix_unique,pending,同客户斜杠前编码唯一命中；仍需人工核对描述、规格和材质
5,苏州天华超净科技股份有限公司,22000103 / 101Ncanmax安全鞋盒,22000103,161,22000103,22000103,101Ncanmax安全鞋盒,295×190×115mm,108 130/125/105/E,27,27,84870,208585.00,2017/1/2 13:46:23,2026/3/16 10:24:32,prefix_unique,pending,同客户斜杠前编码唯一命中；仍需人工核对描述、规格和材质
5,苏州天华超净科技股份有限公司,21301053 / 白底蓝字外箱26*45,21301053,44,21301053,21301053,白底蓝字外箱26*45,1170×685×185mm,127 130白/85/50/105/130,41,41,12663,195892.39,2017/1/3 11:01:45,2026/3/25 9:10:52,prefix_unique,pending,同客户斜杠前编码唯一命中；仍需人工核对描述、规格和材质
5,苏州天华超净科技股份有限公司,23201033 / 屏蔽袋纸箱48*38*12.5,23201033,256,23201033,23201033,屏蔽袋纸箱48*38*12.5,480×380×125mm,118 155/115/55/135/155,130,130,35790,186745.90,2020/10/22 10:52:42,2026/6/10 10:22:23,prefix_unique,pending,同客户斜杠前编码唯一命中；仍需人工核对描述、规格和材质
5,苏州天华超净科技股份有限公司,23201028 / 屏蔽袋纸箱88*67*11,23201028,437,23201028,23201028,屏蔽袋纸箱88*67*11,880×670×110mm,145 240/105/50/125/150,150,150,12406,183630.68,2017/10/23 17:20:23,2026/5/15 12:49:54,prefix_unique,pending,同客户斜杠前编码唯一命中；仍需人工核对描述、规格和材质
5,苏州天华超净科技股份有限公司,22000106 / 101N canmax安全鞋外箱,22000106,529,22000106,22000106,101N canmax安全鞋外箱,600×400×315mm,155 150/105/50/125/105,21,21,26420,179656.00,2022/12/6 7:58:13,2026/6/15 8:52:40,prefix_unique,pending,同客户斜杠前编码唯一命中；仍需人工核对描述、规格和材质
5,苏州天华超净科技股份有限公司,21301864 / 白底黑字内箱60*90日文印刷蓝色打钩,21301864,346,21301864,21301864,白底黑字内箱60*90日文印刷蓝色打钩,935×620×25mm,127 130白/85/50/105/130,108,108,22323,161206.34,2017/10/13 11:41:00,2026/5/27 7:28:39,prefix_unique,pending,同客户斜杠前编码唯一命中；仍需人工核对描述、规格和材质
5,苏州天华超净科技股份有限公司,21308001 / 衬板80*20,21308001,37,21308001,21308001,衬板80*20,800×200×mm,124 80/75/80,72,72,435830,159698.59,2017/1/3 10:46:17,2026/2/27 10:33:31,prefix_unique,pending,同客户斜杠前编码唯一命中；仍需人工核对描述、规格和材质
5,苏州天华超净科技股份有限公司,21301009 / Ancltek内箱26*45THH10,21301009,179,21301009,21301009,Ancltek内箱26*45THH10,1146×652×24mm,126 105/105/80,20,20,27166,158171.72,2017/1/3 11:47:49,2024/8/5 8:24:44,prefix_unique,pending,同客户斜杠前编码唯一命中；仍需人工核对描述、规格和材质
5,苏州天华超净科技股份有限公司,21308002 / 衬板100*20,21308002,38,21308002,21308002,衬板100*20,1000×200×mm,124 80/75/80,160,160,371879,151772.02,2016/12/27 13:44:18,2026/3/9 12:42:12,prefix_unique,pending,同客户斜杠前编码唯一命中；仍需人工核对描述、规格和材质
5,苏州天华超净科技股份有限公司,21301023 / 中性内箱24*36THH10,21301023,34,21301023,21301023,中性内箱24*36THH10,916×602×25mm,166 105/105/105/A,37,37,32671,151614.26,2017/1/12 14:58:57,2024/8/15 8:33:44,prefix_unique,pending,同客户斜杠前编码唯一命中；仍需人工核对描述、规格和材质
5,苏州天华超净科技股份有限公司,21311004 / Ancltek外箱24*36THB10,21311004,40,21311004,21311004,Ancltek外箱24*36THB10,935×625×135mm,146 150/105/50/125/130,10,10,13496,148287.38,2017/1/3 10:58:35,2025/3/31 16:51:48,prefix_unique,pending,同客户斜杠前编码唯一命中；仍需人工核对描述、规格和材质
5,苏州天华超净科技股份有限公司,21301054 / 白底蓝字内箱24*36,21301054,48,21301054,21301054,白底蓝字内箱24*36,935×620×25mm,127 130白/85/50/105/130,88,88,18878,146740.01,2017/1/3 11:03:50,2026/6/1 13:36:04,prefix_unique,pending,同客户斜杠前编码唯一命中；仍需人工核对描述、规格和材质
5,苏州天华超净科技股份有限公司,21301819 / 中性白底蓝字内盒MAX-6090BN,21301819,379,21301819,21301819,中性白底蓝字内盒 MAX-6090BN,910×610×23mm,125 130白/95/55/115/155/BE,22,22,18535,142189.34,2017/12/12 9:27:14,2021/8/7 10:24:20,prefix_unique,pending,同客户斜杠前编码唯一命中；仍需人工核对描述、规格和材质
5,苏州天华超净科技股份有限公司,21311027 / 中性内箱24*36THB8,21311027,157,21311027,21311027,中性内箱24*36THB8,930×625×15mm,126 105/105/80,169,169,26721,137040.76,2017/1/12 14:58:00,2025/12/26 8:24:07,prefix_unique,pending,同客户斜杠前编码唯一命中；仍需人工核对描述、规格和材质
5,苏州天华超净科技股份有限公司,22500092 / HONBEST 纸箱50.5*28.5*33.5,22500092,593,22500092,22500092,HONBEST 纸箱50.5*28.5*33.5,505×285×335mm,163 130白/105/50/125/150,47,47,17000,132738.00,2017/11/20 16:51:37,2023/12/13 12:39:46,prefix_unique,pending,同客户斜杠前编码唯一命中；仍需人工核对描述、规格和材质
5,苏州天华超净科技股份有限公司,21301094 / 白底黑字外箱24*36,21301094,60,21301094,21301094,白底黑字外箱24*36,955×635×185mm,127 130白/85/50/105/130,289,289,10055,131413.90,2016/12/27 10:59:35,2026/6/8 14:35:56,prefix_unique,pending,同客户斜杠前编码唯一命中；仍需人工核对描述、规格和材质
5,苏州天华超净科技股份有限公司,23201027 / 屏蔽袋纸箱 90*75*11,23201027,495,23201027,23201027,屏蔽袋纸箱 90*75*11,900×750×110mm,137 240/125/50/125/130,128,128,6844,126060.43,2017/10/23 17:19:20,2026/5/15 12:49:39,prefix_unique,pending,同客户斜杠前编码唯一命中；仍需人工核对描述、规格和材质
5,苏州天华超净科技股份有限公司,21311079 / 中性内箱26*45侧印CC平放勿折,21311079,313,21311079,21311079,中性内箱26*45侧印CC平放勿折,1165×675×23mm,156 150/85/50/105/150/BE,23,23,2007,122074.09,2017/11/23 16:34:09,2025/2/7 13:43:41,prefix_unique,pending,同客户斜杠前编码唯一命中；仍需人工核对描述、规格和材质
5,苏州天华超净科技股份有限公司,22000110 / 103canmax安全鞋盒外箱,22000110,1092,22000110,22000110,103canmax安全鞋盒外箱,645×410×355mm,155 150/105/50/125/105,35,35,15671,120917.98,2018/11/19 12:00:43,2026/6/15 9:04:13,prefix_unique,pending,同客户斜杠前编码唯一命中；仍需人工核对描述、规格和材质
5,苏州天华超净科技股份有限公司,21301464 / A356专用包装箱25*45WW,21301464,204,21301464,21301464,A356专用包装箱25*45WW,1160×650×15mm,102 170俄/145/170俄/B,118,118,11713,119277.78,2017/1/4 15:18:27,2026/6/1 13:39:57,prefix_unique,pending,同客户斜杠前编码唯一命中；仍需人工核对描述、规格和材质
5,苏州天华超净科技股份有限公司,21301819 / 中性白底蓝字内盒 MAX-6090BN,21301819,379,21301819,21301819,中性白底蓝字内盒 MAX-6090BN,910×610×23mm,125 130白/95/55/115/155/BE,23,23,17148,115993.86,2022/11/17 16:40:16,2026/4/21 16:14:28,prefix_unique,pending,同客户斜杠前编码唯一命中；仍需人工核对描述、规格和材质
5,苏州天华超净科技股份有限公司,22000103 / 101N can max安全鞋盒29.5*19*11.5,22000103,161,22000103,22000103,101Ncanmax安全鞋盒,295×190×115mm,108 130/125/105/E,36,36,49910,114559.40,2017/10/5 16:04:29,2021/11/30 10:38:26,prefix_unique,pending,同客户斜杠前编码唯一命中；仍需人工核对描述、规格和材质
5,苏州天华超净科技股份有限公司,22700002 / 防静电单回路手腕带包装内盒,22700002,210,22700002,22700002,防静电单回路手腕带包装内盒,290×140×120mm,101 130白/115g/95g/E,32,32,54300,111847.40,2017/1/5 13:36:56,2024/12/2 17:14:17,prefix_unique,pending,同客户斜杠前编码唯一命中；仍需人工核对描述、规格和材质
5,苏州天华超净科技股份有限公司,21301229 / 中性内箱26*45英飞凌款8本装白色打钩,21301229,225,21301229,21301229,中性内箱26*45英飞凌款8本装白色打钩,1160×671×18mm,158 175/105/50/125/130/BE,95,95,12462,110465.93,2017/1/6 16:28:16,2026/6/16 10:57:56,prefix_unique,pending,同客户斜杠前编码唯一命中；仍需人工核对描述、规格和材质
5,苏州天华超净科技股份有限公司,21301029 / 中性内箱35*41THH8,21301029,177,21301029,21301029,中性内箱35*41THH8,1055×905×210mm,156 150/85/50/105/150/BE,123,123,9857,109933.68,2017/1/3 11:44:28,2026/6/10 10:23:30,prefix_unique,pending,同客户斜杠前编码唯一命中；仍需人工核对描述、规格和材质
5,苏州天华超净科技股份有限公司,21311321 / PD用中性内箱26*45,21311321,2181,21311321,21311321,PD用中性内箱26*45,1150×665×17mm,167 175/145/175/B,38,38,19632,108518.02,2022/1/21 14:40:44,2026/5/19 9:11:21,prefix_unique,pending,同客户斜杠前编码唯一命中；仍需人工核对描述、规格和材质
5,苏州天华超净科技股份有限公司,21301435 / A356专用包装箱25*45BB,21301435,206,21301435,21301435,A356专用包装箱25*45BB,1160×650×15mm,102 170俄/145/170俄/B,113,113,10410,106667.66,2017/1/4 15:19:07,2026/6/10 15:40:02,prefix_unique,pending,同客户斜杠前编码唯一命中；仍需人工核对描述、规格和材质
5,苏州天华超净科技股份有限公司,21311206 / 26*45中性内盒 THB8,21311206,1138,21311206,21311206,26*45中性内盒 THB8,1160×680×21mm,156 150/85/50/105/150/BE,46,46,12603,105567.87,2022/10/12 16:17:02,2026/4/30 15:44:54,prefix_unique,pending,同客户斜杠前编码唯一命中；仍需人工核对描述、规格和材质
5,苏州天华超净科技股份有限公司,21301820 / 中性白底蓝字内盒MAX-6090WN,21301820,382,21301820,21301820,中性白底蓝字内盒MAX-6090WN,910×610×23mm,125 130白/95/55/115/155/BE,44,44,13724,98099.23,2017/12/12 9:28:54,2026/4/21 16:14:45,prefix_unique,pending,同客户斜杠前编码唯一命中；仍需人工核对描述、规格和材质
5,苏州天华超净科技股份有限公司,21301804 / E113用白底蓝字内盒24*36,21301804,732,21301804,21301804,E113用白底蓝字内盒24*36,930×625×15mm,125 130白/95/55/115/155/BE,20,20,11538,90845.92,2017/11/18 14:08:30,2022/5/12 16:32:45,prefix_unique,pending,同客户斜杠前编码唯一命中；仍需人工核对描述、规格和材质
5,苏州天华超净科技股份有限公司,22000105 / 103N canmax 安全鞋盒,22000105,528,22000105,22000105,103N canmax 安全鞋盒,335×215×125mm,108 130/125/105/E,11,11,35200,87296.00,2021/12/28 12:00:35,2025/9/20 15:56:29,prefix_unique,pending,同客户斜杠前编码唯一命中；仍需人工核对描述、规格和材质
5,苏州天华超净科技股份有限公司,22000020 / 103 安全鞋盒 33.2*19.5*12.5,22000020,20,22000020,22000020,103安全鞋盒,332×195×125mm,101 130白/115g/95g/E,18,18,36670,86733.90,2017/11/14 11:15:50,2018/6/11 9:04:20,prefix_unique,pending,同客户斜杠前编码唯一命中；仍需人工核对描述、规格和材质
5,苏州天华超净科技股份有限公司,21301857 / 白底黑字内盒24*36 日文印刷绿色打钩,21301857,517,21301857,21301857,白底黑字内盒24*36 日文印刷绿色打钩,935×620×25mm,127 130白/85/50/105/130,34,34,11526,86516.47,2017/10/10 14:58:42,2026/4/6 16:13:59,prefix_unique,pending,同客户斜杠前编码唯一命中；仍需人工核对描述、规格和材质
5,苏州天华超净科技股份有限公司,21302028 / A356满衬板25*45（64*104）,21302028,199,21302028,21302028,A356满衬板25*45（64*104）,1035×640×mm,174 105/125/105/B,198,198,24493,79878.79,2017/1/4 15:16:20,2026/6/10 15:41:36,prefix_unique,pending,同客户斜杠前编码唯一命中；仍需人工核对描述、规格和材质
5,苏州天华超净科技股份有限公司,21302057 / PD用满衬板24*36 59*89,21302057,224,21302057,21302057,PD用满衬板24*36 59*89,590×885×mm,124 80/75/80,136,136,51526,78694.51,2017/1/6 16:27:58,2025/8/18 10:38:19,prefix_unique,pending,同客户斜杠前编码唯一命中；仍需人工核对描述、规格和材质
5,苏州天华超净科技股份有限公司,21311206 /26*45中性内盒 THB8,21311206,1138,21311206,21311206,26*45中性内盒 THB8,1160×680×21mm,156 150/85/50/105/150/BE,31,31,8545,77983.20,2018/10/9 15:19:40,2021/8/30 14:27:17,prefix_unique,pending,同客户斜杠前编码唯一命中；仍需人工核对描述、规格和材质
5,苏州天华超净科技股份有限公司,21311088 / 双瓦白底蓝字内盒24*36 10本字体分开,21311088,592,21311088,21311088,双瓦白底蓝字内盒24*36 10本字体分开,935×620×25mm,127 130白/85/50/105/130,11,11,9542,75617.11,2017/5/12 10:23:16,2021/1/7 11:17:22,prefix_unique,pending,同客户斜杠前编码唯一命中；仍需人工核对描述、规格和材质
5,苏州天华超净科技股份有限公司,23201127 / 屏蔽袋纸箱55*50*50,23201127,2274,23201127,23201127,屏蔽袋纸箱55*50*50,545×495×495mm,113 190/145/50/145/175,48,48,5350,73526.60,2022/10/24 9:14:16,2026/4/24 7:55:31,prefix_unique,pending,同客户斜杠前编码唯一命中；仍需人工核对描述、规格和材质
5,苏州天华超净科技股份有限公司,21302067 /衬板60*90 82.5*58,21302067,426,21302067,21302067,衬板60*90 82.5*58,825×580×mm,122 80/50/50/75/80,37,37,34614,71842.86,2017/11/8 10:26:47,2021/9/3 17:10:09,prefix_unique,pending,同客户斜杠前编码唯一命中；仍需人工核对描述、规格和材质
5,苏州天华超净科技股份有限公司,"22800011 / 白色纸箱8"" 32.5*32.5*43",22800011,110,22800011,22800011,"白色纸箱8"" 32.5*32.5*43",320×320×425mm,163 130白/105/50/125/150,77,77,12820,70467.70,2016/12/27 15:28:33,2023/7/17 8:40:01,prefix_unique,pending,同客户斜杠前编码唯一命中；仍需人工核对描述、规格和材质
5,苏州天华超净科技股份有限公司,21311025 / 中性内箱26*45THB8,21311025,2296,21311025,21311025,中性内箱26*45THB8,1145×655×15mm,126 105/105/80,131,131,11710,68390.91,2017/1/3 12:21:11,2026/6/3 15:21:05,prefix_unique,pending,同客户斜杠前编码唯一命中；仍需人工核对描述、规格和材质
5,苏州天华超净科技股份有限公司,21311109 / 中性内箱24*36BE侧印CC平放勿折,21311109,314,21311109,21311109,中性内箱24*36BE侧印CC平放勿折,930×620×18mm,156 150/85/50/105/150/BE,29,29,9343,68228.13,2017/11/23 16:33:21,2025/9/5 12:49:01,prefix_unique,pending,同客户斜杠前编码唯一命中；仍需人工核对描述、规格和材质
5,苏州天华超净科技股份有限公司,21311028 / 中性外箱24*36THB8,21311028,115,21311028,21311028,中性外箱24*36THB8,945×635×130mm,146 150/105/50/125/130,167,167,5309,64775.26,2017/1/12 14:58:27,2025/12/26 8:24:23,prefix_unique,pending,同客户斜杠前编码唯一命中；仍需人工核对描述、规格和材质
5,苏州天华超净科技股份有限公司,22000020/103安全内盒,22000020,20,22000020,22000020,103安全鞋盒,332×195×125mm,101 130白/115g/95g/E,3,3,30000,62700.00,2025/2/13 9:25:49,2025/9/28 16:42:25,prefix_unique,pending,同客户斜杠前编码唯一命中；仍需人工核对描述、规格和材质
5,苏州天华超净科技股份有限公司,21301055 / 白底蓝字外箱24*36,21301055,45,21301055,21301055,白底蓝字外箱24*36,955×635×185mm,127 130白/85/50/105/130,73,73,4518,59687.14,2017/1/3 11:03:27,2026/6/1 13:36:18,prefix_unique,pending,同客户斜杠前编码唯一命中；仍需人工核对描述、规格和材质
5,苏州天华超净科技股份有限公司,21301063 / 白底蓝字内箱92*116,21301063,50,21301063,21301063,白底蓝字内箱92*116,1175×935×25mm,127 130白/85/50/105/130,67,67,4562,59598.63,2017/1/12 15:00:34,2026/3/12 13:13:33,prefix_unique,pending,同客户斜杠前编码唯一命中；仍需人工核对描述、规格和材质
5,苏州天华超净科技股份有限公司,22000105 / 103N can max 安全鞋盒33.5*21.5*12.5,22000105,528,22000105,22000105,103N canmax 安全鞋盒,335×215×125mm,108 130/125/105/E,24,24,23851,59050.10,2017/10/5 16:05:09,2021/9/18 7:45:33,prefix_unique,pending,同客户斜杠前编码唯一命中；仍需人工核对描述、规格和材质
5,苏州天华超净科技股份有限公司,21301010 / Ancltek外箱26*45THH10,21301010,180,21301010,21301010,Ancltek外箱26*45THH10,1160×665×160mm,118 155/115/55/135/155,7,7,4129,57381.25,2019/12/18 10:41:08,2024/8/5 8:24:24,prefix_unique,pending,同客户斜杠前编码唯一命中；仍需人工核对描述、规格和材质
5,苏州天华超净科技股份有限公司,21301796 / PD用中性内箱24*36,21301796,227,21301796,21301796,PD用中性内箱24*36,930×625×20mm,167 175/145/175/B,77,77,12346,56768.78,2017/1/6 16:35:36,2025/8/18 10:37:55,prefix_unique,pending,同客户斜杠前编码唯一命中；仍需人工核对描述、规格和材质
5,苏州天华超净科技股份有限公司,21301411 / A356专用包装箱18*46WW,21301411,203,21301411,21301411,A356专用包装箱18*46WW,1195×470×15mm,107 190/145/190/B,133,133,7248,55877.63,2017/1/4 15:17:58,2026/6/1 13:37:07,prefix_unique,pending,同客户斜杠前编码唯一命中；仍需人工核对描述、规格和材质
5,苏州天华超净科技股份有限公司,21301853 / 白底黑字内箱24*36日文印刷白色打钩,21301853,137,21301853,21301853,白底黑字内箱24*36日文印刷白色打钩,935×620×25mm,127 130白/85/50/105/130,98,98,7391,55095.27,2017/10/10 14:57:57,2026/5/27 7:28:03,prefix_unique,pending,同客户斜杠前编码唯一命中；仍需人工核对描述、规格和材质
5,苏州天华超净科技股份有限公司,21301787 / 美国白底黑字内箱36*45拼版式,21301787,12,21301787,21301787,美国白底黑字内箱36*45拼版式,1146×920×20mm,183 175白/125/175/B,56,56,4256,53655.07,2016/12/24 15:59:06,2026/6/3 10:06:30,prefix_unique,pending,同客户斜杠前编码唯一命中；仍需人工核对描述、规格和材质
5,苏州天华超净科技股份有限公司,21301807 / E113用白底蓝字内箱36*45,21301807,304,21301807,21301807,E113用白底蓝字内箱36*45,1160×930×15mm,125 130白/95/55/115/155/BE,18,18,4000,53104.00,2017/2/6 16:39:31,2022/5/13 13:55:21,prefix_unique,pending,同客户斜杠前编码唯一命中；仍需人工核对描述、规格和材质
5,苏州天华超净科技股份有限公司,21301191 / 中性内箱26*45THH8,21301191,99,21301191,21301191,中性内箱26*45THH8,1160×675×18mm,126 105/105/80,149,149,8326,51294.00,2016/12/27 14:47:55,2026/2/27 10:32:33,prefix_unique,pending,同客户斜杠前编码唯一命中；仍需人工核对描述、规格和材质
5,苏州天华超净科技股份有限公司,21301265 / 白底蓝字内箱60*120,21301265,140,21301265,21301265,白底蓝字内箱60*120,1215×615×27mm,03 W516R,37,37,5022,50897.76,2016/12/30 13:22:35,2019/9/2 9:25:10,prefix_unique,pending,同客户斜杠前编码唯一命中；仍需人工核对描述、规格和材质
5,苏州天华超净科技股份有限公司,21301852 / 白底黑字内箱18*36日文印刷蓝色打钩,21301852,145,21301852,21301852,白底黑字内箱18*36日文印刷蓝色打钩,925×470×25mm,127 130白/85/50/105/130,103,103,8717,50882.99,2017/10/13 11:38:44,2026/4/6 16:12:46,prefix_unique,pending,同客户斜杠前编码唯一命中；仍需人工核对描述、规格和材质
5,苏州天华超净科技股份有限公司,21301818 / 中性白底蓝字内盒MAX-6090BH,21301818,570,21301818,21301818,中性白底蓝字内盒MAX-6090BH,910×610×23mm,125 130白/95/55/115/155/BE,24,24,7560,50308.16,2022/11/17 16:40:00,2026/4/21 16:11:23,prefix_unique,pending,同客户斜杠前编码唯一命中；仍需人工核对描述、规格和材质
5,苏州天华超净科技股份有限公司,21301024 / 中性外箱24*36THH10,21301024,33,21301024,21301024,中性外箱24*36THH10,935×615×160mm,118 155/115/55/135/155,36,36,4550,50288.53,2017/1/12 14:59:21,2024/8/15 8:34:04,prefix_unique,pending,同客户斜杠前编码唯一命中；仍需人工核对描述、规格和材质
5,苏州天华超净科技股份有限公司,22700003 / 防静电单回路手腕带包装纸箱,22700003,211,22700003,22700003,防静电单回路手腕带包装纸箱,615×435×310mm,113 190/145/50/145/175,36,36,5989,49351.60,2017/1/5 13:38:27,2024/7/15 17:05:40,prefix_unique,pending,同客户斜杠前编码唯一命中；仍需人工核对描述、规格和材质
5,苏州天华超净科技股份有限公司,21301501 / A356专用包装箱18*46 BB,21301501,404,21301501,21301501,A356专用包装箱18*46 BB,1195×470×15mm,107 190/145/190/B,96,96,6190,48874.16,2017/10/12 10:40:55,2026/6/10 15:40:40,prefix_unique,pending,同客户斜杠前编码唯一命中；仍需人工核对描述、规格和材质
5,苏州天华超净科技股份有限公司,21301805 / E113用白底蓝字内箱26*45,21301805,302,21301805,21301805,E113用白底蓝字内箱26*45,1160×680×15mm,125 130白/95/55/115/155/BE,17,17,4902,48465.49,2017/11/18 13:58:15,2022/5/13 13:50:58,prefix_unique,pending,同客户斜杠前编码唯一命中；仍需人工核对描述、规格和材质
5,苏州天华超净科技股份有限公司,21301802 / E113用白底蓝字内箱18*36,21301802,301,21301802,21301802,E113用白底蓝字内箱18*36,930×475×15mm,125 130白/95/55/115/155/BE,20,20,7608,46580.21,2017/11/18 13:57:44,2022/5/12 16:32:31,prefix_unique,pending,同客户斜杠前编码唯一命中；仍需人工核对描述、规格和材质
5,苏州天华超净科技股份有限公司,21311119 / 白底蓝字内箱26*45THB8,21311119,235,21311119,21311119,白底蓝字内箱26*45THB8,1155×690×25mm,127 130白/85/50/105/130,87,87,4822,44975.72,2018/11/1 9:56:46,2026/5/11 14:42:47,prefix_unique,pending,同客户斜杠前编码唯一命中；仍需人工核对描述、规格和材质
5,苏州天华超净科技股份有限公司,22000106 / 101N can max安全鞋外箱60*40*31.5,22000106,529,22000106,22000106,101N canmax安全鞋外箱,600×400×315mm,155 150/105/50/125/105,39,39,6203,44922.95,2017/10/5 16:03:26,2021/12/16 9:47:52,prefix_unique,pending,同客户斜杠前编码唯一命中；仍需人工核对描述、规格和材质
5,苏州天华超净科技股份有限公司,21302022 / A356外用衬板18*46（109*45）,21302022,200,21302022,21302022,A356外用衬板18*46（109*45）,1090×445×mm,174 105/125/105/B,177,177,18316,44146.96,2017/1/4 15:16:47,2026/6/10 15:41:18,prefix_unique,pending,同客户斜杠前编码唯一命中；仍需人工核对描述、规格和材质
5,苏州天华超净科技股份有限公司,21301193 / 中性内箱24*36THH8,21301193,100,21301193,21301193,中性内箱24*36THH8,923×613×18mm,126 105/105/80,98,97,9190,43182.56,2016/12/27 14:56:50,2026/2/27 10:33:08,prefix_unique,pending,同客户斜杠前编码唯一命中；仍需人工核对描述、规格和材质
5,苏州天华超净科技股份有限公司,22000109 / 102canmax安全鞋盒外箱,22000109,1091,22000109,22000109,102canmax安全鞋盒外箱,645×410×325mm,155 150/105/50/125/105,30,30,5575,43058.55,2018/11/19 12:00:26,2026/6/15 9:03:49,prefix_unique,pending,同客户斜杠前编码唯一命中；仍需人工核对描述、规格和材质
5,苏州天华超净科技股份有限公司,22000021 / 201PU鞋盒,22000021,186,22000021,22000021,201PU鞋盒,260×130×110mm,101 130白/115g/95g/E,11,11,30520,42449.00,2017/1/3 12:42:45,2023/10/19 11:31:06,prefix_unique,pending,同客户斜杠前编码唯一命中；仍需人工核对描述、规格和材质
5,苏州天华超净科技股份有限公司,21311033 / Ancltek内箱61*91,21311033,125,21311033,21311033,Ancltek内箱61*91,935×620×25mm,166 105/105/105/A,96,96,8852,42138.95,2016/12/30 11:22:40,2022/5/31 13:24:29,prefix_unique,pending,同客户斜杠前编码唯一命中；仍需人工核对描述、规格和材质
5,苏州天华超净科技股份有限公司,"22800001 / 白色8""565*285*430",22800001,55,22800001,22800001,"白色8""纸箱565*285*430",560×280×425mm,163 130白/105/50/125/150,53,53,6180,41584.90,2016/12/27 10:18:29,2021/8/9 17:37:59,prefix_unique,pending,同客户斜杠前编码唯一命中；仍需人工核对描述、规格和材质
5,苏州天华超净科技股份有限公司,21301863 / 白底黑字24*36日文印刷白色打钩,21301863,669,21301863,21301863,白底黑字24*36日文印刷白色打钩,935×620×25mm,127 130白/85/50/105/130,75,75,5541,40281.00,2017/10/13 11:29:54,2026/5/27 7:28:21,prefix_unique,pending,同客户斜杠前编码唯一命中；仍需人工核对描述、规格和材质
5,苏州天华超净科技股份有限公司,22801003 / 中性纸箱8*36m 32.5*32.5*43,22801003,95,22801003,22801003,"中性纸箱8"" 32.5*32.5*43",320×320×425mm,111 175/105/50/125/130,61,61,7890,39825.20,2017/10/26 17:34:53,2021/9/7 11:28:10,prefix_unique,pending,同客户斜杠前编码唯一命中；仍需人工核对描述、规格和材质
5,苏州天华超净科技股份有限公司,21311272/白底绿字抽屉式24*36,21311272,797,21311272,21311272,白底绿字抽屉式24*36,920×615×20mm,125 130白/95/55/115/155/BE,5,5,4594,39554.74,2017/10/26 11:03:49,2018/1/13 10:42:42,prefix_unique,pending,同客户斜杠前编码唯一命中；仍需人工核对描述、规格和材质
5,苏州天华超净科技股份有限公司,21302067 / 衬板60*90 82.5*58,21302067,426,21302067,21302067,衬板60*90 82.5*58,825×580×mm,122 80/50/50/75/80,28,28,20585,38309.40,2022/1/18 14:50:44,2026/4/2 10:20:51,prefix_unique,pending,同客户斜杠前编码唯一命中；仍需人工核对描述、规格和材质
5,苏州天华超净科技股份有限公司,23201044 / 屏蔽袋纸箱400*560  59*43*12,23201044,425,23201044,23201044,屏蔽袋纸箱400*560  59*43*12,590×430×120mm,111 175/105/50/125/130,72,72,5100,38104.40,2017/10/11 13:02:16,2026/4/6 16:19:52,prefix_unique,pending,同客户斜杠前编码唯一命中；仍需人工核对描述、规格和材质
5,苏州天华超净科技股份有限公司,21301521 / A356专用包装箱18*46GG,21301521,208,21301521,21301521,A356专用包装箱18*46GG,1195×470×15mm,107 190/145/190/B,79,79,4786,37906.99,2017/1/4 15:20:00,2026/6/1 13:40:51,prefix_unique,pending,同客户斜杠前编码唯一命中；仍需人工核对描述、规格和材质
5,苏州天华超净科技股份有限公司,10250186 / 两口离子风机纸箱 67*23*15,10250186,417,10250186,10250186,两口离子风机纸箱 67*23*15,680×240×165mm,146 150/105/50/125/130,38,38,8600,37615.00,2017/11/20 16:50:54,2024/6/27 9:55:24,prefix_unique,pending,同客户斜杠前编码唯一命中；仍需人工核对描述、规格和材质
5,苏州天华超净科技股份有限公司,23201057 / 屏蔽袋纸箱61.5*50.5*17.5,23201057,1241,23201057,23201057,屏蔽袋纸箱61.5*50.5*17.5,615×505×175mm,137 240/125/50/125/130,55,55,3799,37476.54,2017/11/8 10:21:51,2026/6/4 16:16:58,prefix_unique,pending,同客户斜杠前编码唯一命中；仍需人工核对描述、规格和材质
5,苏州天华超净科技股份有限公司,21301230 / 中性外箱26*45英飞凌款8本装白色打钩,21301230,226,21301230,21301230,中性外箱26*45英飞凌款8本装白色打钩,1180×695×145mm,111 175/105/50/125/130,97,97,2531,36739.65,2017/1/6 16:28:28,2026/6/16 10:58:55,prefix_unique,pending,同客户斜杠前编码唯一命中；仍需人工核对描述、规格和材质
5,苏州天华超净科技股份有限公司,21301824 / 中性白底蓝字内盒 MAX-6012BN,21301824,378,21301824,21301824,中性白底蓝字内盒 MAX-6012BN,1210×610×23mm,125 130白/95/55/115/155/BE,43,43,4088,36487.92,2017/12/12 9:21:53,2026/4/21 16:14:07,prefix_unique,pending,同客户斜杠前编码唯一命中；仍需人工核对描述、规格和材质
5,苏州天华超净科技股份有限公司,21301821 / 中性白底蓝字内盒MAX-6090BB,21301821,381,21301821,21301821,中性白底蓝字内盒MAX-6090BB,910×610×23mm,125 130白/95/55/115/155/BE,44,44,5113,36117.08,2017/12/12 9:29:55,2026/4/21 16:15:03,prefix_unique,pending,同客户斜杠前编码唯一命中；仍需人工核对描述、规格和材质
5,苏州天华超净科技股份有限公司,21301818 /中性白底蓝字内盒MAX-6090BH,21301818,570,21301818,21301818,中性白底蓝字内盒MAX-6090BH,910×610×23mm,125 130白/95/55/115/155/BE,19,19,4872,36084.72,2017/12/12 9:26:39,2021/8/7 10:23:59,prefix_unique,pending,同客户斜杠前编码唯一命中；仍需人工核对描述、规格和材质
5,苏州天华超净科技股份有限公司,22901007 / 中性纸箱31*31*64,22901007,105,22901007,22901007,中性纸箱31*31*64,305×305×640mm,155 150/105/50/125/105,62,62,5730,35310.80,2016/12/27 15:19:19,2026/1/9 16:33:36,prefix_unique,pending,同客户斜杠前编码唯一命中；仍需人工核对描述、规格和材质
5,苏州天华超净科技股份有限公司,21311315 / 中性白底蓝字内盒（9200青）,21311315,2005,21311315,21311315,中性白底蓝字内盒（9200青）,910×610×28mm,125 130白/95/55/115/155/BE,22,22,4954,33743.28,2022/11/17 16:37:50,2026/4/10 7:56:21,prefix_unique,pending,同客户斜杠前编码唯一命中；仍需人工核对描述、规格和材质
5,苏州天华超净科技股份有限公司,21301856 / 白底黑字内箱60*120日文印刷蓝色打钩,21301856,144,21301856,21301856,白底黑字内箱60*120日文印刷蓝色打钩,1215×615×25mm,127 130白/85/50/105/130,87,87,3580,32425.88,2017/1/17 16:43:11,2026/4/6 16:13:40,prefix_unique,pending,同客户斜杠前编码唯一命中；仍需人工核对描述、规格和材质
5,苏州天华超净科技股份有限公司,"22801003 / 中性纸箱8"" 32.5*32.5*43",22801003,95,22801003,22801003,"中性纸箱8"" 32.5*32.5*43",320×320×425mm,111 175/105/50/125/130,37,37,6382,32105.32,2016/12/27 14:49:58,2024/5/7 11:27:17,prefix_unique,pending,同客户斜杠前编码唯一命中；仍需人工核对描述、规格和材质
5,苏州天华超净科技股份有限公司,21301779 / 美国白底黑字内箱18*36拼版式,21301779,327,21301779,21301779,美国白底黑字内箱18*36拼版式,920×455×20mm,183 175白/125/175/B,86,86,5586,32100.17,2017/2/21 12:46:15,2026/6/8 14:36:40,prefix_unique,pending,同客户斜杠前编码唯一命中；仍需人工核对描述、规格和材质
5,苏州天华超净科技股份有限公司,21301835 / NAS白底蓝字抽屉式内箱24*36B楞,21301835,376,21301835,21301835,NAS白底蓝字抽屉式内箱24*36B楞,925×620×15mm,09 S6E,13,13,3732,31878.00,2017/11/18 13:47:28,2018/1/5 17:20:31,prefix_unique,pending,同客户斜杠前编码唯一命中；仍需人工核对描述、规格和材质
5,苏州天华超净科技股份有限公司,21301775 / 美国白底黑字内箱24*36拼版式,21301775,6,21301775,21301775,美国白底黑字内箱24*36拼版式,920×605×20mm,183 175白/125/175/B,72,72,4151,31789.67,2016/12/24 15:36:46,2026/5/20 15:56:13,prefix_unique,pending,同客户斜杠前编码唯一命中；仍需人工核对描述、规格和材质
5,苏州天华超净科技股份有限公司,10250196 / KD1002包装小盒28.5*19.5*5.5,10250196,2145,10250196,10250196,KD1002包装小盒28.5*19.5*5.5,285×195×55mm,101 130白/115g/95g/E,34,34,11550,31764.00,2017/3/24 15:56:04,2024/7/8 15:33:56,prefix_unique,pending,同客户斜杠前编码唯一命中；仍需人工核对描述、规格和材质
5,苏州天华超净科技股份有限公司,22906002 / 纸板单瓦130*130,22906002,213,22906002,22906002,纸板单瓦130*130,1300×1300×mm,124 80/75/80,64,64,6310,31588.20,2017/1/5 16:43:48,2026/4/1 8:14:02,prefix_unique,pending,同客户斜杠前编码唯一命中；仍需人工核对描述、规格和材质
5,苏州天华超净科技股份有限公司,23201033 / 屏蔽袋纸箱48*38*14,23201033,256,23201033,23201033,屏蔽袋纸箱48*38*12.5,480×380×125mm,118 155/115/55/135/155,34,34,4652,30675.12,2017/5/4 15:32:35,2020/8/5 10:28:08,prefix_unique,pending,同客户斜杠前编码唯一命中；仍需人工核对描述、规格和材质
5,苏州天华超净科技股份有限公司,21301152 / 中性内箱92*180,21301152,295,21301152,21301152,中性内箱92*180,1810×930×30mm,118 155/115/55/135/155,206,206,1732,30623.22,2017/10/21 17:16:36,2025/5/19 16:54:04,prefix_unique,pending,同客户斜杠前编码唯一命中；仍需人工核对描述、规格和材质
5,苏州天华超净科技股份有限公司,21311026 / 中性外箱26*45THB8,21311026,184,21311026,21311026,中性外箱26*45THB8,1155×665×135mm,118 155/115/55/135/155,129,129,2342,30581.62,2017/1/3 12:20:30,2026/6/3 15:21:23,prefix_unique,pending,同客户斜杠前编码唯一命中；仍需人工核对描述、规格和材质
5,苏州天华超净科技股份有限公司,22000018 / 101安全鞋盒,22000018,185,22000018,22000018,101安全鞋盒,295×190×115mm,101 130白/115g/95g/E,10,10,14500,30430.00,2017/1/3 12:39:21,2018/7/27 9:17:02,prefix_unique,pending,同客户斜杠前编码唯一命中；仍需人工核对描述、规格和材质
5,苏州天华超净科技股份有限公司,21311064 / 24*36白底蓝字 平放勿折,21311064,574,21311064,21311064,24*36白底蓝字 平放勿折,935×620×270mm,125 130白/95/55/115/155/BE,8,8,3982,30289.42,2019/11/11 9:44:09,2026/3/12 8:57:25,prefix_unique,pending,同客户斜杠前编码唯一命中；仍需人工核对描述、规格和材质
5,苏州天华超净科技股份有限公司,21301841 / NAS白底蓝字抽屉式内箱24*36,21301841,70,21301841,21301841,NAS白底蓝字抽屉式内箱24*36,925×620×8mm,039 W5R,8,8,5935,30090.45,2016/12/27 11:39:46,2017/8/31 10:23:14,prefix_unique,pending,同客户斜杠前编码唯一命中；仍需人工核对描述、规格和材质
5,苏州天华超净科技股份有限公司,21311023 / 中性内箱18*36THB10,21311023,166,21311023,21311023,中性内箱18*36THB10,925×460×18mm,126 105/105/80,98,98,7655,29874.04,2017/1/3 11:40:08,2025/4/24 12:52:43,prefix_unique,pending,同客户斜杠前编码唯一命中；仍需人工核对描述、规格和材质
5,苏州天华超净科技股份有限公司,21301822 / 中性白底蓝字内盒 MAX-6090BL,21301822,380,21301822,21301822,中性白底蓝字内盒 MAX-6090BL,910×610×23mm,125 130白/95/55/115/155/BE,38,38,4144,29526.00,2017/12/12 9:27:43,2026/4/21 16:13:32,prefix_unique,pending,同客户斜杠前编码唯一命中；仍需人工核对描述、规格和材质
5,苏州天华超净科技股份有限公司,21301877 / 白底黑字内盒（白）600*900日文,21301877,660,21301877,21301877,白底黑字内盒（白）600*900日文,935×620×25mm,155 150/105/50/125/105,74,74,4057,29390.01,2017/10/10 15:00:25,2026/6/3 15:15:19,prefix_unique,pending,同客户斜杠前编码唯一命中；仍需人工核对描述、规格和材质
5,苏州天华超净科技股份有限公司,21302062 / 满衬板26*45.107.5*66,21302062,123,21302062,21302062,满衬板26*45.107.5*66,1075×660×mm,124 80/75/80,210,210,14770,29364.57,2017/11/10 13:23:07,2026/6/3 15:19:15,prefix_unique,pending,同客户斜杠前编码唯一命中；仍需人工核对描述、规格和材质
5,苏州天华超净科技股份有限公司,21311274/卡其绿字抽屉式纸箱24*36,21311274,827,21311274,21311274,卡其绿字抽屉式纸箱24*36,920×615×22mm,129 190/135/55/135/155/BE,21,21,3947,29323.90,2017/11/22 9:27:38,2022/1/8 11:30:55,prefix_unique,pending,同客户斜杠前编码唯一命中；仍需人工核对描述、规格和材质
5,苏州天华超净科技股份有限公司,21301777 / 美国白底黑字内箱26*45拼版式,21301777,9,21301777,21301777,美国白底黑字内箱26*45拼版式,1150×665×20mm,183 175白/125/175/B,57,57,3009,28911.49,2016/12/24 15:45:28,2026/6/8 14:36:17,prefix_unique,pending,同客户斜杠前编码唯一命中；仍需人工核对描述、规格和材质
5,苏州天华超净科技股份有限公司,21302044 / 满衬板58*107cm,21302044,183,21302044,21302044,满衬板58*107cm,1070×580×mm,124 80/75/80,383,383,16804,28898.64,2017/1/3 12:16:15,2026/6/3 15:16:03,prefix_unique,pending,同客户斜杠前编码唯一命中；仍需人工核对描述、规格和材质
5,苏州天华超净科技股份有限公司,21301465 / A356专用包装箱25*45 GG,21301465,359,21301465,21301465,A356专用包装箱25*45 GG,1160×650×15mm,102 170俄/145/170俄/B,35,35,2747,28542.11,2017/11/10 13:28:35,2026/3/2 16:48:09,prefix_unique,pending,同客户斜杠前编码唯一命中；仍需人工核对描述、规格和材质
5,苏州天华超净科技股份有限公司,21301264 / 单瓦白底蓝字内箱18*45字体分开,21301264,237,21301264,21301264,单瓦白底蓝字内箱18*45字体分开,1165×470×21mm,039 W5R,12,12,5108,28187.18,2017/1/8 13:56:35,2021/1/7 11:12:48,prefix_unique,pending,同客户斜杠前编码唯一命中；仍需人工核对描述、规格和材质
5,苏州天华超净科技股份有限公司,21301806 / E113用白底蓝字内箱36*36,21301806,303,21301806,21301806,E113用白底蓝字内箱36*36,930×930×15mm,125 130白/95/55/115/155/BE,16,16,2400,27892.00,2017/11/18 14:09:23,2022/5/13 13:52:32,prefix_unique,pending,同客户斜杠前编码唯一命中；仍需人工核对描述、规格和材质
5,苏州天华超净科技股份有限公司,21301204 / 白底黑字内箱18*24,21301204,97,21301204,21301204,白底黑字内箱18*24,620×470×26mm,127 130白/85/50/105/130,129,129,6121,27888.13,2016/12/27 14:52:26,2026/5/20 15:54:29,prefix_unique,pending,同客户斜杠前编码唯一命中；仍需人工核对描述、规格和材质
5,苏州天华超净科技股份有限公司,23201018 / 包装纸箱52*42*9,23201018,342,23201018,23201018,包装纸箱52*42*9,520×420×90mm,113 190/145/50/145/175,72,72,4656,27846.34,2017/10/23 17:24:15,2026/1/8 14:47:28,prefix_unique,pending,同客户斜杠前编码唯一命中；仍需人工核对描述、规格和材质
5,苏州天华超净科技股份有限公司,23201045 / 屏蔽袋用纸箱72*49*12,23201045,433,23201045,23201045,屏蔽袋用纸箱72*49*12,720×490×120mm,137 240/125/50/125/130,45,45,2900,27716.60,2017/3/17 9:39:15,2026/4/6 16:18:23,prefix_unique,pending,同客户斜杠前编码唯一命中；仍需人工核对描述、规格和材质
5,苏州天华超净科技股份有限公司,10250484 / 新款卧式纸箱 48*30*23,10250484,243,10250484,10250484,新款卧式纸箱 48*30*23,480×300×230mm,113 190/145/50/145/175,17,17,6250,27635.00,2017/1/9 15:20:31,2024/11/8 9:56:02,prefix_unique,pending,同客户斜杠前编码唯一命中；仍需人工核对描述、规格和材质
5,苏州天华超净科技股份有限公司,21301908 / 中性纸箱26*45,21301908,1301,21301908,21301908,中性纸箱26*45,1160×680×18mm,03 W516R,17,17,2977,27130.02,2019/10/12 14:39:39,2021/7/15 15:29:53,prefix_unique,pending,同客户斜杠前编码唯一命中；仍需人工核对描述、规格和材质
5,苏州天华超净科技股份有限公司,21301935 / 26*45中性内箱THH10,21301935,1449,21301935,21301935,26*45中性内箱THH10,1150×670×25mm,129 190/135/55/135/155/BE,27,27,1650,26917.25,2019/10/17 15:43:09,2022/6/16 10:18:03,prefix_unique,pending,同客户斜杠前编码唯一命中；仍需人工核对描述、规格和材质
5,苏州天华超净科技股份有限公司,22000007 / 201A外箱,22000007,546,22000007,22000007,201A外箱,680×470×280mm,01 R516A,17,17,3106,26160.92,2017/11/10 13:08:11,2019/4/11 7:58:57,prefix_unique,pending,同客户斜杠前编码唯一命中；仍需人工核对描述、规格和材质
5,苏州天华超净科技股份有限公司,21302003 / 满衬板110*64,21302003,311,21302003,21302003,满衬板110*64,1100×640×mm,124 80/75/80,93,93,12623,25226.56,2017/1/10 8:22:13,2026/3/25 9:16:19,prefix_unique,pending,同客户斜杠前编码唯一命中；仍需人工核对描述、规格和材质
5,苏州天华超净科技股份有限公司,21302064 / 满衬板36*45 101*78,21302064,247,21302064,21302064,满衬板36*45 101*78,1075×910×mm,124 80/75/80,45,45,10172,24805.77,2017/1/11 10:13:49,2026/6/3 15:19:50,prefix_unique,pending,同客户斜杠前编码唯一命中；仍需人工核对描述、规格和材质
5,苏州天华超净科技股份有限公司,22000016 / 002白卡鞋盒28.5*10.5*10,22000016,239,22000016,22000016,002白卡鞋盒28.5*10.5*10,285×105×100mm,048 灰底白板,15,15,25500,24435.00,2017/1/8 16:27:14,2022/6/2 14:57:24,prefix_unique,pending,同客户斜杠前编码唯一命中；仍需人工核对描述、规格和材质
5,苏州天华超净科技股份有限公司,21301110 / 白底蓝字外箱92*116,21301110,47,21301110,21301110,白底蓝字外箱92*116,1185×950×185mm,127 130白/85/50/105/130,63,63,1008,23604.41,2017/1/12 15:01:01,2026/3/12 13:14:03,prefix_unique,pending,同客户斜杠前编码唯一命中；仍需人工核对描述、规格和材质
5,苏州天华超净科技股份有限公司,22000019 / 102安全鞋盒,22000019,375,22000019,22000019,102 安全鞋盒30.5*19.5*12,305×195×120mm,101 130白/115g/95g/E,7,7,10800,23488.00,2016/12/26 15:27:17,2018/1/26 15:41:55,prefix_unique,pending,同客户斜杠前编码唯一命中；仍需人工核对描述、规格和材质
5,苏州天华超净科技股份有限公司,23203017 / 衬板85*64,23203017,438,23203017,23203017,衬板85*64,850×640×mm,122 80/50/50/75/80,128,128,10882,23368.87,2017/11/18 13:36:54,2026/5/15 12:50:48,prefix_unique,pending,同客户斜杠前编码唯一命中；仍需人工核对描述、规格和材质
5,苏州天华超净科技股份有限公司,21301192 / 中性外箱26*45THH8,21301192,101,21301192,21301192,中性外箱26*45THH8,1170×680×135mm,118 155/115/55/135/155,127,127,1554,22992.45,2016/12/27 14:48:34,2026/2/27 10:32:47,prefix_unique,pending,同客户斜杠前编码唯一命中；仍需人工核对描述、规格和材质
5,苏州天华超净科技股份有限公司,21302050 / 满衬板36*45,21302050,65,21302050,21302050,满衬板36*45,1120×910×mm,174 105/125/105/B,57,57,4965,22961.05,2016/12/24 16:01:26,2026/6/3 10:07:09,prefix_unique,pending,同客户斜杠前编码唯一命中；仍需人工核对描述、规格和材质
5,苏州天华超净科技股份有限公司,21302061 / 满衬板24*36,21302061,,,,,,,50,50,14871,22292.46,2016/12/27 14:07:58,2021/8/20 10:21:30,prefix_no_match,pending,斜杠前编码未命中产品，需人工查找或后续建产品
5,苏州天华超净科技股份有限公司,21301874 / 白底红黑蓝内箱60*90日文印刷,21301874,396,21301874,21301874,白底红黑蓝内箱60*90日文印刷,935×620×25mm,127 130白/85/50/105/130,61,61,2815,22232.01,2017/10/23 17:25:41,2026/5/14 10:27:30,prefix_unique,pending,同客户斜杠前编码唯一命中；仍需人工核对描述、规格和材质
5,苏州天华超净科技股份有限公司,21301842 / 中性内盒115*60,21301842,1074,21301842,21301842,中性内盒115*60,1165×615×28mm,156 150/85/50/105/150/BE,52,52,2887,21765.34,2022/1/22 15:55:17,2026/5/8 14:39:53,prefix_unique,pending,同客户斜杠前编码唯一命中；仍需人工核对描述、规格和材质
5,苏州天华超净科技股份有限公司,21302012 / 满衬板58*116,21302012,92,21302012,21302012,满衬板58*116,1160×580×mm,124 80/75/80,157,157,11294,21505.64,2016/12/27 14:41:40,2026/4/6 16:16:53,prefix_unique,pending,同客户斜杠前编码唯一命中；仍需人工核对描述、规格和材质
5,苏州天华超净科技股份有限公司,23201125 / 屏蔽袋纸箱45*63*11,23201125,1507,23201125,23201125,屏蔽袋纸箱45*63*11,630×450×110mm,137 240/125/50/125/130,20,20,2115,21474.21,2019/12/17 11:11:15,2024/7/31 13:54:39,prefix_unique,pending,同客户斜杠前编码唯一命中；仍需人工核对描述、规格和材质
5,苏州天华超净科技股份有限公司,21301194 / 中性外箱24*36THH8,21301194,102,21301194,21301194,中性外箱24*36THH8,935×625×135mm,146 150/105/50/125/130,91,91,1870,21169.40,2016/12/27 14:57:26,2026/2/27 10:33:34,prefix_unique,pending,同客户斜杠前编码唯一命中；仍需人工核对描述、规格和材质
5,苏州天华超净科技股份有限公司,21311034 / Ancltek外箱61*91,21311034,126,21311034,21311034,Ancltek外箱61*91,955×635×160mm,146 150/105/50/125/130,97,97,1778,21135.67,2016/12/30 11:23:05,2022/5/31 13:24:44,prefix_unique,pending,同客户斜杠前编码唯一命中；仍需人工核对描述、规格和材质
5,苏州天华超净科技股份有限公司,21302041 / A356外用衬板25*45（63*57）,21302041,196,21302041,21302041,A356外用衬板25*45（63*57）,630×562×mm,174 105/125/105/B,188,188,11919,21021.14,2017/1/4 15:14:51,2026/6/10 15:42:12,prefix_unique,pending,同客户斜杠前编码唯一命中；仍需人工核对描述、规格和材质
5,苏州天华超净科技股份有限公司,21301611 / 中性纸箱12*12cm,21301611,146,21301611,21301611,中性纸箱12*12cm,260×260×110mm,155 150/105/50/125/105,144,144,9956,20611.11,2017/10/26 9:24:57,2025/8/7 16:01:11,prefix_unique,pending,同客户斜杠前编码唯一命中；仍需人工核对描述、规格和材质
5,苏州天华超净科技股份有限公司,22906001 / 纸板单瓦130*98,22906001,212,22906001,22906001,纸板单瓦130*98,1300×980×mm,013 C1C,34,34,5100,20153.50,2017/1/5 16:43:40,2020/2/26 11:20:12,prefix_unique,pending,同客户斜杠前编码唯一命中；仍需人工核对描述、规格和材质
5,苏州天华超净科技股份有限公司,21301859 / 白底黑字内箱60*90日文印刷ESD,21301859,276,21301859,21301859,白底黑字内箱60*90日文印刷ESD,935×620×25mm,127 130白/85/50/105/130,54,54,2703,20093.16,2017/1/17 9:49:49,2026/5/25 16:05:09,prefix_unique,pending,同客户斜杠前编码唯一命中；仍需人工核对描述、规格和材质
5,苏州天华超净科技股份有限公司,21301876 / 白底黑字内盒（青）600*900日文,21301876,659,21301876,21301876,白底黑字内盒（青）600*900日文,935×620×25mm,127 130白/85/50/105/130,49,49,2846,19787.24,2022/1/13 13:00:33,2026/4/13 14:52:01,prefix_unique,pending,同客户斜杠前编码唯一命中；仍需人工核对描述、规格和材质
5,苏州天华超净科技股份有限公司,22000019/102安全内盒,22000019,375,22000019,22000019,102 安全鞋盒30.5*19.5*12,305×195×120mm,101 130白/115g/95g/E,1,1,10000,19600.00,2025/2/13 9:26:05,2025/2/13 9:26:05,prefix_unique,pending,同客户斜杠前编码唯一命中；仍需人工核对描述、规格和材质
5,苏州天华超净科技股份有限公司,21311166 / 中性内箱24*36 THB8,21311166,233,21311166,21311166,中性内箱24*36 THB8,935×620×18mm,156 150/85/50/105/150/BE,43,43,2819,19161.58,2018/7/21 8:16:28,2026/4/30 15:44:36,prefix_unique,pending,同客户斜杠前编码唯一命中；仍需人工核对描述、规格和材质
5,苏州天华超净科技股份有限公司,21311121 / 白底蓝字内盒24*36 THB10,21311121,482,21311121,21311121,白底蓝字内盒24*36 THB10,935×620×21mm,127 130白/85/50/105/130,47,47,2419,19090.35,2017/10/12 17:08:31,2025/3/7 10:44:25,prefix_unique,pending,同客户斜杠前编码唯一命中；仍需人工核对描述、规格和材质
5,苏州天华超净科技股份有限公司,"22800003 / 白色12""纸箱56.5*28.5*33",22800003,194,22800003,22800003,"白色12""纸箱56.5*28.5*33",560×280×325mm,163 130白/105/50/125/150,54,54,3300,18874.90,2017/1/18 13:53:07,2024/9/4 14:15:42,prefix_unique,pending,同客户斜杠前编码唯一命中；仍需人工核对描述、规格和材质
5,苏州天华超净科技股份有限公司,21301327 / 中性内箱80*85,21301327,111,21301327,21301327,中性内箱80*85,865×815×27mm,146 150/105/50/125/130,72,72,2121,18660.42,2016/12/27 15:44:19,2025/3/20 14:10:36,prefix_unique,pending,同客户斜杠前编码唯一命中；仍需人工核对描述、规格和材质
5,苏州天华超净科技股份有限公司,21301509 / 中性内箱1m*0.9m,21301509,87,21301509,21301509,中性内箱1m*0.9m,1020×920×28mm,111 175/105/50/125/130,105,105,1812,18562.53,2016/12/27 13:52:36,2025/7/23 7:39:13,prefix_unique,pending,同客户斜杠前编码唯一命中；仍需人工核对描述、规格和材质
5,苏州天华超净科技股份有限公司,22000017 / 003白卡鞋盒32*12*10,22000017,240,22000017,22000017,003白卡鞋盒32*12*10,320×120×100mm,048 灰底白板,11,11,19000,18240.00,2017/1/8 16:27:54,2022/7/5 7:46:35,prefix_unique,pending,同客户斜杠前编码唯一命中；仍需人工核对描述、规格和材质
5,苏州天华超净科技股份有限公司,20600037 / 手套外箱48*45*47,20600037,572,20600037,20600037,手套外箱48*45*47,480×450×470mm,01 R516A,25,25,2300,18210.50,2017/10/17 8:23:07,2020/6/16 9:21:06,prefix_unique,pending,同客户斜杠前编码唯一命中；仍需人工核对描述、规格和材质
5,苏州天华超净科技股份有限公司,21301634 / 白底黑字内箱60*115,21301634,300,21301634,21301634,白底黑字内箱60*115,1165×615×25mm,127 130白/85/50/105/130,28,28,2094,18183.93,2017/2/4 16:48:15,2025/8/22 17:23:25,prefix_unique,pending,同客户斜杠前编码唯一命中；仍需人工核对描述、规格和材质
5,苏州天华超净科技股份有限公司,21311303/BM中性内盒26*45 115*47*2.1/2.3,21311303,1877,21311303,21311303,BM中性内盒26*45 115*47*2.1/2.3,1150×670×23mm,191 175/85/50/105/175,3,3,1328,18167.04,2021/1/27 10:59:15,2021/9/25 8:17:46,prefix_unique,pending,同客户斜杠前编码唯一命中；仍需人工核对描述、规格和材质
5,苏州天华超净科技股份有限公司,21301201 / 白底黑字内箱60*120,21301201,62,21301201,21301201,白底黑字内箱60*120,1215×610×25mm,127 130白/85/50/105/130,139,139,2055,17927.04,2016/12/27 11:08:13,2026/5/19 14:01:39,prefix_unique,pending,同客户斜杠前编码唯一命中；仍需人工核对描述、规格和材质
5,苏州天华超净科技股份有限公司,21302092 / 24*36 满衬板61.5*84.5,21302092,924,21302092,21302092,24*36 满衬板61.5*84.5,845×615×mm,122 80/50/50/75/80,24,24,7950,17864.50,2018/10/11 9:39:15,2025/9/5 12:49:22,prefix_unique,pending,同客户斜杠前编码唯一命中；仍需人工核对描述、规格和材质
5,苏州天华超净科技股份有限公司,21301934 / 中性内箱24*36 THH10,21301934,1445,21301934,21301934,中性内箱24*36 THH10,935×620×25mm,129 190/135/55/135/155/BE,21,21,1439,17743.68,2019/10/15 12:18:50,2022/6/16 10:17:43,prefix_unique,pending,同客户斜杠前编码唯一命中；仍需人工核对描述、规格和材质
5,苏州天华超净科技股份有限公司,"22800001 / 白色8""纸箱565*285*430",22800001,55,22800001,22800001,"白色8""纸箱565*285*430",560×280×425mm,163 130白/105/50/125/150,17,17,2972,17695.92,2021/12/28 16:57:00,2024/9/4 14:15:24,prefix_unique,pending,同客户斜杠前编码唯一命中；仍需人工核对描述、规格和材质
5,苏州天华超净科技股份有限公司,21301866 / 白底黑字中性内盒600*1200 日文,21301866,567,21301866,21301866,白底黑字中性内盒600*1200 日文,1215×615×28mm,127 130白/85/50/105/130,68,68,2018,17404.33,2017/12/14 9:57:05,2026/5/25 16:05:43,prefix_unique,pending,同客户斜杠前编码唯一命中；仍需人工核对描述、规格和材质
5,苏州天华超净科技股份有限公司,23201090 / 屏蔽袋纸箱50*40*11,23201090,287,23201090,23201090,屏蔽袋纸箱50*40*11,510×410×125mm,01 R516A,23,23,2550,17398.30,2017/1/20 9:54:20,2018/9/3 9:16:45,prefix_unique,pending,同客户斜杠前编码唯一命中；仍需人工核对描述、规格和材质
5,苏州天华超净科技股份有限公司,21301785 / 美国白底黑字内箱36*36拼版式,21301785,7,21301785,21301785,美国白底黑字内箱36*36拼版式,920×920×20mm,183 175白/125/175/B,32,32,1604,17242.08,2016/12/24 15:46:25,2026/5/8 14:38:52,prefix_unique,pending,同客户斜杠前编码唯一命中；仍需人工核对描述、规格和材质
5,苏州天华超净科技股份有限公司,21302066 / 满衬板35*41 89*97,21302066,193,21302066,21302066,满衬板35*41,970×890×mm,122 80/50/50/75/80,53,53,4536,17073.48,2017/12/20 10:45:12,2021/9/16 10:36:52,prefix_unique,pending,同客户斜杠前编码唯一命中；仍需人工核对描述、规格和材质
5,苏州天华超净科技股份有限公司,22000014 / 空白纸箱52*29*25.5,22000014,333,22000014,22000014,空白纸箱52*29*25.5,515×285×250mm,155 150/105/50/125/105,25,25,3908,16949.60,2017/11/9 8:29:03,2026/1/13 13:57:47,prefix_unique,pending,同客户斜杠前编码唯一命中；仍需人工核对描述、规格和材质
5,苏州天华超净科技股份有限公司,22000015 / 001白卡鞋盒26*10*9.5,22000015,238,22000015,22000015,001白卡鞋盒26*10*9.5,260×100×95mm,048 灰底白板,13,13,19750,16790.00,2017/1/8 16:26:30,2022/7/5 7:46:11,prefix_unique,pending,同客户斜杠前编码唯一命中；仍需人工核对描述、规格和材质
5,苏州天华超净科技股份有限公司,21311337 / 白底黑字内箱ARC-6090N,21311337,2435,21311337,21311337,白底黑字内箱ARC-6090N,910×610×23mm,127 130白/85/50/105/130,17,17,2602,16770.25,2022/11/18 16:38:33,2026/4/10 7:56:44,prefix_unique,pending,同客户斜杠前编码唯一命中；仍需人工核对描述、规格和材质
5,苏州天华超净科技股份有限公司,23203016 / 衬板72*87,23203016,496,23203016,23203016,衬板72*87,870×712×mm,122 80/50/50/75/80,111,111,6289,16711.68,2017/11/18 13:35:40,2026/5/15 12:50:32,prefix_unique,pending,同客户斜杠前编码唯一命中；仍需人工核对描述、规格和材质
5,苏州天华超净科技股份有限公司,21301266 / 白底蓝字外箱60*120,21301266,141,21301266,21301266,白底蓝字外箱60*120,1235×635×185mm,011 R515A,37,37,1005,16564.79,2016/12/30 13:23:41,2019/9/2 9:25:24,prefix_unique,pending,同客户斜杠前编码唯一命中；仍需人工核对描述、规格和材质
5,苏州天华超净科技股份有限公司,21311314 / 中性纸箱26*45 116*67*8,21311314,1999,21311314,21311314,中性纸箱26*45 116*67*8,1160×670×80mm,123 240/165/50/165/175,55,55,965,16362.41,2022/1/13 12:30:56,2025/9/28 16:26:34,prefix_unique,pending,同客户斜杠前编码唯一命中；仍需人工核对描述、规格和材质
5,苏州天华超净科技股份有限公司,236050003 / CartonBox 36*36*38,236050003,30,236050003,236050003,CartonBox 36*36*38,360×360×380mm,038 Y516Y,1,1,2000,16220.00,2016/12/26 17:31:14,2016/12/26 17:31:14,prefix_unique,pending,同客户斜杠前编码唯一命中；仍需人工核对描述、规格和材质
5,苏州天华超净科技股份有限公司,21301876 /白底黑字内盒（青）600*900日文,21301876,659,21301876,21301876,白底黑字内盒（青）600*900日文,935×620×25mm,127 130白/85/50/105/130,43,43,2079,15875.03,2017/6/15 14:50:37,2021/9/17 14:44:20,prefix_unique,pending,同客户斜杠前编码唯一命中；仍需人工核对描述、规格和材质
5,苏州天华超净科技股份有限公司,21311162 / 中性内盒60*45,21311162,454,21311162,21311162,中性内盒60*45,620×470×21mm,113 190/145/50/145/175,38,38,3620,15711.00,2017/10/12 14:18:33,2024/1/26 11:24:37,prefix_unique,pending,同客户斜杠前编码唯一命中；仍需人工核对描述、规格和材质
5,苏州天华超净科技股份有限公司,22000004 / 101A纸箱60*40*32,22000004,403,22000004,22000004,101A纸箱60*40*32,600×400×320mm,155 150/105/50/125/105,11,11,2159,14951.31,2017/11/23 16:23:52,2019/4/11 7:58:14,prefix_unique,pending,同客户斜杠前编码唯一命中；仍需人工核对描述、规格和材质
5,苏州天华超净科技股份有限公司,21311120 / 白底蓝字外箱26*45THB8,21311120,236,21311120,21311120,白底蓝字外箱26*45THB8,1175×690×180mm,127 130白/85/50/105/130,85,85,943,14878.87,2018/11/1 9:57:07,2026/5/11 14:43:04,prefix_unique,pending,同客户斜杠前编码唯一命中；仍需人工核对描述、规格和材质
5,苏州天华超净科技股份有限公司,21302010 / 满衬板43*83.5,21302010,58,21302010,21302010,满衬板43*83.5,835×430×mm,124 80/75/80,226,226,14213,14333.03,2016/12/27 10:53:53,2026/4/9 11:10:00,prefix_unique,pending,同客户斜杠前编码唯一命中；仍需人工核对描述、规格和材质
5,苏州天华超净科技股份有限公司,21302084 / 满衬板（24*36）84*60.5,21302084,1139,21302084,21302084,满衬板（24*36）84*60.5,840×605×mm,122 80/50/50/75/80,79,79,7013,14312.64,2018/7/21 10:20:13,2026/4/30 15:41:51,prefix_unique,pending,同客户斜杠前编码唯一命中；仍需人工核对描述、规格和材质
5,苏州天华超净科技股份有限公司,21301829 / E113用白底蓝字内箱36*60 侧印ITEM,21301829,719,21301829,21301829,E113用白底蓝字内箱36*60 侧印ITEM,1540×930×15mm,03 W516R,9,9,800,14180.00,2017/8/12 13:54:01,2021/7/15 15:48:32,prefix_unique,pending,同客户斜杠前编码唯一命中；仍需人工核对描述、规格和材质
5,苏州天华超净科技股份有限公司,21301804 / E113用白底蓝字内箱24*36,21301804,732,21301804,21301804,E113用白底蓝字内盒24*36,930×625×15mm,125 130白/95/55/115/155/BE,4,4,1828,14041.48,2017/2/6 16:37:26,2017/8/22 16:46:58,prefix_unique,pending,同客户斜杠前编码唯一命中；仍需人工核对描述、规格和材质
5,苏州天华超净科技股份有限公司,21311344 / 白底黑字内箱IT-6090N,21311344,2368,21311344,21311344,白底黑字内箱IT-6090N,910×610×23mm,125 130白/95/55/115/155/BE,13,13,2135,14005.60,2023/11/28 10:45:32,2026/4/21 16:15:45,prefix_unique,pending,同客户斜杠前编码唯一命中；仍需人工核对描述、规格和材质
5,苏州天华超净科技股份有限公司,21302066 / 满衬板35*41,21302066,193,21302066,21302066,满衬板35*41,970×890×mm,122 80/50/50/75/80,62,62,4061,13744.86,2021/12/16 9:48:46,2026/6/10 10:23:53,prefix_unique,pending,同客户斜杠前编码唯一命中；仍需人工核对描述、规格和材质
5,苏州天华超净科技股份有限公司,21301436 / A356专用包装箱36*46BB,21301436,207,21301436,21301436,A356专用包装箱36*46BB,1195×930×15mm,102 170俄/145/170俄/B,63,63,949,13623.82,2017/1/4 15:19:23,2026/6/1 13:39:33,prefix_unique,pending,同客户斜杠前编码唯一命中；仍需人工核对描述、规格和材质
5,苏州天华超净科技股份有限公司,21311024 / 中性外箱18*36THB10,21311024,165,21311024,21311024,中性外箱18*36THB10,940×475×135mm,118 155/115/55/135/155,96,96,1645,13571.23,2017/1/3 11:39:44,2025/4/24 12:53:14,prefix_unique,pending,同客户斜杠前编码唯一命中；仍需人工核对描述、规格和材质
5,苏州天华超净科技股份有限公司,22906010 / 纸板单瓦130*85,22906010,1400,22906010,22906010,纸板单瓦130*85,1300×850×mm,124 80/75/80,35,35,4350,13464.00,2019/10/22 14:50:34,2026/4/1 8:14:19,prefix_unique,pending,同客户斜杠前编码唯一命中；仍需人工核对描述、规格和材质
5,苏州天华超净科技股份有限公司,21311297 / 中性白底蓝字内箱 MAX-6090WH,21311297,1500,21311297,21311297,中性白底蓝字内箱 MAX-6090WH,910×610×23mm,125 130白/95/55/115/155/BE,17,17,1960,13043.52,2022/2/9 12:15:54,2026/4/21 16:15:27,prefix_unique,pending,同客户斜杠前编码唯一命中；仍需人工核对描述、规格和材质
5,苏州天华超净科技股份有限公司,21311064 / 24*36白底蓝字 平方勿拆,21311064,574,21311064,21311064,24*36白底蓝字 平放勿折,935×620×270mm,125 130白/95/55/115/155/BE,3,3,1553,13033.15,2017/11/18 14:14:32,2018/6/15 14:41:01,prefix_unique,pending,同客户斜杠前编码唯一命中；仍需人工核对描述、规格和材质
5,苏州天华超净科技股份有限公司,21301907 / 中性白底蓝字内箱 MAX-6090BN60,21301907,1242,21301907,21301907,中性白底蓝字内箱 MAX-6090BN60,910×610×23mm,125 130白/95/55/115/155/BE,20,20,1960,13027.84,2022/2/9 12:15:36,2026/4/21 16:12:33,prefix_unique,pending,同客户斜杠前编码唯一命中；仍需人工核对描述、规格和材质
5,苏州天华超净科技股份有限公司,22000011 / 201A天华字样外箱,22000011,24,22000011,22000011,201A天华字样外箱,675×465×280mm,011 R515A,10,10,1600,12746.00,2016/12/26 15:29:33,2018/1/10 10:40:45,prefix_unique,pending,同客户斜杠前编码唯一命中；仍需人工核对描述、规格和材质
5,苏州天华超净科技股份有限公司,21302059 / 满衬板18*36 84*45.5,21302059,217,21302059,21302059,满衬板18*36 84*45.5,840×455×mm,124 80/75/80,35,35,11575,12622.05,2017/11/18 14:07:32,2026/6/3 15:16:29,prefix_unique,pending,同客户斜杠前编码唯一命中；仍需人工核对描述、规格和材质
5,苏州天华超净科技股份有限公司,21311303 / BM中性内盒26*45 115*47*2.1/2.3,21311303,1877,21311303,21311303,BM中性内盒26*45 115*47*2.1/2.3,1150×670×23mm,191 175/85/50/105/175,1,1,901,12325.68,2022/4/9 10:43:35,2022/4/9 10:43:35,prefix_unique,pending,同客户斜杠前编码唯一命中；仍需人工核对描述、规格和材质
5,苏州天华超净科技股份有限公司,21302040 / A356外用衬板18*46（45*60）,21302040,198,21302040,21302040,A356外用衬板18*46（45*60）,600×443×mm,174 105/125/105/B,177,177,8973,11814.39,2017/1/4 15:15:48,2026/6/10 15:41:54,prefix_unique,pending,同客户斜杠前编码唯一命中；仍需人工核对描述、规格和材质
5,苏州天华超净科技股份有限公司,21301256 / Ancltek内箱78*190,21301256,39,21301256,21301256,Ancltek内箱78*190,1910×790×30mm,118 155/115/55/135/155,165,165,728,11753.36,2016/12/27 13:53:11,2025/5/26 16:03:02,prefix_unique,pending,同客户斜杠前编码唯一命中；仍需人工核对描述、规格和材质
5,苏州天华超净科技股份有限公司,21302053 / 满衬板26*45,21302053,67,21302053,21302053,满衬板26*45,1120×635×mm,174 105/125/105/B,52,52,3605,11532.65,2016/12/24 15:53:16,2026/6/8 14:37:03,prefix_unique,pending,同客户斜杠前编码唯一命中；仍需人工核对描述、规格和材质
5,苏州天华超净科技股份有限公司,23201129 / 屏蔽袋纸箱17#64*55*12,23201129,2318,23201129,23201129,屏蔽袋纸箱17#64*55*12,650×545×110mm,111 175/105/50/125/130,8,8,1220,11398.10,2022/9/7 16:57:53,2025/1/3 10:16:33,prefix_unique,pending,同客户斜杠前编码唯一命中；仍需人工核对描述、规格和材质
5,苏州天华超净科技股份有限公司,21301027 / 中性内箱18*36THH10,21301027,162,21301027,21301027,中性内箱18*36THH10,916×454×24mm,126 105/105/80,59,59,3036,11308.50,2017/1/12 14:56:25,2026/4/24 7:56:21,prefix_unique,pending,同客户斜杠前编码唯一命中；仍需人工核对描述、规格和材质
5,苏州天华超净科技股份有限公司,21302063 / 满衬板36*36,21302063,209,21302063,21302063,满衬板36*36,910×840×mm,124 80/75/80,34,34,5864,11269.60,2019/10/12 14:40:09,2026/6/3 15:19:32,prefix_unique,pending,同客户斜杠前编码唯一命中；仍需人工核对描述、规格和材质
5,苏州天华超净科技股份有限公司,21301466 / A356专用包装箱36*46WW,21301466,205,21301466,21301466,A356专用包装箱36*46WW,1195×930×15mm,102 170俄/145/170俄/B,55,55,791,11261.48,2017/1/4 15:18:46,2026/6/10 15:40:19,prefix_unique,pending,同客户斜杠前编码唯一命中；仍需人工核对描述、规格和材质
5,苏州天华超净科技股份有限公司,21302073 / NAS满衬板60.5*91,21302073,94,21302073,21302073,NAS满衬板60.5*91,890×580×mm,013 C1C,9,9,7426,11213.26,2016/12/27 14:45:25,2017/8/31 10:26:38,prefix_unique,pending,同客户斜杠前编码唯一命中；仍需人工核对描述、规格和材质
5,苏州天华超净科技股份有限公司,10250197 / KD1002包装纸箱60.5*41*19,10250197,995,10250197,10250197,KD1002包装纸箱60.5*41*19,605×410×190mm,118 155/115/55/135/155,18,18,1750,11122.00,2018/10/16 15:34:42,2024/7/8 15:34:19,prefix_unique,pending,同客户斜杠前编码唯一命中；仍需人工核对描述、规格和材质
5,苏州天华超净科技股份有限公司,21301842 /中性内盒115*60,21301842,1074,21301842,21301842,中性内盒115*60,1165×615×28mm,156 150/85/50/105/150/BE,30,30,1269,10942.29,2018/5/26 10:36:38,2021/3/18 10:16:39,prefix_unique,pending,同客户斜杠前编码唯一命中；仍需人工核对描述、规格和材质
5,苏州天华超净科技股份有限公司,23101161 / 纸箱57*38*33,23101161,1576,23101161,23101161,纸箱57*38*33,570×380×330mm,011 R515A,1,1,1500,10425.00,2020/5/12 10:16:17,2020/5/12 10:16:17,prefix_unique,pending,同客户斜杠前编码唯一命中；仍需人工核对描述、规格和材质
5,苏州天华超净科技股份有限公司,21311253 / 韩国MEC白底蓝字600*450,21311253,705,21311253,21311253,韩国MEC白底蓝字内箱600*450,615×465×21mm,125 130白/95/55/115/155/BE,18,18,2361,10266.02,2017/7/14 18:02:20,2021/8/7 10:32:23,prefix_unique,pending,同客户斜杠前编码唯一命中；仍需人工核对描述、规格和材质
5,苏州天华超净科技股份有限公司,21302054 / 满衬板24*36,21302054,68,21302054,21302054,满衬板24*36,590×890×mm,174 105/125/105/B,71,71,4086,10103.20,2016/12/24 15:50:11,2026/5/20 15:58:40,prefix_unique,pending,同客户斜杠前编码唯一命中；仍需人工核对描述、规格和材质
5,苏州天华超净科技股份有限公司,22500089 / Honbest中性纸箱46*28*26,22500089,220,22500089,22500089,Honbest中性纸箱46*28*26,460×280×260mm,06 S6K,5,5,2500,10040.00,2017/1/5 16:48:12,2018/9/3 11:36:16,prefix_unique,pending,同客户斜杠前编码唯一命中；仍需人工核对描述、规格和材质
5,苏州天华超净科技股份有限公司,21301808 /E113用白底蓝字内盒36*60THH4,21301808,547,21301808,21301808,E113用白底蓝字内盒36*60THH4,1540×930×18mm,125 130白/95/55/115/155/BE,6,6,575,10016.50,2019/7/1 15:29:10,2021/7/15 15:47:33,prefix_unique,pending,同客户斜杠前编码唯一命中；仍需人工核对描述、规格和材质
5,苏州天华超净科技股份有限公司,21301850 / 白底黑字内箱60*90 日文印刷,21301850,294,21301850,21301850,白底黑字内箱60*90 日文印刷,935×620×25mm,127 130白/85/50/105/130,21,21,1384,10000.67,2017/2/10 14:15:30,2026/4/11 7:58:31,prefix_unique,pending,同客户斜杠前编码唯一命中；仍需人工核对描述、规格和材质
5,苏州天华超净科技股份有限公司,22906008 / 衬板130*150,22906008,630,22906008,22906008,衬板130*150,1500×1300×mm,124 80/75/80,32,32,1750,9960.50,2017/10/13 17:34:45,2026/1/12 16:13:33,prefix_unique,pending,同客户斜杠前编码唯一命中；仍需人工核对描述、规格和材质
5,苏州天华超净科技股份有限公司,21301828 / E113用白底蓝字内盒36*36,21301828,549,21301828,21301828,E113用白底蓝字内盒36*36,930×930×18mm,125 130白/95/55/115/155/BE,5,5,901,9949.13,2017/4/27 10:36:42,2022/3/31 10:26:20,prefix_unique,pending,同客户斜杠前编码唯一命中；仍需人工核对描述、规格和材质
5,苏州天华超净科技股份有限公司,21301205 / 白底黑字外箱18*24,21301205,98,21301205,21301205,白底黑字外箱18*24,635×485×185mm,127 130白/85/50/105/130,130,130,1236,9889.45,2016/12/27 14:52:52,2026/5/20 15:54:44,prefix_unique,pending,同客户斜杠前编码唯一命中；仍需人工核对描述、规格和材质
5,苏州天华超净科技股份有限公司,21311308/中性纸箱24*36,21311308,1954,21311308,21311308,中性纸箱24*36,925×620×80mm,146 150/105/50/125/130,25,25,806,9845.97,2021/10/19 10:35:27,2021/9/3 17:09:30,prefix_unique,pending,同客户斜杠前编码唯一命中；仍需人工核对描述、规格和材质
5,苏州天华超净科技股份有限公司,21302063 / 满衬板36*36（78*78）,21302063,209,21302063,21302063,满衬板36*36,910×840×mm,124 80/75/80,31,31,4753,9710.44,2017/1/4 15:26:36,2019/5/17 9:28:16,prefix_unique,pending,同客户斜杠前编码唯一命中；仍需人工核对描述、规格和材质
5,苏州天华超净科技股份有限公司,21301153 / 中性外箱92*180,21301153,296,21301153,21301153,中性外箱92*180,1830×950×190mm,118 155/115/55/135/155,162,162,335,9656.32,2017/10/21 17:17:05,2025/5/14 14:08:13,prefix_unique,pending,同客户斜杠前编码唯一命中；仍需人工核对描述、规格和材质
5,苏州天华超净科技股份有限公司,21302070 / 满衬板60.5*91,21302070,377,21302070,21302070,满衬板60.5*91,890×580×mm,014 C113C,14,14,4146,9607.38,2017/11/18 13:51:10,2018/1/5 17:21:44,prefix_unique,pending,同客户斜杠前编码唯一命中；仍需人工核对描述、规格和材质
5,苏州天华超净科技股份有限公司,23201016 / 包装纸箱525*455*150,23201016,1531,23201016,23201016,包装纸箱525*455*150,525×455×150mm,113 190/145/50/145/175,39,39,1691,9565.69,2022/1/11 14:33:44,2026/6/4 9:02:21,prefix_unique,pending,同客户斜杠前编码唯一命中；仍需人工核对描述、规格和材质
5,苏州天华超净科技股份有限公司,21302094 / 满衬板63.7*104,21302094,947,21302094,21302094,满衬板63.7*104,1040×635×mm,122 80/50/50/75/80,36,36,3361,9326.84,2018/7/11 8:55:34,2026/6/16 13:25:09,prefix_unique,pending,同客户斜杠前编码唯一命中；仍需人工核对描述、规格和材质
5,苏州天华超净科技股份有限公司,21302020 / A356内满衬板36*46（109.5*92）,21302020,201,21302020,21302020,A356内满衬板36*46（109.5*92）,1095×920×mm,103 105国产AA/105A/80A/B,97,97,1889,9296.34,2017/1/4 15:17:08,2026/6/10 15:41:01,prefix_unique,pending,同客户斜杠前编码唯一命中；仍需人工核对描述、规格和材质
5,苏州天华超净科技股份有限公司,22000002 / 002A外箱55*34*59,22000002,388,22000002,22000002,002A外箱55*34*59,545×335×585mm,155 150/105/50/125/105,11,11,1150,9211.50,2017/3/2 10:34:19,2022/4/19 16:51:05,prefix_unique,pending,同客户斜杠前编码唯一命中；仍需人工核对描述、规格和材质
5,苏州天华超净科技股份有限公司,21301635 / 白底黑字纸箱90*115,21301635,258,21301635,21301635,白底黑字纸箱90*115,1170×920×28mm,127 130白/85/50/105/130,21,21,716,9173.67,2017/1/12 15:05:55,2024/3/5 13:02:51,prefix_unique,pending,同客户斜杠前编码唯一命中；仍需人工核对描述、规格和材质
5,苏州天华超净科技股份有限公司,23201105 / 屏蔽袋用纸箱72.5*66.5*10,23201105,391,23201105,23201105,屏蔽袋用纸箱72.5*66.5*10,725×665×100mm,118 155/115/55/135/155,26,26,679,9130.84,2017/10/16 17:17:39,2026/1/12 8:35:30,prefix_unique,pending,同客户斜杠前编码唯一命中；仍需人工核对描述、规格和材质
5,苏州天华超净科技股份有限公司,21301058 / 白底蓝字内箱18*36,21301058,49,21301058,21301058,白底蓝字内箱18*36,935×470×25mm,127 130白/85/50/105/130,31,31,1462,9054.43,2017/1/3 11:02:55,2026/3/12 8:55:44,prefix_unique,pending,同客户斜杠前编码唯一命中；仍需人工核对描述、规格和材质
5,苏州天华超净科技股份有限公司,21311253 / 韩国MEC白底蓝字内箱600*450,21311253,705,21311253,21311253,韩国MEC白底蓝字内箱600*450,615×465×21mm,125 130白/95/55/115/155/BE,17,17,2200,8978.00,2021/12/20 16:57:00,2025/4/3 17:06:42,prefix_unique,pending,同客户斜杠前编码唯一命中；仍需人工核对描述、规格和材质
5,苏州天华超净科技股份有限公司,21301793 / 26*45 白底蓝字 平方勿拆,21301793,573,21301793,21301793,26*45 白底蓝字 平方勿拆,1150×660×21mm,125 130白/95/55/115/155/BE,8,8,1025,8941.60,2017/11/18 14:14:55,2022/7/19 14:15:24,prefix_unique,pending,同客户斜杠前编码唯一命中；仍需人工核对描述、规格和材质
5,苏州天华超净科技股份有限公司,21311063 / 中性内箱24*36BE侧印CC平放勿折,21311063,216,21311063,21311063,中性内箱24*36BE侧印CC平放勿折,935×620×25mm,129 190/135/55/135/155/BE,15,15,1205,8937.49,2017/11/23 16:31:26,2022/3/22 8:59:21,prefix_unique,pending,同客户斜杠前编码唯一命中；仍需人工核对描述、规格和材质
5,苏州天华超净科技股份有限公司,22500096 / honbest中性擦拭布纸箱,22500096,441,22500096,22500096,honbest 中性擦拭布纸箱,460×280×260mm,055 S561F/AB,1,1,1482,8892.00,2017/2/23 17:42:54,2017/2/23 17:42:54,prefix_unique,pending,同客户斜杠前编码唯一命中；仍需人工核对描述、规格和材质
5,苏州天华超净科技股份有限公司,23201063 / 屏蔽袋用纸箱60*46*10,23201063,341,23201063,23201063,屏蔽袋用纸箱60*46*10,600×460×100mm,010 K515R,21,21,1060,8755.35,2017/10/30 16:49:30,2020/5/7 9:15:04,prefix_unique,pending,同客户斜杠前编码唯一命中；仍需人工核对描述、规格和材质
5,苏州天华超净科技股份有限公司,21311021 / 中性内箱18*45THB10,21311021,168,21311021,21311021,中性内箱18*45THB10,1152×460×18mm,166 105/105/105/A,82,82,1901,8718.50,2017/1/11 10:09:51,2024/3/20 16:07:29,prefix_unique,pending,同客户斜杠前编码唯一命中；仍需人工核对描述、规格和材质
5,苏州天华超净科技股份有限公司,21301803 / E113用白底蓝字内盒18*45,21301803,548,21301803,21301803,E113用白底蓝字内盒18*45,1160×475×18mm,043 W515R,7,7,1000,8617.00,2017/11/18 14:08:04,2021/8/20 10:18:35,prefix_unique,pending,同客户斜杠前编码唯一命中；仍需人工核对描述、规格和材质
5,苏州天华超净科技股份有限公司,21311122 / 白底蓝字外箱24*36,21311122,90,21311122,21311122,白底蓝字外箱24*36,955×635×185mm,127 130白/85/50/105/130,57,57,652,8612.55,2016/12/27 14:07:45,2025/3/7 10:45:12,prefix_unique,pending,同客户斜杠前编码唯一命中；仍需人工核对描述、规格和材质
5,苏州天华超净科技股份有限公司,21311316 / 中性白底蓝字内盒（9200白）,21311316,2006,21311316,21311316,中性白底蓝字内盒（9200白）,910×610×28mm,129 190/135/55/135/155/BE,12,12,1237,8363.12,2022/11/17 16:36:32,2026/1/14 10:23:23,prefix_unique,pending,同客户斜杠前编码唯一命中；仍需人工核对描述、规格和材质
5,苏州天华超净科技股份有限公司,21301823 / 中性白底蓝字内盒MAX-6012WN,21301823,707,21301823,21301823,中性白底蓝字内盒MAX-6012WN,1210×610×23mm,125 130白/95/55/115/155/BE,16,16,896,8347.92,2017/12/12 9:20:39,2026/4/21 16:13:49,prefix_unique,pending,同客户斜杠前编码唯一命中；仍需人工核对描述、规格和材质
5,苏州天华超净科技股份有限公司,235BLB03C119    /            内纸箱,235BLB03C119,5,235BLB03C119,235BLB03C119,内纸箱,355×265×145mm,02 K7R,1,1,3600,8172.00,2016/12/23 14:20:29,2016/12/23 14:20:29,prefix_unique,pending,同客户斜杠前编码唯一命中；仍需人工核对描述、规格和材质
5,苏州天华超净科技股份有限公司,22000003 / 003A外箱55*39.5*63,22000003,389,22000003,22000003,003A外箱55*39.5*63,550×395×620mm,155 150/105/50/125/105,12,12,900,8170.50,2017/2/28 12:19:44,2022/4/18 8:52:45,prefix_unique,pending,同客户斜杠前编码唯一命中；仍需人工核对描述、规格和材质
5,苏州天华超净科技股份有限公司,23203105 / 内衬板58*18,23203105,2362,23203105,23203105,内衬板58*18,580×180×mm,122 80/50/50/75/80,21,21,14400,8152.00,2022/11/10 9:02:45,2026/6/8 14:39:33,prefix_unique,pending,同客户斜杠前编码唯一命中；仍需人工核对描述、规格和材质
5,苏州天华超净科技股份有限公司,21311160 / 白底蓝字内盒61*91.4,21311160,412,21311160,21311160,白底蓝字内盒61*91.4,935×630×18mm,03 W516R,15,15,991,8021.37,2017/11/9 10:35:10,2019/3/18 11:21:24,prefix_unique,pending,同客户斜杠前编码唯一命中；仍需人工核对描述、规格和材质
5,苏州天华超净科技股份有限公司,12101023 / 一次性防护口罩纸箱（常规）60*42*33,12101023,1570,12101023,12101023,一次性防护口罩纸箱（常规）60*42*33,600×420×330mm,011 R515A,1,1,1000,7820.00,2020/4/29 13:58:03,2020/4/29 13:58:03,prefix_unique,pending,同客户斜杠前编码唯一命中；仍需人工核对描述、规格和材质
5,苏州天华超净科技股份有限公司,23201038 / PE袋纸箱63*48*12,23201038,255,23201038,23201038,PE袋纸箱63*48*12,630×480×135mm,113 190/145/50/145/175,20,20,860,7712.40,2017/1/12 14:39:25,2022/7/26 13:50:47,prefix_unique,pending,同客户斜杠前编码唯一命中；仍需人工核对描述、规格和材质
5,苏州天华超净科技股份有限公司,23201053 / 屏蔽袋纸箱82.5*79*29,23201053,944,23201053,23201053,屏蔽袋纸箱82.5*79*12,825×790×120mm,137 240/125/50/125/130,20,20,407,7682.01,2018/12/10 9:46:52,2021/9/17 14:52:02,prefix_unique,pending,同客户斜杠前编码唯一命中；仍需人工核对描述、规格和材质
5,苏州天华超净科技股份有限公司,21301789 / 美国专用白底黑字纸箱拼版式36*60 8本装,21301789,350,21301789,21301789,美国专用白底黑字纸箱拼版式36*60 8本装,1530×920×20mm,183 175白/125/175/B,12,12,468,7664.58,2022/2/18 17:17:08,2026/1/16 9:27:59,prefix_unique,pending,同客户斜杠前编码唯一命中；仍需人工核对描述、规格和材质
5,苏州天华超净科技股份有限公司,21301851 / 白底黑字内箱18*36 日文印刷白色打钩,21301851,139,21301851,21301851,白底黑字内箱18*36 日文印刷白色打钩,935×470×25mm,127 130白/85/50/105/130,72,72,1292,7612.85,2017/10/10 14:57:02,2026/4/24 14:16:19,prefix_unique,pending,同客户斜杠前编码唯一命中；仍需人工核对描述、规格和材质
5,苏州天华超净科技股份有限公司,21301839 / NAS白底蓝字抽屉式内箱24*36,21301839,72,21301839,21301839,NAS白底蓝字抽屉式内箱24*36,925×620×8mm,039 W5R,4,4,1500,7605.00,2016/12/27 14:45:00,2017/8/31 10:25:55,prefix_unique,pending,同客户斜杠前编码唯一命中；仍需人工核对描述、规格和材质
5,苏州天华超净科技股份有限公司,235BLB03C119 / 内纸箱,235BLB03C119,5,235BLB03C119,235BLB03C119,内纸箱,355×265×145mm,02 K7R,4,4,3320,7536.40,2017/4/17 16:16:25,2017/6/8 15:37:14,prefix_unique,pending,同客户斜杠前编码唯一命中；仍需人工核对描述、规格和材质
5,苏州天华超净科技股份有限公司,21301789 /美国专用白底黑字纸箱拼版式36*60 8本装,21301789,350,21301789,21301789,美国专用白底黑字纸箱拼版式36*60 8本装,1530×920×20mm,183 175白/125/175/B,12,12,402,7416.15,2017/11/16 15:19:55,2021/1/7 11:07:14,prefix_unique,pending,同客户斜杠前编码唯一命中；仍需人工核对描述、规格和材质
5,苏州天华超净科技股份有限公司,21301887 / 24*36中性内盒,21301887,972,21301887,21301887,24*36中性内盒,935×620×25mm,129 190/135/55/135/155/BE,6,6,500,7344.00,2018/10/23 12:10:43,2019/8/23 14:04:02,prefix_unique,pending,同客户斜杠前编码唯一命中；仍需人工核对描述、规格和材质
5,苏州天华超净科技股份有限公司,23203102 / 35*40衬板,23203102,1924,23203102,23203102,35*40衬板,350×395×mm,124 80/75/80,18,18,19750,7305.00,2021/12/22 12:43:17,2025/6/13 17:42:16,prefix_unique,pending,同客户斜杠前编码唯一命中；仍需人工核对描述、规格和材质
5,苏州天华超净科技股份有限公司,21302051 / 满衬板36*60,21302051,351,21302051,21302051,满衬板36*60,1500×910×mm,174 105/125/105/B,26,26,1105,7266.40,2017/11/16 15:20:29,2026/3/25 9:18:00,prefix_unique,pending,同客户斜杠前编码唯一命中；仍需人工核对描述、规格和材质
5,苏州天华超净科技股份有限公司,21301808 /E113用白底蓝字内盒36*60,21301808,547,21301808,21301808,E113用白底蓝字内盒36*60THH4,1540×930×18mm,125 130白/95/55/115/155/BE,5,5,426,7199.92,2017/4/27 10:29:24,2019/6/15 15:22:18,prefix_unique,pending,同客户斜杠前编码唯一命中；仍需人工核对描述、规格和材质
5,苏州天华超净科技股份有限公司,21301328 / 中性外箱80*85,21301328,112,21301328,21301328,中性外箱80*85,885×835×190mm,146 150/105/50/125/130,68,68,433,7122.42,2016/12/27 15:49:08,2022/5/31 13:20:53,prefix_unique,pending,同客户斜杠前编码唯一命中；仍需人工核对描述、规格和材质
5,苏州天华超净科技股份有限公司,21301578 / 白底蓝字内箱648*800,21301578,330,21301578,21301578,白底蓝字内箱648*800,815×663×28mm,127 130白/85/50/105/130,27,27,945,7108.50,2017/11/8 10:29:24,2022/1/26 9:50:59,prefix_unique,pending,同客户斜杠前编码唯一命中；仍需人工核对描述、规格和材质
5,苏州天华超净科技股份有限公司,21301587 / 中性纸箱10*10cm,21301587,114,21301587,21301587,中性纸箱10*10cm,240×240×135mm,118 155/115/55/135/155,272,272,3611,7106.59,2016/12/27 15:52:04,2026/2/24 8:49:25,prefix_unique,pending,同客户斜杠前编码唯一命中；仍需人工核对描述、规格和材质
5,苏州天华超净科技股份有限公司,21301843 / 中性外箱115*60,21301843,1075,21301843,21301843,中性外箱115*60,1185×635×185mm,155 150/105/50/125/105,49,49,558,7104.91,2021/12/20 16:53:48,2026/3/5 15:49:03,prefix_unique,pending,同客户斜杠前编码唯一命中；仍需人工核对描述、规格和材质
5,苏州天华超净科技股份有限公司,21301510 / 中性外箱1m*0.9m,21301510,86,21301510,21301510,中性外箱1m*0.9m,1040×940×185mm,111 175/105/50/125/130,85,85,351,7063.86,2016/12/27 13:50:41,2025/7/23 7:39:27,prefix_unique,pending,同客户斜杠前编码唯一命中；仍需人工核对描述、规格和材质
5,苏州天华超净科技股份有限公司,23201052 / 屏蔽袋用纸箱415*295*200,23201052,293,23201052,23201052,屏蔽袋用纸箱415*295*200,415×295×200mm,113 190/145/50/145/175,41,41,1510,6959.30,2017/11/6 15:53:35,2026/5/27 14:50:45,prefix_unique,pending,同客户斜杠前编码唯一命中；仍需人工核对描述、规格和材质
5,苏州天华超净科技股份有限公司,235BLB03C120 / 外纸箱（Carton),235BLB03C120,4,235BLB03C120,235BLB03C120,外纸箱（Carton),555×375×315mm,010 K515R,6,6,980,6928.60,2017/3/10 15:22:40,2017/6/8 15:37:43,prefix_unique,pending,同客户斜杠前编码唯一命中；仍需人工核对描述、规格和材质
5,苏州天华超净科技股份有限公司,21301871 / NAS白底蓝字抽屉式内箱18*36,21301871,71,21301871,21301871,NAS白底蓝字抽屉式内箱18*36,925×470×8mm,039 W5R,7,7,1729,6898.71,2016/12/27 11:52:59,2017/8/31 10:23:47,prefix_unique,pending,同客户斜杠前编码唯一命中；仍需人工核对描述、规格和材质
5,苏州天华超净科技股份有限公司,21311220 / 中性内箱91.5*81.5*1.8,21311220,,,,,,,7,7,700,6775.00,2017/1/4 15:20:21,2018/8/8 9:25:09,prefix_no_match,pending,斜杠前编码未命中产品，需人工查找或后续建产品
5,苏州天华超净科技股份有限公司,21301865 / 白底黑字印日文白色打钩600*1200内盒,21301865,700,21301865,21301865,白底黑字印日文白色打钩600*1200内盒,1215×615×28mm,127 130白/85/50/105/130,54,54,734,6640.39,2017/7/14 11:24:12,2026/4/24 14:16:55,prefix_unique,pending,同客户斜杠前编码唯一命中；仍需人工核对描述、规格和材质
5,苏州天华超净科技股份有限公司,21302013 / 满衬板 56*43,21302013,104,21302013,21302013,满衬板 56*43,560×430×mm,124 80/75/80,155,155,9111,6608.10,2017/10/12 14:18:02,2026/5/9 15:43:19,prefix_unique,pending,同客户斜杠前编码唯一命中；仍需人工核对描述、规格和材质
5,苏州天华超净科技股份有限公司,21311121 / 白底蓝字内箱24*36,21311121,482,21311121,21311121,白底蓝字内盒24*36 THB10,935×620×21mm,127 130白/85/50/105/130,9,9,845,6557.20,2016/12/27 14:07:32,2017/8/10 7:46:27,prefix_unique,pending,同客户斜杠前编码唯一命中；仍需人工核对描述、规格和材质
5,苏州天华超净科技股份有限公司,21301674 / 白底黑字内箱45*90,21301674,56,21301674,21301674,白底黑字内箱45*90,935×470×25mm,127 130白/85/50/105/130,90,90,1090,6476.92,2016/12/27 10:46:49,2026/1/7 16:18:59,prefix_unique,pending,同客户斜杠前编码唯一命中；仍需人工核对描述、规格和材质
5,苏州天华超净科技股份有限公司,21311087/中性蓝字双瓦内盒24*36,21311087,940,21311087,21311087,中性蓝字双瓦内盒24*36,915×605×21mm,01 R516A,1,1,910,6415.50,2018/1/26 11:16:27,2018/1/26 11:16:27,prefix_unique,pending,同客户斜杠前编码唯一命中；仍需人工核对描述、规格和材质
5,苏州天华超净科技股份有限公司,21301644 / 中性纸箱60*76,21301644,315,21301644,21301644,中性纸箱60*76,780×620×90mm,011 R515A,19,19,616,6398.76,2017/11/25 10:20:48,2019/9/21 10:12:35,prefix_unique,pending,同客户斜杠前编码唯一命中；仍需人工核对描述、规格和材质
5,苏州天华超净科技股份有限公司,235BLB03C120   /     外纸箱（Carton),235BLB03C120,4,235BLB03C120,235BLB03C120,外纸箱（Carton),555×375×315mm,010 K515R,1,1,900,6363.00,2016/12/23 14:28:59,2016/12/23 14:28:59,prefix_unique,pending,同客户斜杠前编码唯一命中；仍需人工核对描述、规格和材质
5,苏州天华超净科技股份有限公司,21302049 / 满衬板36*36,21302049,8,21302049,21302049,满衬板36*36,890×910×mm,174 105/125/105/B,32,32,1690,6308.80,2016/12/24 15:54:33,2026/5/8 14:39:32,prefix_unique,pending,同客户斜杠前编码唯一命中；仍需人工核对描述、规格和材质
5,苏州天华超净科技股份有限公司,21302008 / 满衬板26*45,21302008,11,21302008,21302008,满衬板26*45,1140×650×mm,124 80/75/80,35,35,1891,6298.40,2017/1/2 14:07:17,2025/7/31 10:55:00,prefix_unique,pending,同客户斜杠前编码唯一命中；仍需人工核对描述、规格和材质
5,苏州天华超净科技股份有限公司,21301883 / NAS白底蓝字抽屉式内盒 18*45,21301883,754,21301883,21301883,NAS白底蓝字抽屉式内盒 18*45,1155×470×15mm,09 S6E,2,2,722,6274.18,2017/9/14 11:40:48,2018/1/26 16:51:49,prefix_unique,pending,同客户斜杠前编码唯一命中；仍需人工核对描述、规格和材质
5,苏州天华超净科技股份有限公司,21301140 / 中性外箱31*31*8.5,21301140,142,21301140,21301140,中性外箱31*31*8.5,315×315×90mm,118 155/115/55/135/155,173,173,2241,6045.72,2016/12/30 13:25:44,2026/1/29 16:14:25,prefix_unique,pending,同客户斜杠前编码唯一命中；仍需人工核对描述、规格和材质
5,苏州天华超净科技股份有限公司,236050002 / CartonBox 36*36*18,236050002,28,236050002,236050002,CartonBox 36*36*18,365×365×190mm,038 Y516Y,1,1,1000,6030.00,2016/12/26 17:31:36,2016/12/26 17:31:36,prefix_unique,pending,同客户斜杠前编码唯一命中；仍需人工核对描述、规格和材质
5,苏州天华超净科技股份有限公司,22500096 / honbest 中性擦拭布纸箱,22500096,441,22500096,22500096,honbest 中性擦拭布纸箱,460×280×260mm,055 S561F/AB,2,2,1000,6000.00,2017/3/22 11:02:22,2017/8/24 16:21:32,prefix_unique,pending,同客户斜杠前编码唯一命中；仍需人工核对描述、规格和材质
5,苏州天华超净科技股份有限公司,"22800001 / 白色纸箱8""56.5*28.5*43",22800001,55,22800001,22800001,"白色8""纸箱565*285*430",560×280×425mm,163 130白/105/50/125/150,8,8,850,5993.00,2017/10/17 16:16:30,2018/4/10 15:19:00,prefix_unique,pending,同客户斜杠前编码唯一命中；仍需人工核对描述、规格和材质
5,苏州天华超净科技股份有限公司,21311314/中性纸箱26*45 116*67*8,21311314,1999,21311314,21311314,中性纸箱26*45 116*67*8,1160×670×80mm,123 240/165/50/165/175,31,31,355,5970.50,2021/10/14 8:46:20,2021/9/4 8:10:35,prefix_unique,pending,同客户斜杠前编码唯一命中；仍需人工核对描述、规格和材质
5,苏州天华超净科技股份有限公司,21311309 / Ancltek内盒78*110,21311309,1981,21311309,21311309,Ancltek内盒78*110,1115×795×28mm,126 105/105/80,75,75,469,5875.53,2022/10/19 15:27:31,2025/5/7 16:37:08,prefix_unique,pending,同客户斜杠前编码唯一命中；仍需人工核对描述、规格和材质
5,苏州天华超净科技股份有限公司,21301862 / 白底黑字中性内盒450*900日文印刷蓝色打钩,21301862,668,21301862,21301862,白底黑字中性内盒450*900日文印刷蓝色打钩,915×465×28mm,127 130白/85/50/105/130,63,63,1051,5824.23,2017/10/13 11:22:43,2026/4/9 11:09:24,prefix_unique,pending,同客户斜杠前编码唯一命中；仍需人工核对描述、规格和材质
5,苏州天华超净科技股份有限公司,21311320 / 中性白底蓝字9200青60*120,21311320,2095,21311320,21311320,中性白底蓝字9200青60*120,1210×610×28mm,125 130白/95/55/115/155/BE,8,8,679,5795.72,2022/5/26 14:16:33,2025/3/29 14:01:11,prefix_unique,pending,同客户斜杠前编码唯一命中；仍需人工核对描述、规格和材质
5,苏州天华超净科技股份有限公司,21301907 / 中性白底蓝字内箱（MAX-6090BN60),21301907,1242,21301907,21301907,中性白底蓝字内箱 MAX-6090BN60,910×610×23mm,125 130白/95/55/115/155/BE,9,9,785,5770.34,2018/12/20 16:03:35,2021/8/7 10:27:12,prefix_unique,pending,同客户斜杠前编码唯一命中；仍需人工核对描述、规格和材质
5,苏州天华超净科技股份有限公司,21301855 / 白底黑字内箱60*120 日文字样白色打钩,21301855,138,21301855,21301855,白底黑字内箱60*120 日文字样白色打钩,1215×615×25mm,127 130白/85/50/105/130,50,50,631,5758.61,2017/1/19 9:05:57,2026/2/24 8:50:44,prefix_unique,pending,同客户斜杠前编码唯一命中；仍需人工核对描述、规格和材质
5,苏州天华超净科技股份有限公司,21301834 / 白底蓝字MAX-A60*90 BL,21301834,981,21301834,21301834,白底蓝字MAX-A60*90 BL,910×610×26mm,125 130白/95/55/115/155/BE,10,10,784,5690.72,2018/12/10 11:42:41,2026/4/21 16:12:06,prefix_unique,pending,同客户斜杠前编码唯一命中；仍需人工核对描述、规格和材质
5,苏州天华超净科技股份有限公司,21311119 / 白底蓝字内箱26*45THB10,21311119,235,21311119,21311119,白底蓝字内箱26*45THB8,1155×690×25mm,127 130白/85/50/105/130,12,12,509,5445.92,2017/1/7 14:58:40,2018/2/8 15:28:03,prefix_unique,pending,同客户斜杠前编码唯一命中；仍需人工核对描述、规格和材质
5,苏州天华超净科技股份有限公司,21301028 / 中性外箱18*36THH10,21301028,163,21301028,21301028,中性外箱18*36THH10,935×470×160mm,155 150/105/50/125/105,56,56,615,5418.26,2017/1/12 14:56:53,2026/4/24 7:56:39,prefix_unique,pending,同客户斜杠前编码唯一命中；仍需人工核对描述、规格和材质
5,苏州天华超净科技股份有限公司,22600035 / 三口离子风机外箱108*24*17,22600035,2299,22600035,22600035,三口离子风机外箱108*24*17,1080×240×170mm,113 190/145/50/145/175,4,4,800,5404.00,2022/12/29 10:13:54,2024/7/1 17:18:12,prefix_unique,pending,同客户斜杠前编码唯一命中；仍需人工核对描述、规格和材质
5,苏州天华超净科技股份有限公司,21301698 / 天华内箱39*45,21301698,306,21301698,21301698,天华内箱39*45,1160×1005×25mm,155 150/105/50/125/105,30,30,413,5389.36,2017/12/20 14:30:11,2025/2/5 10:11:44,prefix_unique,pending,同客户斜杠前编码唯一命中；仍需人工核对描述、规格和材质
5,苏州天华超净科技股份有限公司,23203079 / 内衬板58.5*47.5,23203079,530,23203079,23203079,内衬板58.5*47.5,585×475×mm,122 80/50/50/75/80,52,52,4532,5238.45,2017/11/8 10:22:30,2026/6/4 16:17:14,prefix_unique,pending,同客户斜杠前编码唯一命中；仍需人工核对描述、规格和材质
5,苏州天华超净科技股份有限公司,21311308 / 中性纸箱24*36,21311308,1954,21311308,21311308,中性纸箱24*36,925×620×80mm,146 150/105/50/125/130,18,18,450,5228.14,2021/12/22 12:44:29,2026/3/12 13:14:41,prefix_unique,pending,同客户斜杠前编码唯一命中；仍需人工核对描述、规格和材质
5,苏州天华超净科技股份有限公司,23203017 / 衬板87*66,23203017,438,23203017,23203017,衬板85*64,850×640×mm,122 80/50/50/75/80,17,17,2120,5203.40,2017/10/23 17:20:53,2017/9/24 7:45:04,prefix_unique,pending,同客户斜杠前编码唯一命中；仍需人工核对描述、规格和材质
5,苏州天华超净科技股份有限公司,22901005 / 中性纸箱380mm4支装31*31*42,22901005,215,22901005,22901005,中性纸箱380mm4支装31*31*42,305×305×415mm,146 150/105/50/125/130,19,19,1062,5006.44,2017/1/5 16:44:33,2026/4/1 8:13:47,prefix_unique,pending,同客户斜杠前编码唯一命中；仍需人工核对描述、规格和材质
5,苏州天华超净科技股份有限公司,21311297 / 中性白底蓝字内箱（MAX-6090WH）,21311297,1500,21311297,21311297,中性白底蓝字内箱 MAX-6090WH,910×610×23mm,125 130白/95/55/115/155/BE,5,5,672,4935.84,2019/12/12 11:05:02,2020/6/10 11:19:58,prefix_unique,pending,同客户斜杠前编码唯一命中；仍需人工核对描述、规格和材质
5,苏州天华超净科技股份有限公司,23201129 /屏蔽袋纸箱17#64*55*12,23201129,2318,23201129,23201129,屏蔽袋纸箱17#64*55*12,650×545×110mm,111 175/105/50/125/130,3,3,520,4863.20,2022/7/22 9:39:49,2022/8/8 11:16:25,prefix_unique,pending,同客户斜杠前编码唯一命中；仍需人工核对描述、规格和材质
5,苏州天华超净科技股份有限公司,21311094 / 白底蓝字内箱18*45THB10,21311094,430,21311094,21311094,白底蓝字内箱18*45THB10,1160×475×18mm,03 W516R,11,11,623,4686.76,2017/12/15 8:22:10,2020/9/28 9:37:31,prefix_unique,pending,同客户斜杠前编码唯一命中；仍需人工核对描述、规格和材质
5,苏州天华超净科技股份有限公司,22000001 / 001A外箱52*33*54.5,22000001,387,22000001,22000001,001A外箱52*33*54.5,520×330×545mm,155 150/105/50/125/105,9,9,650,4651.50,2017/3/2 10:33:43,2022/4/19 16:50:47,prefix_unique,pending,同客户斜杠前编码唯一命中；仍需人工核对描述、规格和材质
5,苏州天华超净科技股份有限公司,21301643 / 中性纸箱45*117,21301643,394,21301643,21301643,中性纸箱45*117,1180×460×95mm,011 R515A,11,11,487,4613.25,2017/11/25 10:19:51,2019/9/4 13:38:12,prefix_unique,pending,同客户斜杠前编码唯一命中；仍需人工核对描述、规格和材质
5,苏州天华超净科技股份有限公司,21302015 / 满衬板78*190,21302015,88,21302015,21302015,满衬板78*190,1820×780×mm,122 80/50/50/75/80,171,171,746,4532.04,2017/1/6 15:50:50,2025/5/26 16:04:02,prefix_unique,pending,同客户斜杠前编码唯一命中；仍需人工核对描述、规格和材质
5,苏州天华超净科技股份有限公司,21301825 / 中性白底蓝字内盒 MAX-6090WB,21301825,880,21301825,21301825,中性白底蓝字内盒 MAX-6090WB,910×610×23mm,125 130白/95/55/115/155/BE,11,11,672,4506.32,2022/11/17 16:39:01,2026/4/10 7:54:08,prefix_unique,pending,同客户斜杠前编码唯一命中；仍需人工核对描述、规格和材质
5,苏州天华超净科技股份有限公司,21301840 / NAS白底蓝字抽屉式内箱18*36,21301840,73,21301840,21301840,NAS白底蓝字抽屉式内箱18*36,925×470×8mm,039 W5R,7,7,1129,4504.71,2016/12/27 14:47:02,2017/8/31 10:22:39,prefix_unique,pending,同客户斜杠前编码唯一命中；仍需人工核对描述、规格和材质
5,苏州天华超净科技股份有限公司,21302024 / 满衬板45*117,21302024,395,21302024,21302024,满衬板45*117,,104 80国产A/75A/80国产A/B,15,15,2971,4455.14,2017/11/25 10:22:07,2023/12/6 15:09:21,prefix_unique,pending,同客户斜杠前编码唯一命中；仍需人工核对描述、规格和材质
5,苏州天华超净科技股份有限公司,23203103 / L型围板107*64*40,23203103,2363,23203103,23203103,L型围板107*64*40,1070×640×400mm,113 190/145/50/145/175,19,19,880,4443.10,2022/11/10 9:04:00,2026/5/28 15:33:29,prefix_unique,pending,同客户斜杠前编码唯一命中；仍需人工核对描述、规格和材质
5,苏州天华超净科技股份有限公司,21301752 / 中性内箱66*95,21301752,128,21301752,21301752,中性内箱66*95,960×670×25mm,126 105/105/80,48,48,585,4425.66,2016/12/30 9:55:35,2026/5/9 15:41:49,prefix_unique,pending,同客户斜杠前编码唯一命中；仍需人工核对描述、规格和材质
5,苏州天华超净科技股份有限公司,23203036 / 内衬板72*49,23203036,434,23203036,23203036,内衬板72*49,710×480×mm,014 C113C,11,11,2975,4343.50,2017/3/17 9:40:19,2017/9/13 17:34:30,prefix_unique,pending,同客户斜杠前编码唯一命中；仍需人工核对描述、规格和材质
5,苏州天华超净科技股份有限公司,21301641 / 中性内盒62.5*112,21301641,453,21301641,21301641,中性内盒62.5*112,1125×630×27mm,012 R5A,19,19,691,4322.48,2017/12/5 16:59:30,2019/9/3 9:37:47,prefix_unique,pending,同客户斜杠前编码唯一命中；仍需人工核对描述、规格和材质
5,苏州天华超净科技股份有限公司,23201124 / 屏蔽袋用纸箱48*68*11,23201124,1478,23201124,23201124,屏蔽袋用纸箱48*68*11,680×480×110mm,010 K515R,2,2,350,4301.50,2019/11/27 14:34:54,2019/12/3 9:30:15,prefix_unique,pending,同客户斜杠前编码唯一命中；仍需人工核对描述、规格和材质
5,苏州天华超净科技股份有限公司,21311031 / 中性内箱18*36THB8,21311031,320,21311031,21311031,中性内箱18*36THB8,925×460×15mm,126 105/105/80,65,65,1179,4273.71,2017/11/1 9:26:24,2026/6/8 14:38:32,prefix_unique,pending,同客户斜杠前编码唯一命中；仍需人工核对描述、规格和材质
5,苏州天华超净科技股份有限公司,21301858 / 白底黑字中性内盒450*900 ESD,21301858,943,21301858,21301858,白底黑字中性内盒450*900 ESD,935×470×28mm,127 130白/85/50/105/130,23,23,757,4264.47,2018/9/11 14:51:14,2026/4/24 14:16:36,prefix_unique,pending,同客户斜杠前编码唯一命中；仍需人工核对描述、规格和材质
5,苏州天华超净科技股份有限公司,21301938 / 中性内箱45*145,21301938,2205,21301938,21301938,中性内箱45*145,1465×465×25mm,126 105/105/80,27,27,523,4260.00,2022/10/19 15:30:16,2026/4/1 7:58:11,prefix_unique,pending,同客户斜杠前编码唯一命中；仍需人工核对描述、规格和材质
5,苏州天华超净科技股份有限公司,21301905 /E113白底蓝字24*36,21301905,,,,,,,1,1,500,4125.00,2019/3/4 9:09:39,2019/3/4 9:09:39,prefix_no_match,pending,斜杠前编码未命中产品，需人工查找或后续建产品
5,苏州天华超净科技股份有限公司,21311022 / 中性外箱18*45THB10,21311022,167,21311022,21311022,中性外箱18*45THB10,1170×470×134mm,155 150/105/50/125/105,65,65,407,4123.67,2017/1/3 11:40:38,2024/3/20 16:07:45,prefix_unique,pending,同客户斜杠前编码唯一命中；仍需人工核对描述、规格和材质
5,苏州天华超净科技股份有限公司,21311109 / 中性内箱24*36侧印CC平放勿折,21311109,314,21311109,21311109,中性内箱24*36BE侧印CC平放勿折,930×620×18mm,156 150/85/50/105/150/BE,2,2,551,3983.73,2017/2/10 14:25:27,2017/2/7 11:10:22,prefix_unique,pending,同客户斜杠前编码唯一命中；仍需人工核对描述、规格和材质
5,苏州天华超净科技股份有限公司,21302066 / 满衬板35*41 86*95,21302066,193,21302066,21302066,满衬板35*41,970×890×mm,122 80/50/50/75/80,8,8,1106,3945.92,2017/1/4 9:34:27,2017/9/7 16:42:24,prefix_unique,pending,同客户斜杠前编码唯一命中；仍需人工核对描述、规格和材质
5,苏州天华超净科技股份有限公司,23201123 / 屏蔽袋纸箱410*610*140,23201123,1397,23201123,23201123,屏蔽袋纸箱410*610*140,610×410×140mm,113 190/145/50/145/175,11,11,400,3940.00,2019/11/28 15:41:11,2024/5/25 7:52:04,prefix_unique,pending,同客户斜杠前编码唯一命中；仍需人工核对描述、规格和材质
5,苏州天华超净科技股份有限公司,21311326 / 白底蓝字内箱9100青,21311326,2260,21311326,21311326,白底蓝字内箱9100青,910×610×23mm,125 130白/95/55/115/155/BE,6,6,565,3932.40,2022/11/17 16:36:46,2026/4/10 7:55:21,prefix_unique,pending,同客户斜杠前编码唯一命中；仍需人工核对描述、规格和材质
5,苏州天华超净科技股份有限公司,21301197 / 中性内箱18*36THH8,21301197,319,21301197,21301197,中性内箱18*36THH8,925×460×18mm,126 105/105/80,30,30,1088,3929.65,2017/11/1 9:24:06,2026/1/12 11:17:47,prefix_unique,pending,同客户斜杠前编码唯一命中；仍需人工核对描述、规格和材质
5,苏州天华超净科技股份有限公司,21311315/中性白底蓝字内盒（9200青）,21311315,2005,21311315,21311315,中性白底蓝字内盒（9200青）,910×610×28mm,125 130白/95/55/115/155/BE,2,2,560,3897.60,2021/10/22 13:01:30,2021/8/7 10:36:57,prefix_unique,pending,同客户斜杠前编码唯一命中；仍需人工核对描述、规格和材质
5,苏州天华超净科技股份有限公司,21302025 / 满衬板60*76cm,21302025,317,21302025,21302025,满衬板60*76cm,665×590×mm,124 80/75/80,19,19,3140,3895.80,2017/11/25 10:22:39,2022/5/21 13:08:54,prefix_unique,pending,同客户斜杠前编码唯一命中；仍需人工核对描述、规格和材质
5,苏州天华超净科技股份有限公司,21302096 / 衬板72*44,21302096,997,21302096,21302096,衬板72*44,720×440×mm,013 C1C,7,7,2640,3865.50,2018/3/26 12:25:30,2019/9/4 13:39:19,prefix_unique,pending,同客户斜杠前编码唯一命中；仍需人工核对描述、规格和材质
5,苏州天华超净科技股份有限公司,21301027  / 中性内盒18*36,21301027,162,21301027,21301027,中性内箱18*36THH10,916×454×24mm,126 105/105/80,1,1,1000,3840.00,2017/3/15 8:14:26,2017/3/15 8:14:26,prefix_unique,pending,同客户斜杠前编码唯一命中；仍需人工核对描述、规格和材质
5,苏州天华超净科技股份有限公司,21301202 / 白底黑字外箱600*1200,21301202,663,21301202,21301202,白底黑字外箱600*1200,1225×625×185mm,127 130白/85/50/105/130,81,81,278,3811.68,2022/10/18 8:24:58,2026/5/19 14:01:55,prefix_unique,pending,同客户斜杠前编码唯一命中；仍需人工核对描述、规格和材质
5,苏州天华超净科技股份有限公司,21301860 / 白底黑字中性内箱60*120日文印刷ESD,21301860,1197,21301860,21301860,白底黑字中性内箱60*120日文印刷ESD,1210×610×25mm,127 130白/85/50/105/130,11,11,421,3810.60,2018/12/26 9:01:17,2026/2/24 8:54:48,prefix_unique,pending,同客户斜杠前编码唯一命中；仍需人工核对描述、规格和材质
5,苏州天华超净科技股份有限公司,21301854 / 白底黑字内箱24*36日文字样蓝色打钩,21301854,143,21301854,21301854,白底黑字内箱24*36日文印刷蓝色打钩,935×620×25mm,127 130白/85/50/105/130,2,2,462,3585.12,2016/12/30 13:48:35,2017/1/3 16:50:04,prefix_unique,pending,同客户斜杠前编码唯一命中；仍需人工核对描述、规格和材质
5,苏州天华超净科技股份有限公司,21301843 /中性外箱115*60,21301843,1075,21301843,21301843,中性外箱115*60,1185×635×185mm,155 150/105/50/125/105,31,31,250,3555.41,2018/5/26 10:37:38,2021/3/18 10:16:58,prefix_unique,pending,同客户斜杠前编码唯一命中；仍需人工核对描述、规格和材质
5,苏州天华超净科技股份有限公司,21301825/中性白底蓝字内盒MAX6090W,21301825,880,21301825,21301825,中性白底蓝字内盒 MAX-6090WB,910×610×23mm,125 130白/95/55/115/155/BE,8,8,448,3520.16,2017/12/12 9:31:41,2021/8/7 10:26:47,prefix_unique,pending,同客户斜杠前编码唯一命中；仍需人工核对描述、规格和材质
5,苏州天华超净科技股份有限公司,10250488 / 电源线内盒 29*9*5.5,10250488,244,10250488,10250488,电源线内盒 29*9*5.5,290×90×55mm,103 105国产AA/105A/80A/B,17,17,6250,3517.00,2017/1/9 15:22:05,2024/7/18 8:27:29,prefix_unique,pending,同客户斜杠前编码唯一命中；仍需人工核对描述、规格和材质
5,苏州天华超净科技股份有限公司,21302007 / 满衬板18*45 114*45cm,21302007,192,21302007,21302007,满衬板18*45 114*45cm,1140×350×mm,014 C113C,26,26,1547,3490.94,2017/1/11 9:48:24,2020/9/28 9:36:47,prefix_unique,pending,同客户斜杠前编码唯一命中；仍需人工核对描述、规格和材质
5,苏州天华超净科技股份有限公司,21301926 / E113用白底蓝字内箱36*60BLUE,21301926,1336,21301926,21301926,E113用白底蓝字内箱36*60BLUE,1540×930×15mm,01 R516A,1,1,200,3488.00,2019/6/27 14:53:54,2019/6/27 14:53:54,prefix_unique,pending,同客户斜杠前编码唯一命中；仍需人工核对描述、规格和材质
5,苏州天华超净科技股份有限公司,23203035 / 内衬板43*59,23203035,449,23203035,23203035,内衬板43*59,570×420×mm,014 C113C,17,17,3190,3361.00,2017/10/11 13:02:47,2018/5/14 14:21:46,prefix_unique,pending,同客户斜杠前编码唯一命中；仍需人工核对描述、规格和材质
5,苏州天华超净科技股份有限公司,23201129 / 屏蔽袋纸箱17TH64*55*12,23201129,2318,23201129,23201129,屏蔽袋纸箱17#64*55*12,650×545×110mm,111 175/105/50/125/130,2,2,350,3356.50,2022/11/16 8:54:17,2023/4/3 10:23:33,prefix_unique,pending,同客户斜杠前编码唯一命中；仍需人工核对描述、规格和材质
5,苏州天华超净科技股份有限公司,21302059 / 满衬板18*36 78*44.5,21302059,217,21302059,21302059,满衬板18*36 84*45.5,840×455×mm,124 80/75/80,12,12,3279,3344.58,2017/1/5 16:44:57,2017/8/22 17:10:15,prefix_unique,pending,同客户斜杠前编码唯一命中；仍需人工核对描述、规格和材质
5,苏州天华超净科技股份有限公司,21302072 / NAS满衬板42.2*91,21302072,93,21302072,21302072,NAS满衬板42.2*91,890×430×mm,013 C1C,9,9,2960,3315.20,2016/12/27 14:44:33,2017/8/31 10:24:21,prefix_unique,pending,同客户斜杠前编码唯一命中；仍需人工核对描述、规格和材质
5,苏州天华超净科技股份有限公司,21301060 / 白底蓝字内箱31*35,21301060,263,21301060,21301060,白底蓝字内箱31*35,900×800×30mm,03 W516R,15,15,329,3301.18,2017/1/12 15:10:47,2018/9/13 14:13:31,prefix_unique,pending,同客户斜杠前编码唯一命中；仍需人工核对描述、规格和材质
5,苏州天华超净科技股份有限公司,21301832 / 白底黑字内盒21*36,21301832,686,21301832,21301832,白底黑字内盒21*36,930×550×250mm,03 W516R,5,5,441,3297.82,2017/12/22 9:23:08,2019/8/16 9:14:59,prefix_unique,pending,同客户斜杠前编码唯一命中；仍需人工核对描述、规格和材质
5,苏州天华超净科技股份有限公司,21301633 / 白底黑字纸箱45*115,21301633,257,21301633,21301633,白底黑字纸箱45*115,1160×460×25mm,127 130白/85/50/105/130,24,24,508,3295.61,2017/1/12 15:04:44,2026/1/28 10:14:48,prefix_unique,pending,同客户斜杠前编码唯一命中；仍需人工核对描述、规格和材质
5,苏州天华超净科技股份有限公司,21311300 / 白底绿字抽屉式纸箱61.5*92*1.5,21311300,1802,21311300,21311300,白底绿字抽屉式纸箱61.5*92*1.5,615×920×15mm,011 R515A,1,1,500,3280.00,2020/12/18 12:45:18,2020/12/18 12:45:18,prefix_unique,pending,同客户斜杠前编码唯一命中；仍需人工核对描述、规格和材质
5,苏州天华超净科技股份有限公司,21301904/E113  18*36,21301904,,,,,,,1,1,501,3261.51,2019/3/4 9:09:10,2019/3/4 9:09:10,prefix_no_match,pending,斜杠前编码未命中产品，需人工查找或后续建产品
5,苏州天华超净科技股份有限公司,21302009 / 满衬板18*36,21302009,106,21302009,21302009,满衬板18*36,910×450×mm,122 80/50/50/75/80,25,25,1700,3244.33,2016/12/27 15:20:30,2023/3/13 16:40:20,prefix_unique,pending,同客户斜杠前编码唯一命中；仍需人工核对描述、规格和材质
5,苏州天华超净科技股份有限公司,22000008 /202A外箱,22000008,271,22000008,22000008,202A外箱,675×465×305mm,155 150/105/50/125/105,1,1,400,3244.00,2017/1/14 8:22:21,2017/1/14 8:22:21,prefix_unique,pending,同客户斜杠前编码唯一命中；仍需人工核对描述、规格和材质
5,苏州天华超净科技股份有限公司,21301914 / E113用白底蓝字内箱24*36BLUE,21301914,1324,21301914,21301914,E113用白底蓝字内箱24*36BLUE,930×625×15mm,01 R516A,1,1,401,3224.04,2019/6/27 14:52:04,2019/6/27 14:52:04,prefix_unique,pending,同客户斜杠前编码唯一命中；仍需人工核对描述、规格和材质
5,苏州天华超净科技股份有限公司,21311331 / 白底蓝字26*45侧印平方勿折,21311331,2317,21311331,21311331,白底蓝字26*45侧印平方勿折,1150×670×25mm,125 130白/95/55/115/155/BE,2,2,300,3168.00,2022/7/19 16:49:52,2025/1/20 8:28:31,prefix_unique,pending,同客户斜杠前编码唯一命中；仍需人工核对描述、规格和材质
5,苏州天华超净科技股份有限公司,21302099 / 满衬板26*45 65*113.5cm,21302099,1693,21302099,21302099,满衬板26*45 65*113.5cm,1135×650×mm,124 80/75/80,18,18,928,3155.20,2020/11/10 9:14:26,2022/6/16 10:18:20,prefix_unique,pending,同客户斜杠前编码唯一命中；仍需人工核对描述、规格和材质
5,苏州天华超净科技股份有限公司,22906011 / 纸板单瓦130*102,22906011,1595,22906011,22906011,纸板单瓦130*102,1300×1020×mm,124 80/75/80,12,12,880,3117.40,2020/6/10 10:59:12,2026/4/1 8:14:34,prefix_unique,pending,同客户斜杠前编码唯一命中；仍需人工核对描述、规格和材质
5,苏州天华超净科技股份有限公司,21301918 / E113用白底蓝字内箱,21301918,1328,21301918,21301918,E113用白底蓝字内箱26*45BLUE,1160×680×15mm,01 R516A,1,1,301,3115.35,2019/5/13 9:09:51,2019/5/13 9:09:51,prefix_unique,pending,同客户斜杠前编码唯一命中；仍需人工核对描述、规格和材质
5,苏州天华超净科技股份有限公司,235BLB07A120 / Carton纸箱42.5*30.5*39.5,235BLB07A120,555,235BLB07A120,235BLB07A120,Carton纸箱42.5*30.5*39.5,425×305×395mm,034 F515F,8,8,533,3102.06,2017/3/27 16:07:01,2017/8/8 16:07:26,prefix_unique,pending,同客户斜杠前编码唯一命中；仍需人工核对描述、规格和材质
5,苏州天华超净科技股份有限公司,21301059 / 白底蓝字外箱18*36,21301059,46,21301059,21301059,白底蓝字外箱18*36,,127 130白/85/50/105/130,32,32,308,3093.71,2017/1/3 11:02:27,2026/3/12 8:55:59,prefix_unique,pending,同客户斜杠前编码唯一命中；仍需人工核对描述、规格和材质
5,苏州天华超净科技股份有限公司,"22800005 / 白色10""纸箱56.5*28.5*28",22800005,195,22800005,22800005,"白色10""纸箱56.5*28.5*28",,127 130白/85/50/105/130,11,11,580,3087.80,2017/1/4 9:36:58,2024/1/10 9:47:03,prefix_unique,pending,同客户斜杠前编码唯一命中；仍需人工核对描述、规格和材质
5,苏州天华超净科技股份有限公司,21301887/24*36中性内盒,21301887,972,21301887,21301887,24*36中性内盒,935×620×25mm,129 190/135/55/135/155/BE,4,4,200,3008.00,2017/10/30 11:33:56,2018/3/21 14:31:39,prefix_unique,pending,同客户斜杠前编码唯一命中；仍需人工核对描述、规格和材质
5,苏州天华超净科技股份有限公司,21311338 / 白底黑字内箱SC-6090N,21311338,2369,21311338,21311338,白底黑字内箱SC-6090N,910×610×23mm,125 130白/95/55/115/155/BE,5,5,453,2972.33,2022/11/18 16:39:08,2026/4/21 16:09:49,prefix_unique,pending,同客户斜杠前编码唯一命中；仍需人工核对描述、规格和材质
5,苏州天华超净科技股份有限公司,21301786 / 美国专用白底黑字36*36  4本装,21301786,675,21301786,21301786,美国专用白底黑字36*36  4本装,920×920×15mm,09 S6E,2,2,241,2802.83,2017/6/19 15:47:52,2017/6/20 15:11:51,prefix_unique,pending,同客户斜杠前编码唯一命中；仍需人工核对描述、规格和材质
5,苏州天华超净科技股份有限公司,21302089 / 600*1200 衬板60*113,21302089,704,21302089,21302089,600*1200 衬板60*113,1130×600×mm,122 80/50/50/75/80,13,13,1050,2801.50,2021/12/9 11:02:53,2025/7/17 14:16:19,prefix_unique,pending,同客户斜杠前编码唯一命中；仍需人工核对描述、规格和材质
5,苏州天华超净科技股份有限公司,23203016 / 衬板90*75,23203016,496,23203016,23203016,衬板72*87,870×712×mm,122 80/50/50/75/80,13,13,990,2788.10,2017/10/23 17:19:51,2017/9/13 17:31:22,prefix_unique,pending,同客户斜杠前编码唯一命中；仍需人工核对描述、规格和材质
5,苏州天华超净科技股份有限公司,21301924 / E113用白底蓝字内箱,21301924,1334,21301924,21301924,E113用白底蓝字内箱36*45BLUE,1160×930×15mm,01 R516A,1,1,200,2748.00,2019/5/13 9:13:16,2019/5/13 9:13:16,prefix_unique,pending,同客户斜杠前编码唯一命中；仍需人工核对描述、规格和材质
5,苏州天华超净科技股份有限公司,21301924 / E113用白底蓝字内箱36*45BLUE,21301924,1334,21301924,21301924,E113用白底蓝字内箱36*45BLUE,1160×930×15mm,01 R516A,1,1,200,2748.00,2019/6/27 14:53:23,2019/6/27 14:53:23,prefix_unique,pending,同客户斜杠前编码唯一命中；仍需人工核对描述、规格和材质
5,苏州天华超净科技股份有限公司,21301932 / E113白底蓝字内箱36*45WHITE,21301932,1367,21301932,21301932,E113白底蓝字内箱36*45WHITE,1160×930×15mm,01 R516A,1,1,200,2748.00,2019/6/27 14:55:03,2019/6/27 14:55:03,prefix_unique,pending,同客户斜杠前编码唯一命中；仍需人工核对描述、规格和材质
5,苏州天华超净科技股份有限公司,21311147 / 白底蓝字内箱18*36,21311147,107,21311147,21311147,白底蓝字内箱18*36,925×460×18mm,03 W516R,2,2,432,2719.44,2016/12/27 15:22:26,2018/7/4 8:05:01,prefix_unique,pending,同客户斜杠前编码唯一命中；仍需人工核对描述、规格和材质
5,苏州天华超净科技股份有限公司,21301636 / 白底黑字内箱60*90印刷MADE IN CHINA R,21301636,718,21301636,21301636,白底黑字内箱60*90印刷MADE IN CHINA R,905×605×28mm,127 130白/85/50/105/130,10,10,366,2654.70,2017/8/12 13:53:51,2024/3/5 13:03:09,prefix_unique,pending,同客户斜杠前编码唯一命中；仍需人工核对描述、规格和材质
5,苏州天华超净科技股份有限公司,21311299 / 中性纸箱26*45灰色打钩,21311299,1744,21311299,21311299,中性纸箱26*45灰色打钩,1150×670×25mm,126 105/105/80,43,43,471,2641.43,2021/12/31 12:18:57,2026/4/24 14:19:52,prefix_unique,pending,同客户斜杠前编码唯一命中；仍需人工核对描述、规格和材质
5,苏州天华超净科技股份有限公司,21311161 / 白底蓝字外箱61*91.4,21311161,413,21311161,21311161,白底蓝字外箱61*91.4,950×645×140mm,03 W516R,17,17,200,2622.50,2017/11/9 10:35:37,2019/3/18 11:21:43,prefix_unique,pending,同客户斜杠前编码唯一命中；仍需人工核对描述、规格和材质
5,苏州天华超净科技股份有限公司,221302089 / 600*1200 衬板60*113,221302089,,,,,,,11,11,900,2615.50,2017/11/8 10:24:23,2021/8/7 10:30:50,prefix_no_match,pending,斜杠前编码未命中产品，需人工查找或后续建产品
5,苏州天华超净科技股份有限公司,21302042 / A356外用衬板36*46（91*60）,21302042,197,21302042,21302042,A356外用衬板36*46（91*60）,910×600×mm,167 175/145/175/B,95,95,952,2581.79,2017/1/4 15:15:19,2026/6/10 15:42:31,prefix_unique,pending,同客户斜杠前编码唯一命中；仍需人工核对描述、规格和材质
5,苏州天华超净科技股份有限公司,21301745 / 天华内盒990*380,21301745,526,21301745,21301745,天华内箱990*380,995×385×27mm,165 150/105/150/A,23,23,764,2566.19,2017/4/14 16:54:32,2021/7/20 7:52:13,prefix_unique,pending,同客户斜杠前编码唯一命中；仍需人工核对描述、规格和材质
5,苏州天华超净科技股份有限公司,21301579 / 白底蓝字外箱648*800,21301579,331,21301579,21301579,白底蓝字外箱648*800,835×683×185mm,127 130白/85/50/105/130,27,27,189,2565.80,2017/11/8 10:29:59,2022/1/26 9:51:12,prefix_unique,pending,同客户斜杠前编码唯一命中；仍需人工核对描述、规格和材质
5,苏州天华超净科技股份有限公司,21308003 / 衬板66*20,21308003,113,21308003,21308003,衬板66*20,660×200×mm,124 80/75/80,199,199,6402,2544.30,2016/12/27 15:50:23,2024/9/24 16:09:47,prefix_unique,pending,同客户斜杠前编码唯一命中；仍需人工核对描述、规格和材质
5,苏州天华超净科技股份有限公司,21301014 / Ancltek外箱18*45THH10,21301014,174,21301014,21301014,Ancltek外箱18*45THH10,1155×470×160mm,118 155/115/55/135/155,44,44,256,2481.82,2017/1/19 9:04:50,2024/3/1 15:29:33,prefix_unique,pending,同客户斜杠前编码唯一命中；仍需人工核对描述、规格和材质
5,苏州天华超净科技股份有限公司,21301914 / E113用白底蓝字内箱,21301914,1324,21301914,21301914,E113用白底蓝字内箱24*36BLUE,930×625×15mm,01 R516A,1,1,300,2412.00,2019/5/13 9:06:42,2019/5/13 9:06:42,prefix_unique,pending,同客户斜杠前编码唯一命中；仍需人工核对描述、规格和材质
5,苏州天华超净科技股份有限公司,21311274/24*36 C 抽屉式绿字印刷,21311274,827,21311274,21311274,卡其绿字抽屉式纸箱24*36,920×615×22mm,129 190/135/55/135/155/BE,1,1,300,2409.00,2017/10/26 11:32:14,2017/10/26 11:32:14,prefix_unique,pending,同客户斜杠前编码唯一命中；仍需人工核对描述、规格和材质
5,苏州天华超净科技股份有限公司,236050004 / CartonBox 36*31*35,236050004,29,236050004,236050004,CartonBox 36*31*35,365×315×360mm,038 Y516Y,1,1,300,2340.00,2016/12/26 17:30:46,2016/12/26 17:30:46,prefix_unique,pending,同客户斜杠前编码唯一命中；仍需人工核对描述、规格和材质
5,苏州天华超净科技股份有限公司,21311316/中性白底蓝字内盒（9200白）,21311316,2006,21311316,21311316,中性白底蓝字内盒（9200白）,910×610×28mm,129 190/135/55/135/155/BE,2,2,336,2338.56,2021/10/22 13:03:07,2021/8/7 10:38:29,prefix_unique,pending,同客户斜杠前编码唯一命中；仍需人工核对描述、规格和材质
5,苏州天华超净科技股份有限公司,10250523 / TH-004包装箱95.5*16*15.5,10250523,571,10250523,10250523,TH-004包装箱95.5*16*15.5,955×160×155mm,01 R516A,2,2,500,2335.00,2018/4/25 14:32:24,2018/5/30 10:07:01,prefix_unique,pending,同客户斜杠前编码唯一命中；仍需人工核对描述、规格和材质
5,苏州天华超净科技股份有限公司,21311073 / 白底蓝字内盒24*48,21311073,649,21311073,21311073,白底蓝字内盒24*48,,127 130白/85/50/105/130,6,6,254,2298.46,2017/6/8 15:34:59,2025/3/19 16:53:36,prefix_unique,pending,同客户斜杠前编码唯一命中；仍需人工核对描述、规格和材质
5,苏州天华超净科技股份有限公司,21301592 / 白底蓝字内箱120*70,21301592,2253,21301592,21301592,白底蓝字内箱120*70,1215×715×28mm,127 130白/85/50/105/130,19,19,213,2281.30,2017/1/6 15:44:16,2024/5/28 11:07:31,prefix_unique,pending,同客户斜杠前编码唯一命中；仍需人工核对描述、规格和材质
5,苏州天华超净科技股份有限公司,21312009/中信内盒26*45,21312009,,,,,,,6,6,410,2218.10,2025/2/21 16:16:21,2025/3/27 13:55:33,prefix_no_match,pending,斜杠前编码未命中产品，需人工查找或后续建产品
5,苏州天华超净科技股份有限公司,23201053 / 屏蔽袋纸箱82.5*79*12,23201053,944,23201053,23201053,屏蔽袋纸箱82.5*79*12,825×790×120mm,137 240/125/50/125/130,5,5,125,2213.80,2018/4/10 11:36:00,2022/9/23 14:13:55,prefix_unique,pending,同客户斜杠前编码唯一命中；仍需人工核对描述、规格和材质
5,苏州天华超净科技股份有限公司,21301868 / E113用白底蓝字内箱18*45侧印ITEM,21301868,720,21301868,21301868,E113用白底蓝字内箱18*45侧印ITEM,1160×475×15mm,03 W516R,2,2,300,2202.00,2017/8/12 13:54:11,2017/8/22 16:52:10,prefix_unique,pending,同客户斜杠前编码唯一命中；仍需人工核对描述、规格和材质
5,苏州天华超净科技股份有限公司,21301675 / 白底黑字外箱45*90,21301675,57,21301675,21301675,白底黑字外箱45*90,925×475×185mm,127 130白/85/50/105/130,91,91,220,2174.70,2016/12/27 10:51:38,2026/1/7 16:19:15,prefix_unique,pending,同客户斜杠前编码唯一命中；仍需人工核对描述、规格和材质
5,苏州天华超净科技股份有限公司,23201016/包装纸箱525*455*150,23201016,1531,23201016,23201016,包装纸箱525*455*150,525×455×150mm,113 190/145/50/145/175,10,10,355,2165.05,2020/12/1 11:15:51,2021/8/5 14:10:14,prefix_unique,pending,同客户斜杠前编码唯一命中；仍需人工核对描述、规格和材质
5,苏州天华超净科技股份有限公司,21301025 / 中性内箱18*45THH10,21301025,178,21301025,21301025,中性内箱18*45THH10,,126 105/105/80,35,35,497,2159.77,2017/1/3 11:45:30,2026/5/19 14:00:27,prefix_unique,pending,同客户斜杠前编码唯一命中；仍需人工核对描述、规格和材质
5,苏州天华超净科技股份有限公司,21311221 / 中性外箱93.5*83.5*14.5,21311221,,,,,,,6,6,120,2075.40,2017/1/4 15:20:31,2018/4/17 15:29:20,prefix_no_match,pending,斜杠前编码未命中产品，需人工查找或后续建产品
5,苏州天华超净科技股份有限公司,21301642 / 中性外箱62.5*112,21301642,455,21301642,21301642,中性外箱62.5*112,1145×650×160mm,01 R516A,19,19,139,2073.65,2017/12/5 17:00:06,2019/9/3 9:38:00,prefix_unique,pending,同客户斜杠前编码唯一命中；仍需人工核对描述、规格和材质
5,苏州天华超净科技股份有限公司,21301836 / 白底蓝字抽屉式内盒24*36WHITE,21301836,518,21301836,21301836,NAS白底蓝字抽屉式内盒24*36WHITE,925×620×15mm,09 S6E,2,2,251,2060.71,2017/4/14 13:06:32,2017/8/22 17:34:26,prefix_unique,pending,同客户斜杠前编码唯一命中；仍需人工核对描述、规格和材质
5,苏州天华超净科技股份有限公司,21302062 / 满衬板26*45.101*65,21302062,123,21302062,21302062,满衬板26*45.107.5*66,1075×660×mm,124 80/75/80,9,9,1061,2037.12,2016/12/30 9:45:46,2017/7/4 14:45:32,prefix_unique,pending,同客户斜杠前编码唯一命中；仍需人工核对描述、规格和材质
5,苏州天华超净科技股份有限公司,21311098 / 中性纸箱24*30,21311098,116,21311098,21311098,中性纸箱24*30,350×260×110mm,118 155/115/55/135/155,213,213,853,1994.64,2016/12/28 9:11:36,2025/11/20 13:09:57,prefix_unique,pending,同客户斜杠前编码唯一命中；仍需人工核对描述、规格和材质
5,苏州天华超净科技股份有限公司,21301699 / 天华外箱39*45,21301699,305,21301699,21301699,天华外箱39*45,1180×1025×185mm,155 150/105/50/125/105,29,29,81,1984.33,2017/12/20 14:30:40,2025/2/5 10:11:58,prefix_unique,pending,同客户斜杠前编码唯一命中；仍需人工核对描述、规格和材质
5,苏州天华超净科技股份有限公司,21302098 / 90*120 衬板89*113.5,21302098,1357,21302098,21302098,90*120 衬板89*113.5,1135×890×mm,122 80/50/50/75/80,8,8,430,1935.00,2021/12/20 16:56:43,2025/2/20 8:49:13,prefix_unique,pending,同客户斜杠前编码唯一命中；仍需人工核对描述、规格和材质
5,苏州天华超净科技股份有限公司,21302100 / 满衬板24*36 59.5*90cm,21302100,1842,21302100,21302100,满衬板24*36 59.5*90cm,900×595×mm,124 80/75/80,13,13,780,1918.80,2020/12/30 11:00:36,2022/6/16 10:18:34,prefix_unique,pending,同客户斜杠前编码唯一命中；仍需人工核对描述、规格和材质
5,苏州天华超净科技股份有限公司,21301911 / E113用白底蓝字内箱18*36BLUE,21301911,1321,21301911,21301911,E113用白底蓝字内箱18*36BLUE,930×475×15mm,01 R516A,1,1,300,1902.00,2019/6/27 14:51:34,2019/6/27 14:51:34,prefix_unique,pending,同客户斜杠前编码唯一命中；仍需人工核对描述、规格和材质
5,苏州天华超净科技股份有限公司,21302002 / 满衬板110*83.5,21302002,259,21302002,21302002,满衬板110*83.5,1100×825×mm,124 80/75/80,22,22,742,1892.20,2017/1/12 15:07:20,2024/3/5 13:03:44,prefix_unique,pending,同客户斜杠前编码唯一命中；仍需人工核对描述、规格和材质
5,苏州天华超净科技股份有限公司,21301202 /白底黑字外箱600*1200,21301202,663,21301202,21301202,白底黑字外箱600*1200,1225×625×185mm,127 130白/85/50/105/130,59,59,125,1888.58,2017/11/18 13:46:27,2022/1/7 11:28:44,prefix_unique,pending,同客户斜杠前编码唯一命中；仍需人工核对描述、规格和材质
5,苏州天华超净科技股份有限公司,23201104 / 屏蔽袋用纸箱66.5*42.5*13.5,23201104,390,23201104,23201104,屏蔽袋用纸箱66.5*42.5*13.5,665×425×135mm,011 R515A,10,10,227,1882.39,2017/10/16 17:17:17,2017/8/26 10:00:49,prefix_unique,pending,同客户斜杠前编码唯一命中；仍需人工核对描述、规格和材质
5,苏州天华超净科技股份有限公司,21302094/满衬板63.7*104,21302094,947,21302094,21302094,满衬板63.7*104,1040×635×mm,122 80/50/50/75/80,1,1,584,1868.80,2018/2/6 16:00:29,2018/2/6 16:00:29,prefix_unique,pending,同客户斜杠前编码唯一命中；仍需人工核对描述、规格和材质
5,苏州天华超净科技股份有限公司,10250594/TH03W 纸箱66*14.5*12.5,10250594,,,,,,,1,1,500,1830.00,2018/7/25 17:34:47,2018/7/25 17:34:47,prefix_no_match,pending,斜杠前编码未命中产品，需人工查找或后续建产品
5,苏州天华超净科技股份有限公司,21311032 / 中性外箱18*36THB8,21311032,322,21311032,21311032,中性外箱18*36THB8,935×470×120mm,155 150/105/50/125/105,58,58,223,1804.49,2017/11/1 9:26:59,2026/6/8 14:39:09,prefix_unique,pending,同客户斜杠前编码唯一命中；仍需人工核对描述、规格和材质
5,苏州天华超净科技股份有限公司,23201129/17#纸箱54*55*11,23201129,2318,23201129,23201129,屏蔽袋纸箱17#64*55*12,650×545×110mm,111 175/105/50/125/130,1,1,200,1778.00,2022/7/15 8:44:40,2022/7/15 8:44:40,prefix_unique,pending,同客户斜杠前编码唯一命中；仍需人工核对描述、规格和材质
5,苏州天华超净科技股份有限公司,21301028  / 中性外箱18*36 95*49*16,21301028,163,21301028,21301028,中性外箱18*36THH10,935×470×160mm,155 150/105/50/125/105,1,1,200,1752.00,2017/3/15 8:15:42,2017/3/15 8:15:42,prefix_unique,pending,同客户斜杠前编码唯一命中；仍需人工核对描述、规格和材质
5,苏州天华超净科技股份有限公司,21301926 / E113用白底蓝字内箱,21301926,1336,21301926,21301926,E113用白底蓝字内箱36*60BLUE,1540×930×15mm,01 R516A,1,1,100,1744.00,2019/5/13 9:14:23,2019/5/13 9:14:23,prefix_unique,pending,同客户斜杠前编码唯一命中；仍需人工核对描述、规格和材质
5,苏州天华超净科技股份有限公司,21301927 / E113白底蓝字内箱,21301927,1337,21301927,21301927,E113用白底蓝字内箱36*60WHITE,1540×930×15mm,01 R516A,1,1,100,1744.00,2019/5/13 9:15:43,2019/5/13 9:15:43,prefix_unique,pending,同客户斜杠前编码唯一命中；仍需人工核对描述、规格和材质
5,苏州天华超净科技股份有限公司,21301927 / E113白底蓝字内箱36*60WHITE,21301927,1337,21301927,21301927,E113用白底蓝字内箱36*60WHITE,1540×930×15mm,01 R516A,1,1,100,1744.00,2019/6/27 14:54:09,2019/6/27 14:54:09,prefix_unique,pending,同客户斜杠前编码唯一命中；仍需人工核对描述、规格和材质
5,苏州天华超净科技股份有限公司,21301776/美国专用白底黑字24*36 4本,21301776,838,21301776,21301776,美国专用白底黑字24*36 4本,920×605×15mm,183 175白/125/175/B,6,6,314,1735.08,2017/11/30 16:55:04,2021/2/19 15:00:10,prefix_unique,pending,同客户斜杠前编码唯一命中；仍需人工核对描述、规格和材质
5,苏州天华超净科技股份有限公司,23203102/35*40衬板,23203102,1924,23203102,23203102,35*40衬板,350×395×mm,124 80/75/80,6,6,4500,1710.00,2021/11/18 17:40:20,2021/9/22 13:46:46,prefix_unique,pending,同客户斜杠前编码唯一命中；仍需人工核对描述、规格和材质
5,苏州天华超净科技股份有限公司,21311306 / 中性内盒180*60,21311306,1948,21311306,21311306,中性内盒180*60,1820×620×25mm,146 150/105/50/125/130,3,3,131,1702.42,2022/12/12 14:19:46,2025/10/15 9:45:13,prefix_unique,pending,同客户斜杠前编码唯一命中；仍需人工核对描述、规格和材质
5,苏州天华超净科技股份有限公司,21311113 / 白底蓝字外箱18*45THB10,21311113,431,21311113,21311113,白底蓝字外箱18*45THB10,1165×485×145mm,03 W516R,15,15,150,1674.69,2017/12/15 8:22:44,2020/9/28 9:37:56,prefix_unique,pending,同客户斜杠前编码唯一命中；仍需人工核对描述、规格和材质
5,苏州天华超净科技股份有限公司,23203106 / MBB袋用盖板 1080*640*7,23203106,2378,23203106,23203106,MBB袋用盖板 1080*640*7,1080×640×mm,122 80/50/50/75/80,16,16,485,1665.75,2022/12/6 8:56:03,2026/5/28 15:32:57,prefix_unique,pending,同客户斜杠前编码唯一命中；仍需人工核对描述、规格和材质
5,苏州天华超净科技股份有限公司,21301753 / 中性外箱66*95,21301753,129,21301753,21301753,中性外箱66*95,975×685×185mm,113 190/145/50/145/175,49,49,119,1636.26,2016/12/30 11:22:13,2026/5/9 15:42:10,prefix_unique,pending,同客户斜杠前编码唯一命中；仍需人工核对描述、规格和材质
5,苏州天华超净科技股份有限公司,21311120 / 白底蓝字外箱26*45THB10,21311120,236,21311120,21311120,白底蓝字外箱26*45THB8,1175×690×180mm,127 130白/85/50/105/130,11,11,93,1623.68,2017/1/7 14:58:52,2018/2/8 15:28:23,prefix_unique,pending,同客户斜杠前编码唯一命中；仍需人工核对描述、规格和材质
5,苏州天华超净科技股份有限公司,21302058 / PD用满衬板64*112,21302058,221,21302058,21302058,PD用满衬板26*45 64*112cm,1120×640×mm,124 80/75/80,1,1,828,1614.60,2022/1/21 14:41:24,2022/1/21 14:41:24,prefix_unique,pending,同客户斜杠前编码唯一命中；仍需人工核对描述、规格和材质
5,苏州天华超净科技股份有限公司,21301915 / E113用白底蓝字内箱,21301915,1325,21301915,21301915,E113用白底蓝字内箱24*36WHITE,930×625×15mm,01 R516A,1,1,200,1608.00,2019/5/13 9:07:26,2019/5/13 9:07:26,prefix_unique,pending,同客户斜杠前编码唯一命中；仍需人工核对描述、规格和材质
5,苏州天华超净科技股份有限公司,21311273/24*36抽屉式绿字印刷,21311273,,,,,,,1,1,200,1606.00,2017/10/26 11:05:50,2017/10/26 11:05:50,prefix_no_match,pending,斜杠前编码未命中产品，需人工查找或后续建产品
5,苏州天华超净科技股份有限公司,23201051 / 屏蔽袋纸箱（150*200）,23201051,753,23201051,23201051,屏蔽袋纸箱（150*200）,330×230×230mm,011 R515A,16,16,424,1595.94,2017/9/11 14:59:31,2020/8/18 15:18:41,prefix_unique,pending,同客户斜杠前编码唯一命中；仍需人工核对描述、规格和材质
5,苏州天华超净科技股份有限公司,23201094 / 屏蔽袋纸箱475*330*195,23201094,628,23201094,23201094,屏蔽袋纸箱515*370*195,515×370×195mm,010 K515R,11,11,267,1594.57,2018/11/28 9:52:58,2020/2/21 16:37:13,prefix_unique,pending,同客户斜杠前编码唯一命中；仍需人工核对描述、规格和材质
5,苏州天华超净科技股份有限公司,23201094 / 屏蔽袋纸箱51.5*38.5*22,23201094,628,23201094,23201094,屏蔽袋纸箱515*370*195,515×370×195mm,010 K515R,4,4,203,1589.14,2017/11/30 8:10:10,2018/6/26 9:48:27,prefix_unique,pending,同客户斜杠前编码唯一命中；仍需人工核对描述、规格和材质
5,苏州天华超净科技股份有限公司,21311293 / 中性内箱85*65,21311293,1011,21311293,21311293,中性内箱85*65,865×665×22mm,01 R516A,8,8,200,1584.20,2018/10/19 13:21:13,2019/4/12 12:24:47,prefix_unique,pending,同客户斜杠前编码唯一命中；仍需人工核对描述、规格和材质
5,苏州天华超净科技股份有限公司,21301781 / 美国专用白底蓝字纸箱拼版式18*45 8本装,21301781,349,21301781,21301781,美国专用白底蓝字纸箱拼版式18*45 8本装,1146×455×20mm,183 175白/125/175/B,4,4,240,1572.60,2022/5/21 11:01:55,2026/2/2 14:34:03,prefix_unique,pending,同客户斜杠前编码唯一命中；仍需人工核对描述、规格和材质
5,苏州天华超净科技股份有限公司,21301808 / E113用白底蓝字内盒36*60THH4,21301808,547,21301808,21301808,E113用白底蓝字内盒36*60THH4,1540×930×18mm,125 130白/95/55/115/155/BE,1,1,100,1568.00,2022/3/31 10:29:55,2022/3/31 10:29:55,prefix_unique,pending,同客户斜杠前编码唯一命中；仍需人工核对描述、规格和材质
5,苏州天华超净科技股份有限公司,23203009 / 内衬板52*42,23203009,345,23203009,23203009,内衬板52*42,520×420×mm,014 C113C,10,10,520,1567.80,2017/10/23 17:24:47,2018/1/24 12:15:11,prefix_unique,pending,同客户斜杠前编码唯一命中；仍需人工核对描述、规格和材质
5,苏州天华超净科技股份有限公司,23201028 /屏蔽袋纸箱88*67*11,23201028,437,23201028,23201028,屏蔽袋纸箱88*67*11,880×670×110mm,145 240/105/50/125/150,1,1,100,1558.00,2017/2/17 16:38:23,2017/2/17 16:38:23,prefix_unique,pending,同客户斜杠前编码唯一命中；仍需人工核对描述、规格和材质
5,苏州天华超净科技股份有限公司,21311184 / 中性内箱21*21,21311184,270,21311184,21311184,中性内箱21*21,548×548×18mm,011 R515A,11,11,340,1542.10,2017/9/21 17:54:11,2021/4/17 8:27:05,prefix_unique,pending,同客户斜杠前编码唯一命中；仍需人工核对描述、规格和材质
5,苏州天华超净科技股份有限公司,21311077 / 中性内箱18*36侧印CC平放勿折,21311077,312,21311077,21311077,中性内箱18*36侧印CC平放勿折,925×460×18mm,015 R315A,4,4,250,1521.00,2017/11/23 16:32:41,2023/3/13 16:39:39,prefix_unique,pending,同客户斜杠前编码唯一命中；仍需人工核对描述、规格和材质
5,苏州天华超净科技股份有限公司,23101130 / 纸箱53*37*17,23101130,1186,23101130,23101130,纸箱53*37*17,530×370×170mm,038 Y516Y,4,4,210,1514.70,2018/10/18 8:28:23,2019/1/18 11:58:31,prefix_unique,pending,同客户斜杠前编码唯一命中；仍需人工核对描述、规格和材质
5,苏州天华超净科技股份有限公司,21302091 / NAS 18*45衬板44.7*108,21302091,755,21302091,21302091,NAS 18*45衬板44.7*108,1080×447×mm,013 C1C,7,7,938,1473.40,2017/12/9 11:16:06,2020/8/13 9:35:23,prefix_unique,pending,同客户斜杠前编码唯一命中；仍需人工核对描述、规格和材质
5,苏州天华超净科技股份有限公司,21301746 / 天华外箱990*380,21301746,527,21301746,21301746,天华外箱990*380,1025×415×160mm,146 150/105/50/125/130,28,28,185,1427.86,2017/4/14 16:55:49,2022/9/30 7:51:15,prefix_unique,pending,同客户斜杠前编码唯一命中；仍需人工核对描述、规格和材质
5,苏州天华超净科技股份有限公司,21301861 / 白底黑字中性内箱（45*90）,21301861,1216,21301861,21301861,白底黑字中性内箱（45*90）,915×465×25mm,127 130白/85/50/105/130,33,33,255,1411.02,2018/10/12 10:45:08,2026/4/9 11:09:03,prefix_unique,pending,同客户斜杠前编码唯一命中；仍需人工核对描述、规格和材质
5,苏州天华超净科技股份有限公司,10250315 / 直流离子风棒纸箱,10250315,1899,10250315,10250315,直流离子风棒纸箱,1115×75×120mm,146 150/105/50/125/130,3,3,300,1410.00,2021/12/9 15:22:50,2022/9/22 14:36:07,prefix_unique,pending,同客户斜杠前编码唯一命中；仍需人工核对描述、规格和材质
5,苏州天华超净科技股份有限公司,23201127 / 屏蔽袋55*50*50,23201127,2274,23201127,23201127,屏蔽袋纸箱55*50*50,545×495×495mm,113 190/145/50/145/175,1,1,100,1410.00,2022/4/25 12:34:00,2022/4/25 12:34:00,prefix_unique,pending,同客户斜杠前编码唯一命中；仍需人工核对描述、规格和材质
5,苏州天华超净科技股份有限公司,21302011 / 满衬板107.5*60,21302011,1305,21302011,21302011,满衬板107.5*60,,126 105/105/80,6,6,775,1409.05,2019/4/1 9:42:59,2026/3/20 15:08:58,prefix_unique,pending,同客户斜杠前编码唯一命中；仍需人工核对描述、规格和材质
5,苏州天华超净科技股份有限公司,21311255 / 中性内箱60*40,21311255,717,21311255,21311255,中性内箱60*40,615×415×15mm,126 105/105/80,41,41,375,1403.05,2017/10/26 10:45:36,2021/9/17 14:50:55,prefix_unique,pending,同客户斜杠前编码唯一命中；仍需人工核对描述、规格和材质
5,苏州天华超净科技股份有限公司,23201120 / 屏蔽袋用纸箱32*20*24,23201120,1293,23201120,23201120,屏蔽袋用纸箱32*20*24,320×200×240mm,010 K515R,2,2,361,1374.35,2019/3/11 10:04:42,2019/6/25 10:04:56,prefix_unique,pending,同客户斜杠前编码唯一命中；仍需人工核对描述、规格和材质
5,苏州天华超净科技股份有限公司,21301925 / E113用白底蓝字内箱,21301925,1335,21301925,21301925,E113用白底蓝字内箱36*45GREY,1160×930×15mm,01 R516A,1,1,100,1374.00,2019/5/13 9:14:00,2019/5/13 9:14:00,prefix_unique,pending,同客户斜杠前编码唯一命中；仍需人工核对描述、规格和材质
5,苏州天华超净科技股份有限公司,21301925 / E113用白底蓝字内箱36*45GRAY,21301925,1335,21301925,21301925,E113用白底蓝字内箱36*45GREY,1160×930×15mm,01 R516A,1,1,100,1374.00,2019/6/27 14:53:40,2019/6/27 14:53:40,prefix_unique,pending,同客户斜杠前编码唯一命中；仍需人工核对描述、规格和材质
5,苏州天华超净科技股份有限公司,21311275/中性内盒63*63cm64.5*64.5*2.3,21311275,809,21311275,21311275,中性内箱63*63cm,645×645×23mm,129 190/135/55/135/155/BE,20,20,231,1371.37,2017/10/31 13:21:42,2021/4/20 8:05:40,prefix_unique,pending,同客户斜杠前编码唯一命中；仍需人工核对描述、规格和材质
5,苏州天华超净科技股份有限公司,21311250 / PURUS 36*45 3645 64 B,21311250,606,21311250,21311250,PURUS 36*45 3645 64 B,1160×930×18mm,09 S6E,2,2,107,1366.39,2017/5/26 6:44:20,2017/6/20 13:43:59,prefix_unique,pending,同客户斜杠前编码唯一命中；仍需人工核对描述、规格和材质
5,苏州天华超净科技股份有限公司,221302098 / 900*1200 衬板89*113.5,221302098,,,,,,,5,5,300,1350.00,2019/6/14 15:37:19,2021/9/3 17:10:34,prefix_no_match,pending,斜杠前编码未命中产品，需人工查找或后续建产品
5,苏州天华超净科技股份有限公司,21301729/白底黑字中性ESD印刷600*900,21301729,882,21301729,21301729,白底黑字中性ESD印刷600*900,935×620×25mm,163 130白/105/50/125/150,7,7,178,1330.02,2017/12/14 16:47:23,2021/9/7 11:30:34,prefix_unique,pending,同客户斜杠前编码唯一命中；仍需人工核对描述、规格和材质
5,苏州天华超净科技股份有限公司,21301773 / 白底黑字内箱24*36,21301773,222,21301773,21301773,白底黑字内箱24*36,935×620×25mm,127 130白/85/50/105/130,12,12,186,1307.27,2017/1/6 16:26:33,2024/3/5 13:01:32,prefix_unique,pending,同客户斜杠前编码唯一命中；仍需人工核对描述、规格和材质
5,苏州天华超净科技股份有限公司,21301878 / 中性内盒122*83*28,21301878,711,21301878,21301878,中性内盒122*83*28,1220×830×28mm,012 R5A,16,16,160,1299.20,2017/7/27 8:28:05,2021/1/21 10:38:14,prefix_unique,pending,同客户斜杠前编码唯一命中；仍需人工核对描述、规格和材质
5,苏州天华超净科技股份有限公司,21301026 / 中性外箱18*45THH10,21301026,181,21301026,21301026,中性外箱18*45THH10,1160×470×160mm,118 155/115/55/135/155,40,40,134,1296.44,2017/1/3 11:45:01,2026/5/19 14:01:05,prefix_unique,pending,同客户斜杠前编码唯一命中；仍需人工核对描述、规格和材质
5,苏州天华超净科技股份有限公司,21301909 / 中性纸箱24*45,21301909,1304,21301909,21301909,中性纸箱24*45,1160×625×18mm,014 C113C,1,1,211,1278.66,2019/4/1 9:40:55,2019/4/1 9:40:55,prefix_unique,pending,同客户斜杠前编码唯一命中；仍需人工核对描述、规格和材质
5,苏州天华超净科技股份有限公司,23201033 / 屏蔽袋纸箱48*38*11.5,23201033,256,23201033,23201033,屏蔽袋纸箱48*38*12.5,480×380×125mm,118 155/115/55/135/155,1,1,240,1274.40,2020/6/23 15:38:42,2020/6/23 15:38:42,prefix_unique,pending,同客户斜杠前编码唯一命中；仍需人工核对描述、规格和材质
5,苏州天华超净科技股份有限公司,21301252 / 中性内箱26*45.10本装,21301252,109,21301252,21301252,中性内箱26*45.10本装,1150×665×30mm,012 R5A,3,3,140,1268.40,2016/12/27 15:25:08,2017/4/26 12:19:49,prefix_unique,pending,同客户斜杠前编码唯一命中；仍需人工核对描述、规格和材质
5,苏州天华超净科技股份有限公司,21301912 / E113用白底蓝字内箱,21301912,1322,21301912,21301912,E113用白底蓝字内箱18*36WHITE,930×475×15mm,01 R516A,1,1,200,1268.00,2019/5/13 9:05:16,2019/5/13 9:05:16,prefix_unique,pending,同客户斜杠前编码唯一命中；仍需人工核对描述、规格和材质
5,苏州天华超净科技股份有限公司,21301912 / E113用白底蓝字内箱1/8*36WHITE,21301912,1322,21301912,21301912,E113用白底蓝字内箱18*36WHITE,930×475×15mm,01 R516A,1,1,200,1268.00,2019/6/27 14:51:48,2019/6/27 14:51:48,prefix_unique,pending,同客户斜杠前编码唯一命中；仍需人工核对描述、规格和材质
5,苏州天华超净科技股份有限公司,21311327 / 抽屉式纸箱24*36,21311327,2302,21311327,21311327,抽屉式纸箱24*36,920×615×25mm,158 175/105/50/125/130/BE,1,1,100,1242.00,2022/5/31 14:16:47,2022/5/31 14:16:47,prefix_unique,pending,同客户斜杠前编码唯一命中；仍需人工核对描述、规格和材质
5,苏州天华超净科技股份有限公司,21301765 / 白底黑字内盒45*60,21301765,831,21301765,21301765,白底黑字内盒45*60,605×455×28mm,127 130白/85/50/105/130,24,24,301,1229.12,2022/1/18 15:00:43,2026/5/19 8:55:12,prefix_unique,pending,同客户斜杠前编码唯一命中；仍需人工核对描述、规格和材质
5,苏州天华超净科技股份有限公司,21301939 / 中性外箱45*145,21301939,2206,21301939,21301939,中性外箱45*145,1485×485×160mm,155 150/105/50/125/105,24,24,84,1216.10,2022/10/19 15:30:31,2026/3/23 15:35:26,prefix_unique,pending,同客户斜杠前编码唯一命中；仍需人工核对描述、规格和材质
5,苏州天华超净科技股份有限公司,21302102 / 衬板48*65,21302102,1998,21302102,21302102,衬板48*65,650×480×mm,122 80/50/50/75/80,71,71,978,1213.40,2022/1/18 14:51:58,2025/7/4 10:18:56,prefix_unique,pending,同客户斜杠前编码唯一命中；仍需人工核对描述、规格和材质
5,苏州天华超净科技股份有限公司,21301119 / 白底蓝字外箱31*35,21301119,264,21301119,21301119,白底蓝字外箱31*35,920×820×190mm,03 W516R,15,15,65,1209.64,2017/1/12 15:11:38,2018/9/13 14:13:51,prefix_unique,pending,同客户斜杠前编码唯一命中；仍需人工核对描述、规格和材质
5,苏州天华超净科技股份有限公司,21301618 / 中性内盒18*170,21301618,631,21301618,21301618,中性内盒18*170,1710×190×30mm,01 R516A,30,30,253,1207.04,2017/10/23 17:57:26,2021/3/5 16:39:44,prefix_unique,pending,同客户斜杠前编码唯一命中；仍需人工核对描述、规格和材质
5,苏州天华超净科技股份有限公司,21301781 /美国专用白底蓝字纸箱拼版式18*45 8本装,21301781,349,21301781,21301781,美国专用白底蓝字纸箱拼版式18*45 8本装,1146×455×20mm,183 175白/125/175/B,4,4,151,1153.69,2017/2/21 12:49:06,2020/2/19 15:57:36,prefix_unique,pending,同客户斜杠前编码唯一命中；仍需人工核对描述、规格和材质
5,苏州天华超净科技股份有限公司,21301921 / E113用白底蓝字内箱,21301921,1331,21301921,21301921,E113用白底蓝字内箱36*36BLUE,930×930×15mm,01 R516A,1,1,100,1149.00,2019/5/13 9:11:29,2019/5/13 9:11:29,prefix_unique,pending,同客户斜杠前编码唯一命中；仍需人工核对描述、规格和材质
5,苏州天华超净科技股份有限公司,21301921 / E113用白底蓝字内箱36*36BLUE,21301921,1331,21301921,21301921,E113用白底蓝字内箱36*36BLUE,930×930×15mm,01 R516A,1,1,100,1149.00,2019/6/27 14:52:51,2019/6/27 14:52:51,prefix_unique,pending,同客户斜杠前编码唯一命中；仍需人工核对描述、规格和材质
5,苏州天华超净科技股份有限公司,21301923 / E113用白底蓝字内箱,21301923,1333,21301923,21301923,E113用白底蓝字内箱36*36GREY,930×930×15mm,01 R516A,1,1,100,1149.00,2019/5/13 9:12:35,2019/5/13 9:12:35,prefix_unique,pending,同客户斜杠前编码唯一命中；仍需人工核对描述、规格和材质
5,苏州天华超净科技股份有限公司,23201126 / 屏蔽袋纸箱89*84*11,23201126,,,,,,,2,2,55,1128.80,2022/11/22 15:36:56,2022/6/23 14:25:47,prefix_no_match,pending,斜杠前编码未命中产品，需人工查找或后续建产品
5,苏州天华超净科技股份有限公司,10250594/纸箱66*14.5*12.5,10250594,,,,,,,2,2,308,1122.16,2018/1/19 8:07:12,2018/7/14 13:21:14,prefix_no_match,pending,斜杠前编码未命中产品，需人工查找或后续建产品
5,苏州天华超净科技股份有限公司,21311155 / 中性内盒90*114,21311155,666,21311155,21311155,中性内盒90*114,1155×915×21mm,012 R5A,5,5,122,1109.62,2017/11/10 13:17:48,2019/4/2 8:05:01,prefix_unique,pending,同客户斜杠前编码唯一命中；仍需人工核对描述、规格和材质
5,苏州天华超净科技股份有限公司,21301833 / 白底黑字外箱21*36,21301833,687,21301833,21301833,白底黑字外箱21*36,950×570×180mm,03 W516R,5,5,88,1093.36,2017/12/22 9:23:41,2019/8/16 9:15:29,prefix_unique,pending,同客户斜杠前编码唯一命中；仍需人工核对描述、规格和材质
5,苏州天华超净科技股份有限公司,23203088 / 内衬板69.5*63.5,23203088,393,23203088,23203088,内衬板69.5*63.5,695×635×mm,014 C113C,11,11,578,1085.34,2017/10/16 17:20:29,2017/8/26 10:01:54,prefix_unique,pending,同客户斜杠前编码唯一命中；仍需人工核对描述、规格和材质
5,苏州天华超净科技股份有限公司,21311131 / 白底蓝字内盒80*130,21311131,498,21311131,21311131,白底蓝字内盒80*130,1310×810×25mm,125 130白/95/55/115/155/BE,5,5,88,1076.16,2017/4/10 15:30:54,2025/4/23 10:24:11,prefix_unique,pending,同客户斜杠前编码唯一命中；仍需人工核对描述、规格和材质
5,苏州天华超净科技股份有限公司,21311232 / PURUS 18*36 1836 64 B,21311232,610,21311232,21311232,PURUS 18*36 1836 64 B,930×475×18mm,09 S6E,1,1,183,1074.21,2017/5/26 6:52:48,2017/5/26 6:52:48,prefix_unique,pending,同客户斜杠前编码唯一命中；仍需人工核对描述、规格和材质
5,苏州天华超净科技股份有限公司,21311341 / 中性内箱1m*1.2m,21311341,2388,21311341,21311341,中性内箱1m*1.2m,1215×1015×21mm,129 190/135/55/135/155/BE,4,4,60,1071.60,2023/1/3 14:04:27,2024/9/11 8:27:18,prefix_unique,pending,同客户斜杠前编码唯一命中；仍需人工核对描述、规格和材质
5,苏州天华超净科技股份有限公司,21311343 / 中性内箱1m*1m,21311343,2387,21311343,21311343,中性内箱1m*1m,1015×1015×21mm,125 130白/95/55/115/155/BE,4,4,70,1068.70,2023/1/3 14:01:09,2025/5/25 8:36:00,prefix_unique,pending,同客户斜杠前编码唯一命中；仍需人工核对描述、规格和材质
5,苏州天华超净科技股份有限公司,21311239 / PURUS 24*36 2436 64 B,21311239,616,21311239,21311239,PURUS 24*36 2436 64 B,930×625×18mm,09 S6E,1,1,140,1044.40,2017/5/26 7:03:44,2017/5/26 7:03:44,prefix_unique,pending,同客户斜杠前编码唯一命中；仍需人工核对描述、规格和材质
5,苏州天华超净科技股份有限公司,21301918 / E113用白底蓝字内箱26*45BLUE,21301918,1328,21301918,21301918,E113用白底蓝字内箱26*45BLUE,1160×680×15mm,01 R516A,1,1,100,1035.00,2019/6/27 14:52:34,2019/6/27 14:52:34,prefix_unique,pending,同客户斜杠前编码唯一命中；仍需人工核对描述、规格和材质
5,苏州天华超净科技股份有限公司,21301919 / E113用白底蓝字内箱,21301919,1329,21301919,21301919,E113用白底蓝字内箱26*45WHITE,1160×680×15mm,01 R516A,1,1,100,1035.00,2019/5/13 9:10:27,2019/5/13 9:10:27,prefix_unique,pending,同客户斜杠前编码唯一命中；仍需人工核对描述、规格和材质
5,苏州天华超净科技股份有限公司,21301920 / E113用白底蓝字内箱,21301920,1330,21301920,21301920,E113用白底蓝字内箱26*45GREY,1160×680×15mm,01 R516A,1,1,100,1035.00,2019/5/13 9:10:56,2019/5/13 9:10:56,prefix_unique,pending,同客户斜杠前编码唯一命中；仍需人工核对描述、规格和材质
5,苏州天华超净科技股份有限公司,21311249 / PURUS 36*45 3645 38 W,21311249,609,21311249,21311249,PURUS 36*45 3645 38 W,1160×930×18mm,09 S6E,1,1,70,1031.80,2017/5/26 6:50:48,2017/5/26 6:50:48,prefix_unique,pending,同客户斜杠前编码唯一命中；仍需人工核对描述、规格和材质
5,苏州天华超净科技股份有限公司,21301198 / 中性外箱18*36THH8,21301198,321,21301198,21301198,中性外箱18*36THH8,940×475×145mm,155 150/105/50/125/105,29,29,123,1029.86,2017/11/1 9:24:43,2026/1/12 11:18:03,prefix_unique,pending,同客户斜杠前编码唯一命中；仍需人工核对描述、规格和材质
5,苏州天华超净科技股份有限公司,10250743/IBB-203L-C包装外箱,10250743,,,,,,,3,3,300,1029.00,2020/11/5 12:45:56,2020/7/10 8:29:49,prefix_no_match,pending,斜杠前编码未命中产品，需人工查找或后续建产品
5,苏州天华超净科技股份有限公司,21302048 / 满衬板18*45 112*44.5,21302048,1450,21302048,21302048,满衬板18*45 112*44.5,1120×440×mm,174 105/125/105/B,8,8,450,1028.70,2019/10/17 15:48:04,2026/2/2 14:35:47,prefix_unique,pending,同客户斜杠前编码唯一命中；仍需人工核对描述、规格和材质
5,苏州天华超净科技股份有限公司,21311291 / 卡其色红黑抽屉式18*36,21311291,919,21311291,21311291,卡其色红黑抽屉式18*36,920×455×20mm,156 150/85/50/105/150/BE,4,4,171,1022.76,2020/8/13 9:37:27,2022/5/12 16:29:27,prefix_unique,pending,同客户斜杠前编码唯一命中；仍需人工核对描述、规格和材质
5,苏州天华超净科技股份有限公司,21301056 / 白底蓝字内箱18*45,21301056,1009,21301056,21301056,白底蓝字内箱18*45,1150×470×28mm,127 130白/85/50/105/130,14,14,132,1016.84,2018/11/19 13:37:45,2022/1/22 16:02:30,prefix_unique,pending,同客户斜杠前编码唯一命中；仍需人工核对描述、规格和材质
5,苏州天华超净科技股份有限公司,20131908 / 中性纸箱26*45,20131908,,,,,,,1,1,150,1006.50,2019/3/25 13:35:38,2019/3/25 13:35:38,prefix_no_match,pending,斜杠前编码未命中产品，需人工查找或后续建产品
5,苏州天华超净科技股份有限公司,21301900/中性内盒18*45 WHITE 打钩,21301900,923,21301900,21301900,中性内盒18*45 WHITE 打钩,1160×475×18mm,015 R315A,1,1,130,995.80,2018/1/21 12:55:28,2018/1/21 12:55:28,prefix_unique,pending,同客户斜杠前编码唯一命中；仍需人工核对描述、规格和材质
5,苏州天华超净科技股份有限公司,22600033 / 风蛇包装箱,22600033,1263,22600033,22600033,风蛇包装箱,455×205×305mm,146 150/105/50/125/130,3,3,240,989.80,2019/1/17 9:49:40,2023/10/31 9:17:03,prefix_unique,pending,同客户斜杠前编码唯一命中；仍需人工核对描述、规格和材质
5,苏州天华超净科技股份有限公司,10250690 / 高压包包装盒28.7*14.2*4,10250690,1292,10250690,10250690,高压包包装盒28.7*14.2*4,300×150×50mm,103 105国产AA/105A/80A/B,2,2,400,988.00,2019/3/8 15:02:51,2023/4/3 13:59:23,prefix_unique,pending,同客户斜杠前编码唯一命中；仍需人工核对描述、规格和材质
5,苏州天华超净科技股份有限公司,21301087/ 中性内盒60*80,21301087,,,,,,,6,6,154,985.83,2017/6/28 15:05:12,2019/11/28 9:07:40,prefix_no_match,pending,斜杠前编码未命中产品，需人工查找或后续建产品
5,苏州天华超净科技股份有限公司,21311320/中性白底蓝字9200青60*120,21311320,2095,21311320,21311320,中性白底蓝字9200青60*120,1210×610×28mm,125 130白/95/55/115/155/BE,1,1,112,981.12,2021/10/22 13:05:12,2021/10/22 13:05:12,prefix_unique,pending,同客户斜杠前编码唯一命中；仍需人工核对描述、规格和材质
5,苏州天华超净科技股份有限公司,21301593 / 白底蓝字外箱120*70,21301593,406,21301593,21301593,白底蓝字外箱120*70,1235×735×185mm,127 130白/85/50/105/130,21,21,55,969.48,2017/1/6 15:45:28,2026/4/14 7:49:55,prefix_unique,pending,同客户斜杠前编码唯一命中；仍需人工核对描述、规格和材质
5,苏州天华超净科技股份有限公司,21301916 / E113用白底蓝字内箱,21301916,1326,21301916,21301916,E113用白底蓝字内箱24*45WHITE,1160×625×15mm,01 R516A,1,1,100,961.00,2019/5/13 9:08:11,2019/5/13 9:08:11,prefix_unique,pending,同客户斜杠前编码唯一命中；仍需人工核对描述、规格和材质
5,苏州天华超净科技股份有限公司,21301917 / E113用白底蓝字内箱,21301917,1327,21301917,21301917,E113用白底蓝字内箱24*45BLUE,1160×625×15mm,01 R516A,1,1,100,961.00,2019/5/13 9:09:06,2019/5/13 9:09:06,prefix_unique,pending,同客户斜杠前编码唯一命中；仍需人工核对描述、规格和材质
5,苏州天华超净科技股份有限公司,21301928 / 白底蓝字内箱45*116,21301928,1346,21301928,21301928,白底蓝字内箱45*116,1180×465×25mm,127 130白/85/50/105/130,6,6,123,960.45,2019/5/31 14:41:07,2023/4/7 9:33:33,prefix_unique,pending,同客户斜杠前编码唯一命中；仍需人工核对描述、规格和材质
5,苏州天华超净科技股份有限公司,21301575 / 中性内盒70*43,21301575,399,21301575,21301575,中性内盒70*43,705×435×28mm,01 R516A,10,10,205,947.15,2017/10/17 8:30:03,2018/4/10 9:08:47,prefix_unique,pending,同客户斜杠前编码唯一命中；仍需人工核对描述、规格和材质
5,苏州天华超净科技股份有限公司,21301454 / 白底蓝字内箱18*46,21301454,190,21301454,21301454,白底蓝字内箱18*46,1180×470×18mm,03 W516R,5,5,120,929.20,2017/1/3 16:45:20,2018/6/1 15:38:06,prefix_unique,pending,同客户斜杠前编码唯一命中；仍需人工核对描述、规格和材质
5,苏州天华超净科技股份有限公司,22600038 / KD5007包装箱 335*335*77,22600038,2356,22600038,22600038,KD5007包装箱 335*335*77,340×340×90mm,113 190/145/50/145/175,6,6,300,915.00,2022/9/28 16:24:39,2024/4/30 11:57:53,prefix_unique,pending,同客户斜杠前编码唯一命中；仍需人工核对描述、规格和材质
5,苏州天华超净科技股份有限公司,10250366 / TH-001纸箱24*17.5*14.5,10250366,938,10250366,10250366,TH-001纸箱24*17.5*14.5,240×175×145mm,113 190/145/50/145/175,5,5,600,913.00,2018/9/30 10:51:11,2024/7/19 10:07:46,prefix_unique,pending,同客户斜杠前编码唯一命中；仍需人工核对描述、规格和材质
5,苏州天华超净科技股份有限公司,21301729 / 白底黑字中性ESD印刷600*900,21301729,882,21301729,21301729,白底黑字中性ESD印刷600*900,935×620×25mm,163 130白/105/50/125/150,8,8,131,911.76,2021/12/28 17:04:39,2026/2/2 14:36:17,prefix_unique,pending,同客户斜杠前编码唯一命中；仍需人工核对描述、规格和材质
5,苏州天华超净科技股份有限公司,23201051/ 屏蔽袋纸箱150*200   33*23*23,23201051,753,23201051,23201051,屏蔽袋纸箱（150*200）,330×230×230mm,011 R515A,6,6,228,889.56,2017/10/30 12:42:14,2018/3/6 16:32:00,prefix_unique,pending,同客户斜杠前编码唯一命中；仍需人工核对描述、规格和材质
5,苏州天华超净科技股份有限公司,22000108 / 103N外箱,22000108,,,,,,,1,1,100,848.00,2022/5/17 8:35:34,2022/5/17 8:35:34,prefix_no_match,pending,斜杠前编码未命中产品，需人工查找或后续建产品
5,苏州天华超净科技股份有限公司,21301483 / 中性纸箱25*30cm,21301483,182,21301483,21301483,中性纸箱25*30cm,320×265×95mm,146 150/105/50/125/130,61,61,351,815.38,2017/1/12 14:57:25,2025/5/12 12:00:14,prefix_unique,pending,同客户斜杠前编码唯一命中；仍需人工核对描述、规格和材质
5,苏州天华超净科技股份有限公司,21301048 /中性外箱31*33,21301048,1079,21301048,21301048,中性外箱31*33,360×340×170mm,146 150/105/50/125/130,72,72,213,813.14,2017/10/12 10:29:50,2021/9/18 10:34:53,prefix_unique,pending,同客户斜杠前编码唯一命中；仍需人工核对描述、规格和材质
5,苏州天华超净科技股份有限公司,21301758 / 中性内箱1*1.6m,21301758,325,21301758,21301758,中性内箱1*1.6m,1610×1010×27mm,146 150/105/50/125/130,11,11,70,807.85,2017/2/8 14:55:05,2026/1/19 16:57:31,prefix_unique,pending,同客户斜杠前编码唯一命中；仍需人工核对描述、规格和材质
5,苏州天华超净科技股份有限公司,21301915 / E113用白底蓝字内箱24*36WHITE,21301915,1325,21301915,21301915,E113用白底蓝字内箱24*36WHITE,930×625×15mm,01 R516A,1,1,100,804.00,2019/6/27 14:52:18,2019/6/27 14:52:18,prefix_unique,pending,同客户斜杠前编码唯一命中；仍需人工核对描述、规格和材质
5,苏州天华超净科技股份有限公司,21311235 / PURUS 18*45 1845 38 G,21311235,613,21311235,21311235,PURUS 18*45 1845 38 G,1160×475×18mm,09 S6E,2,2,111,790.32,2017/5/26 6:57:22,2020/7/9 8:41:27,prefix_unique,pending,同客户斜杠前编码唯一命中；仍需人工核对描述、规格和材质
5,苏州天华超净科技股份有限公司,21302068 / 21*36衬板,21302068,688,21302068,21302068,21*36衬板,910×510×3mm,013 C1C,6,6,540,789.00,2017/12/22 9:24:15,2019/8/16 9:16:19,prefix_unique,pending,同客户斜杠前编码唯一命中；仍需人工核对描述、规格和材质
5,苏州天华超净科技股份有限公司,21311328 / 抽屉式纸箱26*45,21311328,2303,21311328,21311328,抽屉式纸箱26*45,1165×670×25mm,158 175/105/50/125/130/BE,1,1,50,785.50,2022/5/31 14:17:43,2022/5/31 14:17:43,prefix_unique,pending,同客户斜杠前编码唯一命中；仍需人工核对描述、规格和材质
5,苏州天华超净科技股份有限公司,21301491/中性纸箱52*41.5*11,21301491,904,21301491,21301491,中性纸箱40*50,520×415×110mm,113 190/145/50/145/175,26,26,149,785.10,2018/1/17 16:41:37,2021/9/17 14:44:02,prefix_unique,pending,同客户斜杠前编码唯一命中；仍需人工核对描述、规格和材质
5,苏州天华超净科技股份有限公司,21301765/白底黑字内盒45*60,21301765,831,21301765,21301765,白底黑字内盒45*60,605×455×28mm,127 130白/85/50/105/130,19,19,170,775.85,2017/11/29 12:19:01,2021/9/11 14:20:30,prefix_unique,pending,同客户斜杠前编码唯一命中；仍需人工核对描述、规格和材质
5,苏州天华超净科技股份有限公司,"21301665 / 白底蓝字内盒24""*30""77.5*61.5*3.5",21301665,515,21301665,21301665,"白底蓝字内盒24""*30""77.5*61.5*3.5",775×615×35mm,03 W516R,6,6,110,762.80,2017/10/19 11:36:25,2020/3/26 9:46:20,prefix_unique,pending,同客户斜杠前编码唯一命中；仍需人工核对描述、规格和材质
5,苏州天华超净科技股份有限公司,21301780 / 美国专用白底黑字拼版式18*36 4本装,21301780,473,21301780,21301780,美国专用白底黑字拼版式18*36 4本装,920×455×15mm,09 S6E,2,2,122,761.45,2017/3/30 10:30:28,2018/4/29 9:46:32,prefix_unique,pending,同客户斜杠前编码唯一命中；仍需人工核对描述、规格和材质
5,苏州天华超净科技股份有限公司,23201062 / 屏蔽袋纸箱180*250,23201062,136,23201062,23201062,屏蔽袋纸箱180*250,410×290×245mm,010 K515R,7,7,149,760.56,2016/12/30 11:40:25,2018/9/14 12:27:57,prefix_unique,pending,同客户斜杠前编码唯一命中；仍需人工核对描述、规格和材质
5,苏州天华超净科技股份有限公司,21311252 / PURUS 36*45 3645 34 B,21311252,605,21311252,21311252,PURUS 36*45 3645 34 B,1160×930×18mm,09 S6E,1,1,59,753.43,2017/5/26 6:42:19,2017/5/26 6:42:19,prefix_unique,pending,同客户斜杠前编码唯一命中；仍需人工核对描述、规格和材质
5,苏州天华超净科技股份有限公司,21301832 / 白底蓝字内盒21*36,21301832,686,21301832,21301832,白底黑字内盒21*36,930×550×250mm,03 W516R,1,1,101,749.42,2017/7/3 10:01:13,2017/7/3 10:01:13,prefix_unique,pending,同客户斜杠前编码唯一命中；仍需人工核对描述、规格和材质
5,苏州天华超净科技股份有限公司,21301467 / A356专用包装箱36*46 GG,21301467,329,21301467,21301467,A356专用包装箱36*46 GG,1195×930×15mm,102 170俄/145/170俄/B,11,11,48,748.15,2017/12/12 9:25:07,2019/5/5 15:38:13,prefix_unique,pending,同客户斜杠前编码唯一命中；仍需人工核对描述、规格和材质
5,苏州天华超净科技股份有限公司,21301852 / 白底黑字内箱18*36日文字样蓝色打钩,21301852,145,21301852,21301852,白底黑字内箱18*36日文印刷蓝色打钩,925×470×25mm,127 130白/85/50/105/130,2,2,120,733.20,2016/12/30 13:29:39,2017/1/3 16:48:48,prefix_unique,pending,同客户斜杠前编码唯一命中；仍需人工核对描述、规格和材质
5,苏州天华超净科技股份有限公司,21301105 / 白底蓝字内箱24*36BLUE,21301105,1467,21301105,21301105,白底蓝字内箱24*36BLUE,,125 130白/95/55/115/155/BE,10,10,97,733.12,2019/12/27 11:14:38,2024/7/16 14:08:05,prefix_unique,pending,同客户斜杠前编码唯一命中；仍需人工核对描述、规格和材质
5,苏州天华超净科技股份有限公司,21302092/24*36 满衬板61.5*84.5,21302092,924,21302092,21302092,24*36 满衬板61.5*84.5,845×615×mm,122 80/50/50/75/80,1,1,290,730.80,2018/1/21 12:57:38,2018/1/21 12:57:38,prefix_unique,pending,同客户斜杠前编码唯一命中；仍需人工核对描述、规格和材质
5,苏州天华超净科技股份有限公司,21301838 / NAS 白底蓝字抽屉式24*30WHITE,21301838,728,21301838,21301838,NAS 白底蓝字抽屉式24*30WHITE,775×620×15mm,09 S6E,2,2,95,720.90,2017/11/18 13:49:19,2017/8/26 10:48:55,prefix_unique,pending,同客户斜杠前编码唯一命中；仍需人工核对描述、规格和材质
5,苏州天华超净科技股份有限公司,21311148 / 白底蓝字外箱18*36,21311148,108,21311148,21311148,白底蓝字外箱18*36,940×475×155mm,011 R515A,2,2,72,708.84,2016/12/27 15:23:35,2018/7/4 8:05:36,prefix_unique,pending,同客户斜杠前编码唯一命中；仍需人工核对描述、规格和材质
5,苏州天华超净科技股份有限公司,21311027 / 中性内箱24*36.8本,21311027,157,21311027,21311027,中性内箱24*36THB8,930×625×15mm,126 105/105/80,2,2,150,706.50,2016/12/27 15:30:15,2016/12/30 9:20:24,prefix_unique,pending,同客户斜杠前编码唯一命中；仍需人工核对描述、规格和材质
5,苏州天华超净科技股份有限公司,21301800/ANCLTEK内盒470*400,21301800,1020,21301800,21301800,Ancltek内盒470*400,475×405×23mm,126 105/105/80,11,11,216,698.60,2018/4/16 17:04:07,2021/9/22 13:44:31,prefix_unique,pending,同客户斜杠前编码唯一命中；仍需人工核对描述、规格和材质
5,苏州天华超净科技股份有限公司,21301551 / 中性外箱448*488,21301551,489,21301551,21301551,中性外箱448*488,515×475×170mm,01 R516A,7,7,99,692.91,2017/4/6 12:39:38,2018/5/19 11:30:23,prefix_unique,pending,同客户斜杠前编码唯一命中；仍需人工核对描述、规格和材质
5,苏州天华超净科技股份有限公司,21301010 /Ancltek外箱26*45THH10,21301010,180,21301010,21301010,Ancltek外箱26*45THH10,1160×665×160mm,118 155/115/55/135/155,1,1,50,691.50,2017/1/3 11:47:30,2017/1/3 11:47:30,prefix_unique,pending,同客户斜杠前编码唯一命中；仍需人工核对描述、规格和材质
5,苏州天华超净科技股份有限公司,21311247 / PURUS 36*45 3645 38 B,21311247,607,21311247,21311247,PURUS 36*45 3645 38 B,1160×930×18mm,09 S6E,1,1,53,676.81,2017/5/26 6:48:39,2017/5/26 6:48:39,prefix_unique,pending,同客户斜杠前编码唯一命中；仍需人工核对描述、规格和材质
5,苏州天华超净科技股份有限公司,21301756 / 中性内盒85*105,21301756,444,21301756,21301756,中性内盒85*105,1060×860×28mm,012 R5A,14,14,86,659.44,2017/10/11 12:58:31,2019/5/18 10:35:47,prefix_unique,pending,同客户斜杠前编码唯一命中；仍需人工核对描述、规格和材质
5,苏州天华超净科技股份有限公司,"22800001 / 白色纸箱8""",22800001,55,22800001,22800001,"白色8""纸箱565*285*430",560×280×425mm,163 130白/105/50/125/150,1,1,100,652.00,2017/1/14 8:17:21,2017/1/14 8:17:21,prefix_unique,pending,同客户斜杠前编码唯一命中；仍需人工核对描述、规格和材质
5,苏州天华超净科技股份有限公司,21301791 / 美国白底黑字内箱45*60拼版式,21301791,13,21301791,21301791,美国白底黑字内箱45*60拼版式,1530×1146×20mm,09 S6E,1,1,30,651.30,2016/12/24 16:00:03,2016/12/24 16:00:03,prefix_unique,pending,同客户斜杠前编码唯一命中；仍需人工核对描述、规格和材质
5,苏州天华超净科技股份有限公司,21301879 / 中性外箱124*85*16,21301879,710,21301879,21301879,中性外箱124*85*16,1240×850×160mm,01 R516A,16,16,32,647.82,2017/7/27 8:27:04,2021/1/21 10:38:46,prefix_unique,pending,同客户斜杠前编码唯一命中；仍需人工核对描述、规格和材质
5,苏州天华超净科技股份有限公司,21301290 / 中性内箱1.14*2m,21301290,336,21301290,21301290,中性内箱1.14*2m,2010×1150×30mm,011 R515A,2,2,25,647.15,2017/2/14 10:14:07,2017/9/11 14:50:41,prefix_unique,pending,同客户斜杠前编码唯一命中；仍需人工核对描述、规格和材质
5,苏州天华超净科技股份有限公司,21301836 / NAS白底蓝字抽屉式内盒24*36WHITE,21301836,518,21301836,21301836,NAS白底蓝字抽屉式内盒24*36WHITE,925×620×15mm,09 S6E,2,2,75,646.35,2017/11/18 13:48:14,2017/8/26 10:48:31,prefix_unique,pending,同客户斜杠前编码唯一命中；仍需人工核对描述、规格和材质
5,苏州天华超净科技股份有限公司,21311117/白底黑字内盒26*45THB8,21311117,,,,,,,1,1,58,643.22,2017/12/15 8:16:07,2017/12/15 8:16:07,prefix_no_match,pending,斜杠前编码未命中产品，需人工查找或后续建产品
5,苏州天华超净科技股份有限公司,23201030 / 屏蔽袋纸箱 47*27*13,23201030,439,23201030,23201030,屏蔽袋纸箱 47*27*13,470×270×130mm,010 K515R,5,5,150,639.60,2017/10/14 11:16:05,2018/1/4 13:14:27,prefix_unique,pending,同客户斜杠前编码唯一命中；仍需人工核对描述、规格和材质
5,苏州天华超净科技股份有限公司,21301911 / E113用白底蓝字内箱,21301911,1321,21301911,21301911,E113用白底蓝字内箱18*36BLUE,930×475×15mm,01 R516A,1,1,100,634.00,2019/5/13 9:02:52,2019/5/13 9:02:52,prefix_unique,pending,同客户斜杠前编码唯一命中；仍需人工核对描述、规格和材质
5,苏州天华超净科技股份有限公司,21301913 / E113用白底蓝字内箱,21301913,1323,21301913,21301913,E113用白底蓝字内箱18*36GREY,930×475×15mm,01 R516A,1,1,100,634.00,2019/5/13 9:05:59,2019/5/13 9:05:59,prefix_unique,pending,同客户斜杠前编码唯一命中；仍需人工核对描述、规格和材质
5,苏州天华超净科技股份有限公司,21301857 / 白底黑字内盒24*36 日文 蓝色打钩,21301857,517,21301857,21301857,白底黑字内盒24*36 日文印刷绿色打钩,935×620×25mm,127 130白/85/50/105/130,1,1,81,628.56,2017/2/15 8:24:43,2017/2/15 8:24:43,prefix_unique,pending,同客户斜杠前编码唯一命中；仍需人工核对描述、规格和材质
5,苏州天华超净科技股份有限公司,21311251 / Purus白底红蓝字36*45 3645 64 W,21311251,670,21311251,21311251,Purus白底红蓝字36*45 3645 64 W,1160×930×18mm,09 S6E,1,1,49,625.73,2017/6/17 10:42:20,2017/6/17 10:42:20,prefix_unique,pending,同客户斜杠前编码唯一命中；仍需人工核对描述、规格和材质
5,苏州天华超净科技股份有限公司,21311204 / 中性内箱114*43,21311204,269,21311204,21311204,中性内箱114*43,1155×445×18mm,011 R515A,8,8,92,622.98,2017/9/13 17:40:46,2018/7/10 14:50:46,prefix_unique,pending,同客户斜杠前编码唯一命中；仍需人工核对描述、规格和材质
5,苏州天华超净科技股份有限公司,10250523 / TH-004包装箱90.5*14.5*13,10250523,571,10250523,10250523,TH-004包装箱95.5*16*15.5,955×160×155mm,01 R516A,1,1,150,619.50,2017/5/3 17:04:51,2017/5/3 17:04:51,prefix_unique,pending,同客户斜杠前编码唯一命中；仍需人工核对描述、规格和材质
5,苏州天华超净科技股份有限公司,21311230 / PURUS 18*36 1836 38 B,21311230,603,21311230,21311230,PURUS 18*36 白底红蓝印刷,930×475×18mm,09 S6E,3,3,104,615.23,2017/5/26 6:38:34,2019/11/28 9:11:37,prefix_unique,pending,同客户斜杠前编码唯一命中；仍需人工核对描述、规格和材质
5,苏州天华超净科技股份有限公司,21301868 / 18*45 E113内盒,21301868,720,21301868,21301868,E113用白底蓝字内箱18*45侧印ITEM,1160×475×15mm,03 W516R,1,1,100,611.00,2017/2/6 10:12:50,2017/2/6 10:12:50,prefix_unique,pending,同客户斜杠前编码唯一命中；仍需人工核对描述、规格和材质
5,苏州天华超净科技股份有限公司,21311185 / 中性外箱21*21,21311185,267,21311185,21311185,中性外箱21*21,568×568×145mm,011 R515A,12,12,74,606.44,2017/1/12 15:14:15,2021/4/17 8:27:29,prefix_unique,pending,同客户斜杠前编码唯一命中；仍需人工核对描述、规格和材质
5,苏州天华超净科技股份有限公司,21301817 / A356依工内盒24*36 GG,21301817,414,21301817,21301817,A356依工内盒24*36 GG,930×630×18mm,102 170俄/145/170俄/B,4,4,69,604.37,2017/3/10 15:16:05,2019/12/7 8:18:24,prefix_unique,pending,同客户斜杠前编码唯一命中；仍需人工核对描述、规格和材质
5,苏州天华超净科技股份有限公司,21301185 / 白底黑字内箱18*36,21301185,61,21301185,21301185,白底黑字内箱18*36,935×470×25mm,127 130白/85/50/105/130,1,1,100,603.00,2016/12/27 11:04:41,2016/12/27 11:04:41,prefix_unique,pending,同客户斜杠前编码唯一命中；仍需人工核对描述、规格和材质
5,苏州天华超净科技股份有限公司,21302004 / 满衬板110*43,21302004,260,21302004,21302004,满衬板110*43,1100×430×mm,124 80/75/80,25,25,465,599.35,2017/1/12 15:07:49,2026/1/28 10:15:07,prefix_unique,pending,同客户斜杠前编码唯一命中；仍需人工核对描述、规格和材质
5,苏州天华超净科技股份有限公司,23203048 / 内衬板58.5*44.5,23203048,344,23203048,23203048,内衬板58.5*44.5,585×445×mm,014 C113C,6,6,510,596.30,2017/10/30 16:50:08,2018/1/12 10:30:44,prefix_unique,pending,同客户斜杠前编码唯一命中；仍需人工核对描述、规格和材质
5,苏州天华超净科技股份有限公司,21301837 / NAS 白底蓝字抽屉式24*30 BLUE,21301837,733,21301837,21301837,NAS 白底蓝字抽屉式24*30 BLUE,775×620×15mm,09 S6E,2,2,80,596.30,2017/11/18 13:48:47,2017/8/22 17:36:29,prefix_unique,pending,同客户斜杠前编码唯一命中；仍需人工核对描述、规格和材质
5,苏州天华超净科技股份有限公司,22000128/102内盒VWR专用,22000128,,,,,,,1,1,300,594.00,2023/9/22 17:02:13,2023/9/22 17:02:13,prefix_no_match,pending,斜杠前编码未命中产品，需人工查找或后续建产品
5,苏州天华超净科技股份有限公司,21301730 / 白底黑字中性内盒（60*120）THH10,21301730,1437,21301730,21301730,白底黑字中性内盒（60*120）THH10,1215×615×28mm,125 130白/95/55/115/155/BE,3,3,62,590.06,2019/10/12 14:51:54,2023/10/8 16:31:22,prefix_unique,pending,同客户斜杠前编码唯一命中；仍需人工核对描述、规格和材质
5,苏州天华超净科技股份有限公司,21301751 / 中性内箱60*76,21301751,316,21301751,21301751,中性内箱60*76,765×605×85mm,012 R5A,13,13,92,587.80,2017/11/25 10:21:28,2019/9/4 13:38:41,prefix_unique,pending,同客户斜杠前编码唯一命中；仍需人工核对描述、规格和材质
5,苏州天华超净科技股份有限公司,23201044 /屏蔽袋纸箱400*560  59*43*12,23201044,425,23201044,23201044,屏蔽袋纸箱400*560  59*43*12,590×430×120mm,111 175/105/50/125/130,1,1,77,572.88,2017/3/14 16:33:40,2017/3/14 16:33:40,prefix_unique,pending,同客户斜杠前编码唯一命中；仍需人工核对描述、规格和材质
5,苏州天华超净科技股份有限公司,21301881 / A356专用包装箱25*45,21301881,744,21301881,21301881,A356专用包装箱25*45,1160×650×15mm,102 170俄/145/170俄/B,1,1,50,572.50,2025/3/24 14:35:59,2025/3/24 14:35:59,prefix_unique,pending,同客户斜杠前编码唯一命中；仍需人工核对描述、规格和材质
5,苏州天华超净科技股份有限公司,21302101/衬板 30*60,21302101,1953,21302101,21302101,衬板 30*60,600×300×mm,122 80/50/50/75/80,24,24,788,567.36,2021/10/19 10:32:58,2021/9/3 17:09:10,prefix_unique,pending,同客户斜杠前编码唯一命中；仍需人工核对描述、规格和材质
5,苏州天华超净科技股份有限公司,21301623 / 中性外箱83*100,21301623,36,21301623,21301623,中性外箱83*100,1030×860×185mm,01 R516A,11,11,30,564.57,2017/1/14 12:51:14,2017/9/12 15:43:06,prefix_unique,pending,同客户斜杠前编码唯一命中；仍需人工核对描述、规格和材质
5,苏州天华超净科技股份有限公司,21301319 / 中性纸箱20*14cm,21301319,286,21301319,21301319,中性纸箱20*14cm,,122 80/50/50/75/80,16,16,162,563.22,2017/1/19 9:07:50,2024/4/8 14:35:55,prefix_unique,pending,同客户斜杠前编码唯一命中；仍需人工核对描述、规格和材质
5,苏州天华超净科技股份有限公司,21311264 / 中性内盒75*49,21311264,761,21311264,21311264,中性内盒75*49,765×505×19mm,126 105/105/80,69,69,162,562.82,2017/10/19 11:41:24,2024/10/14 11:14:54,prefix_unique,pending,同客户斜杠前编码唯一命中；仍需人工核对描述、规格和材质
5,苏州天华超净科技股份有限公司,10250750/150mm直流离子风棒纸箱,10250750,1898,10250750,10250750,150mm直流离子风棒纸箱,1615×75×120mm,113 190/145/50/145/175,1,1,50,554.50,2021/3/18 10:01:35,2021/3/18 10:01:35,prefix_unique,pending,同客户斜杠前编码唯一命中；仍需人工核对描述、规格和材质
5,苏州天华超净科技股份有限公司,21311074 / 白底蓝字外箱24*48,21311074,650,21311074,21311074,白底蓝字外箱24*48,,125 130白/95/55/115/155/BE,5,5,50,553.80,2017/6/8 15:36:19,2025/3/19 16:54:26,prefix_unique,pending,同客户斜杠前编码唯一命中；仍需人工核对描述、规格和材质
5,苏州天华超净科技股份有限公司,21302095 / 满衬板18*36 84*45.5,21302095,978,21302095,21302095,满衬板18*36 84*45.5,840×455×mm,013 C1C,1,1,475,551.00,2019/5/13 9:18:13,2019/5/13 9:18:13,prefix_unique,pending,同客户斜杠前编码唯一命中；仍需人工核对描述、规格和材质
5,苏州天华超净科技股份有限公司,10250289 / 五口悬挂离子风机纸箱,10250289,252,10250289,10250289,五口悬挂离子风机纸箱,1480×235×175mm,011 R515A,4,4,72,550.62,2017/1/12 9:05:09,2018/11/15 14:23:29,prefix_unique,pending,同客户斜杠前编码唯一命中；仍需人工核对描述、规格和材质
5,苏州天华超净科技股份有限公司,21301598 / 白底蓝字内盒115*60 115.5*60.5*3,21301598,540,21301598,21301598,白底蓝字内盒115*60 115.5*60.5*3,1155×605×3mm,03 W516R,1,1,60,540.60,2017/4/19 10:04:11,2017/4/19 10:04:11,prefix_unique,pending,同客户斜杠前编码唯一命中；仍需人工核对描述、规格和材质
5,苏州天华超净科技股份有限公司,21301853 / 白底黑字内箱24*36日文字样白色打钩,21301853,137,21301853,21301853,白底黑字内箱24*36日文印刷白色打钩,935×620×25mm,127 130白/85/50/105/130,1,1,60,537.60,2016/12/30 11:58:37,2016/12/30 11:58:37,prefix_unique,pending,同客户斜杠前编码唯一命中；仍需人工核对描述、规格和材质
5,苏州天华超净科技股份有限公司,21302052 / 满衬板45*60,21302052,66,21302052,21302052,满衬板45*60,1505×1130×mm,013 C1C,2,2,80,536.60,2016/12/24 15:52:45,2017/11/8 10:28:47,prefix_unique,pending,同客户斜杠前编码唯一命中；仍需人工核对描述、规格和材质
5,苏州天华超净科技股份有限公司,21311178 / 中性内箱55*69,21311178,265,21311178,21311178,中性内箱55*69,705×560×18mm,012 R5A,4,4,100,531.00,2017/1/12 15:12:25,2017/9/21 17:45:49,prefix_unique,pending,同客户斜杠前编码唯一命中；仍需人工核对描述、规格和材质
5,苏州天华超净科技股份有限公司,21311236 / PURUS 18*45 1845 64 B,21311236,614,21311236,21311236,PURUS 18*45 1845 64 B,1160×475×18mm,09 S6E,1,1,65,528.45,2017/5/26 6:58:16,2017/5/26 6:58:16,prefix_unique,pending,同客户斜杠前编码唯一命中；仍需人工核对描述、规格和材质
5,苏州天华超净科技股份有限公司,22000129/103内盒VWR专用,22000129,,,,,,,1,1,250,527.50,2023/9/22 17:03:19,2023/9/22 17:03:19,prefix_no_match,pending,斜杠前编码未命中产品，需人工查找或后续建产品
5,苏州天华超净科技股份有限公司,21301869 / NAS白底蓝字抽屉式18*36WHITE,21301869,729,21301869,21301869,NAS白底蓝字抽屉式18*36WHITE,925×470×15mm,09 S6E,2,2,81,523.26,2017/8/22 16:59:53,2017/8/26 10:49:55,prefix_unique,pending,同客户斜杠前编码唯一命中；仍需人工核对描述、规格和材质
5,苏州天华超净科技股份有限公司,21311114 / 白底蓝字内盒18*36 THB10,21311114,446,21311114,21311114,白底蓝字内盒18*36 THB10,935×470×25mm,127 130白/85/50/105/130,4,4,84,519.98,2017/3/24 16:50:47,2019/7/31 15:57:37,prefix_unique,pending,同客户斜杠前编码唯一命中；仍需人工核对描述、规格和材质
5,苏州天华超净科技股份有限公司,21311299/中性纸箱26*45灰色打钩,21311299,1744,21311299,21311299,中性纸箱26*45灰色打钩,1150×670×25mm,126 105/105/80,6,6,90,518.40,2020/10/28 8:32:37,2021/9/14 18:40:41,prefix_unique,pending,同客户斜杠前编码唯一命中；仍需人工核对描述、规格和材质
5,苏州天华超净科技股份有限公司,21311294 / 中性外箱箱85*65,21311294,1012,21311294,21311294,中性外箱箱85*65,885×680×155mm,01 R516A,7,7,38,516.76,2018/10/19 13:21:31,2019/4/12 12:25:09,prefix_unique,pending,同客户斜杠前编码唯一命中；仍需人工核对描述、规格和材质
5,苏州天华超净科技股份有限公司,"21301903 / 中性内箱14.75""*17.5""",21301903,999,21301903,21301903,"中性内箱14.75""*17.5""",460×390×25mm,015 R315A,1,1,151,510.38,2018/3/28 12:56:03,2018/3/28 12:56:03,prefix_unique,pending,同客户斜杠前编码唯一命中；仍需人工核对描述、规格和材质
5,苏州天华超净科技股份有限公司,23203029 / 衬板（450*600）,23203029,405,23203029,23203029,衬板（450*600）,630×480×mm,014 C113C,3,3,400,500.00,2017/3/7 12:38:10,2017/9/13 17:33:34,prefix_unique,pending,同客户斜杠前编码唯一命中；仍需人工核对描述、规格和材质
5,苏州天华超净科技股份有限公司,23201093 / 屏蔽袋纸箱55.5*37.5*20,23201093,493,23201093,23201093,屏蔽袋纸箱55.5*37.5*20,555×375×200mm,010 K515R,3,3,64,499.79,2017/4/7 12:35:09,2018/4/9 13:05:20,prefix_unique,pending,同客户斜杠前编码唯一命中；仍需人工核对描述、规格和材质
5,苏州天华超净科技股份有限公司,21311276/中性纸箱63*63cm 66.5*66.5*14,21311276,810,21311276,21311276,中性纸箱63*63cm,665×665×140mm,118 155/115/55/135/155,19,19,46,496.76,2017/10/31 13:22:42,2021/4/20 8:05:59,prefix_unique,pending,同客户斜杠前编码唯一命中；仍需人工核对描述、规格和材质
5,苏州天华超净科技股份有限公司,21301745 / 天华内箱990*380,21301745,526,21301745,21301745,天华内箱990*380,995×385×27mm,165 150/105/150/A,6,6,155,494.45,2021/12/25 16:03:22,2022/9/30 7:50:40,prefix_unique,pending,同客户斜杠前编码唯一命中；仍需人工核对描述、规格和材质
5,苏州天华超净科技股份有限公司,21302102/衬板48*65,21302102,1998,21302102,21302102,衬板48*65,650×480×mm,122 80/50/50/75/80,33,33,393,491.25,2021/10/14 8:45:36,2022/3/18 10:58:28,prefix_unique,pending,同客户斜杠前编码唯一命中；仍需人工核对描述、规格和材质
5,苏州天华超净科技股份有限公司,21301058 /白底蓝字内盒 18*36,21301058,49,21301058,21301058,白底蓝字内箱18*36,935×470×25mm,127 130白/85/50/105/130,1,1,80,488.80,2017/2/11 15:55:06,2017/2/11 15:55:06,prefix_unique,pending,同客户斜杠前编码唯一命中；仍需人工核对描述、规格和材质
5,苏州天华超净科技股份有限公司,23203017 / 衬板88*67,23203017,438,23203017,23203017,衬板85*64,850×640×mm,122 80/50/50/75/80,1,1,200,488.00,2017/2/17 16:39:59,2017/2/17 16:39:59,prefix_unique,pending,同客户斜杠前编码唯一命中；仍需人工核对描述、规格和材质
5,苏州天华超净科技股份有限公司,21311254 / 韩国MEC白底蓝字600*1200,21311254,,,,,,,1,1,51,486.03,2017/7/14 18:03:23,2017/7/14 18:03:23,prefix_no_match,pending,斜杠前编码未命中产品，需人工查找或后续建产品
5,苏州天华超净科技股份有限公司,24*36中性内盒93.5*62*1.8/2.0,24*36中性内盒93.5*62*1.8,,,,,,,1,1,60,486.00,2017/11/3 12:27:30,2017/11/3 12:27:30,prefix_no_match,pending,斜杠前编码未命中产品，需人工查找或后续建产品
5,苏州天华超净科技股份有限公司,23203087 / 内衬板63.5*39.5,23203087,392,23203087,23203087,内衬板63.5*39.5,635×395×mm,014 C113C,10,10,454,485.16,2017/10/16 17:19:46,2017/8/26 10:01:14,prefix_unique,pending,同客户斜杠前编码唯一命中；仍需人工核对描述、规格和材质
5,苏州天华超净科技股份有限公司,21311141 / 白底蓝字内盒80*90 91*81*2.1,21311141,596,21311141,21311141,白底蓝字内盒80*90 91*81*2.1,910×810×21mm,03 W516R,1,1,50,477.50,2017/5/17 16:53:03,2017/5/17 16:53:03,prefix_unique,pending,同客户斜杠前编码唯一命中；仍需人工核对描述、规格和材质
5,苏州天华超净科技股份有限公司,21301812 / 中性内盒35*145,21301812,273,21301812,21301812,中性内盒35*145,1460×360×27mm,012 R5A,8,8,103,476.18,2017/1/14 12:53:12,2017/8/15 15:21:21,prefix_unique,pending,同客户斜杠前编码唯一命中；仍需人工核对描述、规格和材质
5,苏州天华超净科技股份有限公司,21301853 / 白底黑字内箱24*36 日文印刷白色打钩,21301853,137,21301853,21301853,白底黑字内箱24*36日文印刷白色打钩,935×620×25mm,127 130白/85/50/105/130,2,2,61,473.36,2017/1/19 9:05:34,2017/2/4 16:44:02,prefix_unique,pending,同客户斜杠前编码唯一命中；仍需人工核对描述、规格和材质
5,苏州天华超净科技股份有限公司,10250315/直流离子风棒纸箱,10250315,1899,10250315,10250315,直流离子风棒纸箱,1115×75×120mm,146 150/105/50/125/130,1,1,100,470.00,2021/3/18 10:03:54,2021/3/18 10:03:54,prefix_unique,pending,同客户斜杠前编码唯一命中；仍需人工核对描述、规格和材质
5,苏州天华超净科技股份有限公司,21311309/Anclyek内盒78*110,21311309,1981,21311309,21311309,Ancltek内盒78*110,1115×795×28mm,126 105/105/80,7,7,35,464.10,2021/11/13 14:21:29,2021/9/29 7:51:46,prefix_unique,pending,同客户斜杠前编码唯一命中；仍需人工核对描述、规格和材质
5,苏州天华超净科技股份有限公司,21301490 / 中性纸箱70*43cm,21301490,1528,21301490,21301490,中性纸箱70*43cm,720×445×110mm,146 150/105/50/125/130,18,18,71,463.46,2020/1/2 10:13:17,2024/4/21 10:29:52,prefix_unique,pending,同客户斜杠前编码唯一命中；仍需人工核对描述、规格和材质
5,苏州天华超净科技股份有限公司,21311202 / 中性内箱18*24THB10,21311202,261,21311202,21311202,中性内箱18*24THB10,,118 155/115/55/135/155,4,4,112,462.08,2017/1/12 15:08:49,2026/5/9 15:43:04,prefix_unique,pending,同客户斜杠前编码唯一命中；仍需人工核对描述、规格和材质
5,苏州天华超净科技股份有限公司,21301502 / 白底黑字内箱24*36白色打钩,21301502,63,21301502,21301502,白底黑字内箱24*36白色打钩,935×620×25mm,127 130白/85/50/105/130,1,1,61,455.67,2016/12/27 11:10:48,2016/12/27 11:10:48,prefix_unique,pending,同客户斜杠前编码唯一命中；仍需人工核对描述、规格和材质
5,苏州天华超净科技股份有限公司,22901018 / 电子膜纸箱750mm 80*32*16,22901018,602,22901018,22901018,电子膜纸箱750mm 80*32*16,800×320×160mm,01 R516A,1,1,100,449.00,2017/5/22 15:48:01,2017/5/22 15:48:01,prefix_unique,pending,同客户斜杠前编码唯一命中；仍需人工核对描述、规格和材质
5,苏州天华超净科技股份有限公司,21301184 /白底蓝字外箱41*65 68*43*19,21301184,538,21301184,21301184,白底蓝字外箱41*65 68*43*19,680×430×190mm,163 130白/105/50/125/150,27,27,59,446.14,2017/10/26 10:59:27,2021/1/14 12:16:37,prefix_unique,pending,同客户斜杠前编码唯一命中；仍需人工核对描述、规格和材质
5,苏州天华超净科技股份有限公司,21311231 / PURUS 18*36 1836 38 W,21311231,604,21311231,21311231,PURUS 18*36 1836 38 W,930×475×18mm,09 S6E,3,3,75,445.19,2017/5/26 6:40:20,2019/11/28 9:12:02,prefix_unique,pending,同客户斜杠前编码唯一命中；仍需人工核对描述、规格和材质
5,苏州天华超净科技股份有限公司,21301766 / 白底黑字外箱45*60,21301766,832,21301766,21301766,白底黑字外箱45*60,625×475×170mm,127 130白/85/50/105/130,24,24,61,444.46,2022/1/18 15:00:54,2026/5/19 8:55:29,prefix_unique,pending,同客户斜杠前编码唯一命中；仍需人工核对描述、规格和材质
5,苏州天华超净科技股份有限公司,21302101 / 衬板 30*60,21302101,1953,21302101,21302101,衬板 30*60,600×300×mm,122 80/50/50/75/80,29,29,627,433.73,2021/12/22 12:44:09,2026/6/6 10:07:05,prefix_unique,pending,同客户斜杠前编码唯一命中；仍需人工核对描述、规格和材质
5,苏州天华超净科技股份有限公司,21302093/ 18*45 满衬板107.5*46,21302093,925,21302093,21302093,18*45 满衬板107.5*46,1075×460×mm,01 R516A,1,1,180,432.00,2018/1/21 12:58:50,2018/1/21 12:58:50,prefix_unique,pending,同客户斜杠前编码唯一命中；仍需人工核对描述、规格和材质
5,苏州天华超净科技股份有限公司,235BLB07A119 / 衬板41*29,235BLB07A119,450,235BLB07A119,235BLB07A119,衬板41*29,410×290×mm,014 C113C,7,7,998,429.14,2017/3/27 16:05:00,2017/8/4 17:17:34,prefix_unique,pending,同客户斜杠前编码唯一命中；仍需人工核对描述、规格和材质
5,苏州天华超净科技股份有限公司,21311063 / 中性内箱24*36BE侧印BLUE平放勿折,21311063,216,21311063,21311063,中性内箱24*36BE侧印CC平放勿折,935×620×25mm,129 190/135/55/135/155/BE,3,3,59,425.39,2017/1/5 16:44:46,2017/2/10 14:25:07,prefix_unique,pending,同客户斜杠前编码唯一命中；仍需人工核对描述、规格和材质
5,苏州天华超净科技股份有限公司,21311180 / 中性内盒43*114cm,21311180,2007,21311180,21311180,中性内盒43*114cm,1155×440×18mm,156 150/85/50/105/150/BE,3,3,71,417.81,2022/5/31 14:22:51,2023/4/10 16:53:49,prefix_unique,pending,同客户斜杠前编码唯一命中；仍需人工核对描述、规格和材质
5,苏州天华超净科技股份有限公司,21311334 / 抽屉式绿字印刷内盒,21311334,2334,21311334,21311334,抽屉式绿字印刷内盒,920×615×22mm,125 130白/95/55/115/155/BE,1,1,51,417.69,2022/8/16 9:10:24,2022/8/16 9:10:24,prefix_unique,pending,同客户斜杠前编码唯一命中；仍需人工核对描述、规格和材质
5,苏州天华超净科技股份有限公司,21311119 /26*45白底蓝字内盒,21311119,235,21311119,21311119,白底蓝字内箱26*45THB8,1155×690×25mm,127 130白/85/50/105/130,1,1,41,414.92,2017/2/6 13:24:32,2017/2/6 13:24:32,prefix_unique,pending,同客户斜杠前编码唯一命中；仍需人工核对描述、规格和材质
5,苏州天华超净科技股份有限公司,21302013 / 满衬板双瓦 56*43,21302013,104,21302013,21302013,满衬板 56*43,560×430×mm,124 80/75/80,3,3,581,412.51,2016/12/27 15:00:44,2017/1/17 9:51:12,prefix_unique,pending,同客户斜杠前编码唯一命中；仍需人工核对描述、规格和材质
5,苏州天华超净科技股份有限公司,21301613 / 中性内箱52*45,21301613,133,21301613,21301613,中性内箱52*45,1335×1155×25mm,011 R515A,11,11,22,401.02,2016/12/30 11:29:09,2019/9/17 10:10:24,prefix_unique,pending,同客户斜杠前编码唯一命中；仍需人工核对描述、规格和材质
5,苏州天华超净科技股份有限公司,21311209 / 韩国MEC白底蓝字内箱60*90,21311209,122,21311209,21311209,韩国MEC白底蓝字内箱600*900,935×620×25mm,127 130白/85/50/105/130,1,1,53,397.50,2016/12/30 9:40:58,2016/12/30 9:40:58,prefix_unique,pending,同客户斜杠前编码唯一命中；仍需人工核对描述、规格和材质
5,苏州天华超净科技股份有限公司,21302071 / 24*30满衬板73.5*58,21302071,731,21302071,21302071,24*30满衬板73.5*58,735×580×3mm,013 C1C,4,4,205,395.60,2017/11/18 13:52:23,2017/8/26 10:50:34,prefix_unique,pending,同客户斜杠前编码唯一命中；仍需人工核对描述、规格和材质
5,苏州天华超净科技股份有限公司,21301888 / 24*36中性纸箱,21301888,,,,,,,3,3,35,393.40,2022/2/22 14:07:47,2022/6/16 10:17:03,prefix_no_match,pending,斜杠前编码未命中产品，需人工查找或后续建产品
5,苏州天华超净科技股份有限公司,21301115/中性白底蓝字24*36侧印BLUE,21301115,813,21301115,21301115,中性白底蓝字24*36侧印BLUE,935×620×25mm,127 130白/85/50/105/130,7,7,47,392.74,2017/11/2 9:09:14,2019/9/6 7:56:16,prefix_unique,pending,同客户斜杠前编码唯一命中；仍需人工核对描述、规格和材质
5,苏州天华超净科技股份有限公司,21301385 / 中性内箱20*100,21301385,134,21301385,21301385,中性内箱20*100,1010×210×25mm,011 R515A,7,7,115,389.15,2016/12/30 11:30:20,2018/1/31 16:51:14,prefix_unique,pending,同客户斜杠前编码唯一命中；仍需人工核对描述、规格和材质
5,苏州天华超净科技股份有限公司,21302087 / 满衬板36*45 107*91,21302087,1213,21302087,21302087,满衬板36*45 107*91,1070×810×mm,011 R515A,4,4,93,387.80,2018/10/11 8:44:16,2020/12/30 11:17:47,prefix_unique,pending,同客户斜杠前编码唯一命中；仍需人工核对描述、规格和材质
5,苏州天华超净科技股份有限公司,21311317/白底绿字抽屉式纸箱92*34.5*2,21311317,,,,,,,1,1,20,386.80,2021/8/30 14:29:52,2021/8/30 14:29:52,prefix_no_match,pending,斜杠前编码未命中产品，需人工查找或后续建产品
5,苏州天华超净科技股份有限公司,21301856 / 白底黑字内箱60*120日文字样蓝色打钩,21301856,144,21301856,21301856,白底黑字内箱60*120日文印刷蓝色打钩,1215×615×25mm,127 130白/85/50/105/130,2,2,40,381.20,2016/12/30 13:48:16,2017/1/4 8:44:52,prefix_unique,pending,同客户斜杠前编码唯一命中；仍需人工核对描述、规格和材质
5,苏州天华超净科技股份有限公司,21308003 /衬板66*20,21308003,113,21308003,21308003,衬板66*20,660×200×mm,124 80/75/80,1,1,1000,380.00,2017/2/16 8:07:40,2017/2/16 8:07:40,prefix_unique,pending,同客户斜杠前编码唯一命中；仍需人工核对描述、规格和材质
5,苏州天华超净科技股份有限公司,21301158/中性外箱28*36*11,21301158,693,21301158,21301158,中性外箱28*36*11,360×280×110mm,118 155/115/55/135/155,33,33,117,370.61,2017/7/10 16:19:55,2021/9/7 11:28:45,prefix_unique,pending,同客户斜杠前编码唯一命中；仍需人工核对描述、规格和材质
5,苏州天华超净科技股份有限公司,10250598 / TH-006W纸箱,10250598,1082,10250598,10250598,TH-006W纸箱,1670×160×150mm,010 K515R,1,1,50,367.50,2018/5/30 13:48:19,2018/5/30 13:48:19,prefix_unique,pending,同客户斜杠前编码唯一命中；仍需人工核对描述、规格和材质
5,苏州天华超净科技股份有限公司,10250594/TH-003W纸箱,10250594,,,,,,,1,1,100,366.00,2018/5/30 13:36:40,2018/5/30 13:36:40,prefix_no_match,pending,斜杠前编码未命中产品，需人工查找或后续建产品
5,苏州天华超净科技股份有限公司,21311196 / 白底蓝字内箱93*47*1.8BE,21311196,218,21311196,21311196,白底蓝字内箱93*47*1.8BE,930×470×18mm,043 W515R,4,4,58,364.04,2017/1/5 16:45:25,2018/3/14 12:03:09,prefix_unique,pending,同客户斜杠前编码唯一命中；仍需人工核对描述、规格和材质
5,苏州天华超净科技股份有限公司,21301450 / 白底黑字中性内盒60*76,21301450,1978,21301450,21301450,白底黑字中性内盒60*76,770×610×28mm,127 130白/85/50/105/130,1,1,60,362.40,2022/5/21 9:08:47,2022/5/21 9:08:47,prefix_unique,pending,同客户斜杠前编码唯一命中；仍需人工核对描述、规格和材质
5,苏州天华超净科技股份有限公司,10250197/KD1002包装纸箱60.5*41*19,10250197,995,10250197,10250197,KD1002包装纸箱60.5*41*19,605×410×190mm,118 155/115/55/135/155,1,1,50,360.00,2018/3/25 13:06:34,2018/3/25 13:06:34,prefix_unique,pending,同客户斜杠前编码唯一命中；仍需人工核对描述、规格和材质
5,苏州天华超净科技股份有限公司,21302005 / 满衬板100*80cm,21302005,164,21302005,21302005,满衬板100*80cm,1000×800×mm,014 C113C,1,1,150,360.00,2017/1/3 10:52:40,2017/1/3 10:52:40,prefix_unique,pending,同客户斜杠前编码唯一命中；仍需人工核对描述、规格和材质
5,苏州天华超净科技股份有限公司,21301929 / 白底蓝字外箱45*116,21301929,1347,21301929,21301929,白底蓝字外箱45*116,1200×480×135mm,127 130白/85/50/105/130,6,6,32,356.27,2019/5/31 14:43:15,2023/4/7 9:33:46,prefix_unique,pending,同客户斜杠前编码唯一命中；仍需人工核对描述、规格和材质
5,苏州天华超净科技股份有限公司,21311180/中性内盒43*114cm,21311180,2007,21311180,21311180,中性内盒43*114cm,1155×440×18mm,156 150/85/50/105/150/BE,3,3,60,354.60,2021/11/26 10:29:50,2021/9/23 17:15:29,prefix_unique,pending,同客户斜杠前编码唯一命中；仍需人工核对描述、规格和材质
5,苏州天华超净科技股份有限公司,235BLT01D120 / 纸箱38.3*28*34,235BLT01D120,385,235BLT01D120,235BLT01D120,纸箱38.3*28*34,383×280×340mm,034 F515F,1,1,75,352.50,2017/3/2 9:37:46,2017/3/2 9:37:46,prefix_unique,pending,同客户斜杠前编码唯一命中；仍需人工核对描述、规格和材质
5,苏州天华超净科技股份有限公司,21301540 / 中性内箱150*65,21301540,490,21301540,21301540,中性内箱150*65,1525×675×180mm,011 R515A,7,7,30,346.48,2017/4/6 12:46:52,2020/4/13 10:20:11,prefix_unique,pending,同客户斜杠前编码唯一命中；仍需人工核对描述、规格和材质
5,苏州天华超净科技股份有限公司,23101129 / 纸箱隔板51*35,23101129,1187,23101129,23101129,纸箱隔板51*35,510×350×mm,051 J6J,4,4,420,343.60,2018/10/18 8:29:08,2019/1/18 11:58:55,prefix_unique,pending,同客户斜杠前编码唯一命中；仍需人工核对描述、规格和材质
5,苏州天华超净科技股份有限公司,21301757 / 中性外箱 85*105,21301757,445,21301757,21301757,中性外箱 85*105,1080×880×185mm,01 R516A,11,11,17,343.56,2017/10/11 12:58:50,2019/10/8 14:46:20,prefix_unique,pending,同客户斜杠前编码唯一命中；仍需人工核对描述、规格和材质
5,苏州天华超净科技股份有限公司,23201054 / 屏蔽袋纸箱50.5*45.5*14.5,23201054,472,23201054,23201054,屏蔽袋纸箱50.5*45.5*14.5,505×455×145mm,010 K515R,3,3,45,343.30,2017/3/30 8:12:03,2020/8/13 9:26:22,prefix_unique,pending,同客户斜杠前编码唯一命中；仍需人工核对描述、规格和材质
5,苏州天华超净科技股份有限公司,21301057 / 白底蓝字外箱18*45,21301057,1010,21301057,21301057,白底蓝字外箱18*45,1170×485×185mm,127 130白/85/50/105/130,13,13,28,342.57,2018/11/19 13:38:02,2022/1/22 16:03:22,prefix_unique,pending,同客户斜杠前编码唯一命中；仍需人工核对描述、规格和材质
5,苏州天华超净科技股份有限公司,21301774 / 白底黑字外箱24*36,21301774,223,21301774,21301774,白底黑字外箱24*36,955×635×185mm,127 130白/85/50/105/130,11,11,28,339.62,2017/1/6 16:26:42,2022/5/28 13:33:51,prefix_unique,pending,同客户斜杠前编码唯一命中；仍需人工核对描述、规格和材质
5,苏州天华超净科技股份有限公司,23203023 / 内衬板67*88,23203023,253,23203023,23203023,内衬板67*88,880×670×mm,122 80/50/50/75/80,1,1,150,331.50,2022/10/14 12:50:08,2022/10/14 12:50:08,prefix_unique,pending,同客户斜杠前编码唯一命中；仍需人工核对描述、规格和材质
5,苏州天华超净科技股份有限公司,21301910 / 白底黑字外箱24*36ESD,21301910,1317,21301910,21301910,白底黑字外箱24*36ESD,955×635×185mm,127 130白/85/50/105/130,9,9,30,328.92,2021/12/28 17:04:54,2026/2/2 14:36:50,prefix_unique,pending,同客户斜杠前编码唯一命中；仍需人工核对描述、规格和材质
5,苏州天华超净科技股份有限公司,22000091 / 劳保鞋中号纸箱60*41*35,22000091,462,22000091,22000091,劳保鞋中号纸箱60*41*35,600×410×350mm,155 150/105/50/125/105,1,1,50,328.50,2017/3/28 14:02:28,2017/3/28 14:02:28,prefix_unique,pending,同客户斜杠前编码唯一命中；仍需人工核对描述、规格和材质
5,苏州天华超净科技股份有限公司,21301455 / 白底蓝字外箱18*46,21301455,191,21301455,21301455,白底蓝字外箱18*46,1190×480×145mm,03 W516R,5,5,30,323.80,2017/1/4 8:50:43,2018/6/1 15:38:23,prefix_unique,pending,同客户斜杠前编码唯一命中；仍需人工核对描述、规格和材质
5,苏州天华超净科技股份有限公司,22000131 / 102A外箱VWR专用,22000131,,,,,,,1,1,30,323.70,2023/9/22 17:05:18,2023/9/22 17:05:18,prefix_no_match,pending,斜杠前编码未命中产品，需人工查找或后续建产品
5,苏州天华超净科技股份有限公司,21301576 / 中性纸箱70*43,21301576,400,21301576,21301576,中性纸箱70*43,725×455×18mm,011 R515A,10,10,41,321.55,2017/10/17 8:30:30,2018/4/10 9:09:47,prefix_unique,pending,同客户斜杠前编码唯一命中；仍需人工核对描述、规格和材质
5,苏州天华超净科技股份有限公司,10250597 / TH-005W纸箱,10250597,1081,10250597,10250597,TH-005W纸箱,1410×160×150mm,010 K515R,1,1,50,317.50,2018/5/30 13:47:35,2018/5/30 13:47:35,prefix_unique,pending,同客户斜杠前编码唯一命中；仍需人工核对描述、规格和材质
5,苏州天华超净科技股份有限公司,21311332 / 中性纸箱100*50cm,21311332,2329,21311332,21311332,中性纸箱100*50cm,1020×515×18mm,126 105/105/80,2,2,51,316.20,2022/8/11 20:17:56,2022/9/26 14:38:08,prefix_unique,pending,同客户斜杠前编码唯一命中；仍需人工核对描述、规格和材质
5,苏州天华超净科技股份有限公司,23203070 / 内衬板48.5*39.5,23203070,370,23203070,23203070,内衬板48.5*39.5,485×395×mm,013 C1C,2,2,400,316.00,2017/2/25 15:46:35,2017/2/28 12:43:46,prefix_unique,pending,同客户斜杠前编码唯一命中；仍需人工核对描述、规格和材质
5,苏州天华超净科技股份有限公司,21311242 / PURUS 26*45 2645 38 G,21311242,619,21311242,21311242,PURUS 26*45 2645 38 G,1160×680×18mm,09 S6E,1,1,33,315.15,2017/5/26 7:10:54,2017/5/26 7:10:54,prefix_unique,pending,同客户斜杠前编码唯一命中；仍需人工核对描述、规格和材质
5,苏州天华超净科技股份有限公司,21301368 / 中性内箱120*70,21301368,826,21301368,21301368,中性内箱120*70,,122 80/50/50/75/80,14,14,31,312.02,2017/11/18 14:19:55,2024/4/8 14:36:32,prefix_unique,pending,同客户斜杠前编码唯一命中；仍需人工核对描述、规格和材质
5,苏州天华超净科技股份有限公司,21311291/卡其色红黑抽屉式18*36,21311291,919,21311291,21311291,卡其色红黑抽屉式18*36,920×455×20mm,156 150/85/50/105/150/BE,1,1,51,311.61,2018/1/21 12:42:43,2018/1/21 12:42:43,prefix_unique,pending,同客户斜杠前编码唯一命中；仍需人工核对描述、规格和材质
5,苏州天华超净科技股份有限公司,23201033 /屏蔽袋纸箱48*38*14,23201033,256,23201033,23201033,屏蔽袋纸箱48*38*12.5,480×380×125mm,118 155/115/55/135/155,1,1,52,311.48,2017/1/12 14:32:07,2017/1/12 14:32:07,prefix_unique,pending,同客户斜杠前编码唯一命中；仍需人工核对描述、规格和材质
5,苏州天华超净科技股份有限公司,23203016 /衬板90*75,23203016,496,23203016,23203016,衬板72*87,870×712×mm,122 80/50/50/75/80,1,1,160,308.80,2017/2/17 16:43:19,2017/2/17 16:43:19,prefix_unique,pending,同客户斜杠前编码唯一命中；仍需人工核对描述、规格和材质
5,苏州天华超净科技股份有限公司,10250619/TH-002风机包装箱,10250619,1080,10250619,10250619,TH-002风机包装箱,550×160×155mm,113 190/145/50/145/175,1,1,100,308.00,2018/5/30 13:33:32,2018/5/30 13:33:32,prefix_unique,pending,同客户斜杠前编码唯一命中；仍需人工核对描述、规格和材质
5,苏州天华超净科技股份有限公司,21301759 / 中性外箱1*1.6m,21301759,326,21301759,21301759,中性外箱1*1.6m,1630×1030×170mm,155 150/105/50/125/105,9,9,10,299.40,2017/2/8 14:56:15,2024/3/15 16:52:05,prefix_unique,pending,同客户斜杠前编码唯一命中；仍需人工核对描述、规格和材质
5,苏州天华超净科技股份有限公司,21311301 / 中性内盒73.5*145,21311301,1849,21311301,21311301,中性内盒73.5*145,1470×750×18mm,011 R515A,4,4,26,299.00,2021/1/7 11:20:11,2021/7/9 10:57:52,prefix_unique,pending,同客户斜杠前编码唯一命中；仍需人工核对描述、规格和材质
5,苏州天华超净科技股份有限公司,21301778/美国专用纸箱26*45抽屉式,21301778,,,,,,,1,1,31,295.74,2021/3/26 11:37:42,2021/3/26 11:37:42,prefix_no_match,pending,斜杠前编码未命中产品，需人工查找或后续建产品
5,苏州天华超净科技股份有限公司,21301851 / 18*36白底黑字内盒,21301851,139,21301851,21301851,白底黑字内箱18*36 日文印刷白色打钩,935×470×25mm,127 130白/85/50/105/130,3,3,50,294.00,2017/3/7 8:22:51,2018/9/7 15:27:33,prefix_unique,pending,同客户斜杠前编码唯一命中；仍需人工核对描述、规格和材质
5,苏州天华超净科技股份有限公司,21302046 / 满衬板45*60,21302046,228,21302046,21302046,满衬板45*60,580×440×mm,124 80/75/80,40,40,413,288.77,2017/1/7 14:57:04,2026/5/19 9:09:19,prefix_unique,pending,同客户斜杠前编码唯一命中；仍需人工核对描述、规格和材质
5,苏州天华超净科技股份有限公司,21301600 / 中性外箱30*40,21301600,242,21301600,21301600,中性外箱30*40,425×325×185mm,118 155/115/55/135/155,21,21,72,280.95,2017/1/9 15:19:20,2024/9/24 16:08:40,prefix_unique,pending,同客户斜杠前编码唯一命中；仍需人工核对描述、规格和材质
5,苏州天华超净科技股份有限公司,21301902/26*45中性内盒115*67*2.8,21301902,990,21301902,21301902,26*45中性内盒115*67*2.8,1150×670×28mm,012 R5A,1,1,40,278.80,2018/3/20 12:32:40,2018/3/20 12:32:40,prefix_unique,pending,同客户斜杠前编码唯一命中；仍需人工核对描述、规格和材质
5,苏州天华超净科技股份有限公司,23201119 / 屏蔽袋纸箱52*83*18,23201119,1237,23201119,23201119,屏蔽袋纸箱52*83*18,830×520×180mm,010 K515R,1,1,20,275.40,2018/11/28 9:54:36,2018/11/28 9:54:36,prefix_unique,pending,同客户斜杠前编码唯一命中；仍需人工核对描述、规格和材质
5,苏州天华超净科技股份有限公司,21301252 / 中性内箱26*45.10本装侧印CC,21301252,109,21301252,21301252,中性内箱26*45.10本装,1150×665×30mm,012 R5A,1,1,30,271.80,2017/1/7 14:39:05,2017/1/7 14:39:05,prefix_unique,pending,同客户斜杠前编码唯一命中；仍需人工核对描述、规格和材质
5,苏州天华超净科技股份有限公司,21311298/中性纸箱1153*460*21灰色打钩,21311298,1745,21311298,21311298,中性纸箱1153*460*21灰色打钩,1152×460×18mm,126 105/105/80,3,3,65,270.40,2020/10/28 8:38:55,2021/7/2 10:25:24,prefix_unique,pending,同客户斜杠前编码唯一命中；仍需人工核对描述、规格和材质
5,苏州天华超净科技股份有限公司,21308002 / 衬板98*20,21308002,38,21308002,21308002,衬板100*20,1000×200×mm,124 80/75/80,20,20,730,270.10,2022/3/19 14:33:38,2024/8/8 14:44:36,prefix_unique,pending,同客户斜杠前编码唯一命中；仍需人工核对描述、规格和材质
5,苏州天华超净科技股份有限公司,22000132 / 103A外箱VWR专用,22000132,,,,,,,1,1,25,269.75,2023/9/22 17:06:20,2023/9/22 17:06:20,prefix_no_match,pending,斜杠前编码未命中产品，需人工查找或后续建产品
5,苏州天华超净科技股份有限公司,23203076 / 内衬板46*31.5,23203076,629,23203076,23203076,内衬板46*31.5,460×315×mm,014 C113C,4,4,416,268.22,2017/11/30 8:10:45,2020/2/21 16:38:20,prefix_unique,pending,同客户斜杠前编码唯一命中；仍需人工核对描述、规格和材质
5,苏州天华超净科技股份有限公司,21311222 / 白色内箱36*45出口,21311222,248,21311222,21311222,白色内箱36*45,1160×930×15mm,03 W516R,1,1,20,265.80,2017/1/11 10:15:11,2017/1/11 10:15:11,prefix_unique,pending,同客户斜杠前编码唯一命中；仍需人工核对描述、规格和材质
5,苏州天华超净科技股份有限公司,10250619 / TH-002风机包装箱,10250619,1080,10250619,10250619,TH-002风机包装箱,550×160×155mm,113 190/145/50/145/175,2,2,100,263.50,2023/4/26 11:11:12,2023/7/3 7:58:46,prefix_unique,pending,同客户斜杠前编码唯一命中；仍需人工核对描述、规格和材质
5,苏州天华超净科技股份有限公司,23201051 / 屏蔽袋纸箱150*200,23201051,753,23201051,23201051,屏蔽袋纸箱（150*200）,330×230×230mm,011 R515A,2,2,72,256.32,2016/12/30 11:39:24,2017/3/14 16:34:42,prefix_unique,pending,同客户斜杠前编码唯一命中；仍需人工核对描述、规格和材质
5,苏州天华超净科技股份有限公司,10250750 / 150mm直流离子风棒纸箱,10250750,1898,10250750,10250750,150mm直流离子风棒纸箱,1615×75×120mm,113 190/145/50/145/175,1,1,50,254.50,2022/12/8 16:47:36,2022/12/8 16:47:36,prefix_unique,pending,同客户斜杠前编码唯一命中；仍需人工核对描述、规格和材质
5,苏州天华超净科技股份有限公司,21301834/白底蓝字MAX-A60*90 BL,21301834,981,21301834,21301834,白底蓝字MAX-A60*90 BL,910×610×26mm,125 130白/95/55/115/155/BE,1,1,30,252.90,2018/3/9 11:24:37,2018/3/9 11:24:37,prefix_unique,pending,同客户斜杠前编码唯一命中；仍需人工核对描述、规格和材质
5,苏州天华超净科技股份有限公司,21301073 / 中性外箱18*24 62*47*19,21301073,627,21301073,21301073,中性外箱18*24 62*47*19,620×470×190mm,118 155/115/55/135/155,16,16,37,252.29,2017/5/27 17:48:25,2022/3/26 14:33:27,prefix_unique,pending,同客户斜杠前编码唯一命中；仍需人工核对描述、规格和材质
5,苏州天华超净科技股份有限公司,21311089 / 中性内箱78*78,21311089,1265,21311089,21311089,中性内箱78*78,875×785×21mm,01 R516A,2,2,26,250.38,2019/1/23 14:16:03,2019/3/11 9:59:46,prefix_unique,pending,同客户斜杠前编码唯一命中；仍需人工核对描述、规格和材质
5,苏州天华超净科技股份有限公司,23201053 /屏蔽袋纸箱82.5*79*29,23201053,944,23201053,23201053,屏蔽袋纸箱82.5*79*12,825×790×120mm,137 240/125/50/125/130,1,1,10,250.10,2018/2/3 8:53:35,2018/2/3 8:53:35,prefix_unique,pending,同客户斜杠前编码唯一命中；仍需人工核对描述、规格和材质
5,苏州天华超净科技股份有限公司,21301766/白底黑字外箱45*60,21301766,832,21301766,21301766,白底黑字外箱45*60,625×475×170mm,127 130白/85/50/105/130,18,18,31,249.68,2017/11/29 12:20:37,2021/9/11 14:20:59,prefix_unique,pending,同客户斜杠前编码唯一命中；仍需人工核对描述、规格和材质
5,苏州天华超净科技股份有限公司,21301801/ANCLTEK外箱470*400,21301801,1021,21301801,21301801,Ancltek外箱470*400,495×425×165mm,146 150/105/50/125/130,11,11,44,249.64,2018/4/16 17:05:32,2021/9/22 13:44:51,prefix_unique,pending,同客户斜杠前编码唯一命中；仍需人工核对描述、规格和材质
5,苏州天华超净科技股份有限公司,21302082/ 18*36 满衬板84*45.5,21302082,918,21302082,21302082,18*36 满衬板84*45.5,840×455×mm,122 80/50/50/75/80,11,11,152,248.00,2018/1/21 12:39:51,2021/8/21 8:15:31,prefix_unique,pending,同客户斜杠前编码唯一命中；仍需人工核对描述、规格和材质
5,苏州天华超净科技股份有限公司,23201094 / 屏蔽袋纸箱515*370*195,23201094,628,23201094,23201094,屏蔽袋纸箱515*370*195,515×370×195mm,010 K515R,2,2,43,244.31,2020/4/25 9:16:06,2020/5/21 12:03:59,prefix_unique,pending,同客户斜杠前编码唯一命中；仍需人工核对描述、规格和材质
5,苏州天华超净科技股份有限公司,21301450/白底黑字中性内盒60*76,21301450,1978,21301450,21301450,白底黑字中性内盒60*76,770×610×28mm,127 130白/85/50/105/130,1,1,40,241.60,2021/6/17 10:01:11,2021/6/17 10:01:11,prefix_unique,pending,同客户斜杠前编码唯一命中；仍需人工核对描述、规格和材质
5,苏州天华超净科技股份有限公司,21301890 / 26*45中性纸箱,21301890,,,,,,,2,2,15,241.15,2022/4/9 10:46:45,2022/6/16 10:17:27,prefix_no_match,pending,斜杠前编码未命中产品，需人工查找或后续建产品
5,苏州天华超净科技股份有限公司,23201060 / 屏蔽袋纸箱400*280  60*43*16,23201060,488,23201060,23201060,屏蔽袋纸箱400*280  60*43*16,600×430×160mm,023 K546K,1,1,30,240.90,2017/4/6 9:57:34,2017/4/6 9:57:34,prefix_unique,pending,同客户斜杠前编码唯一命中；仍需人工核对描述、规格和材质
5,苏州天华超净科技股份有限公司,21301833 / 白底蓝字外箱21*36,21301833,687,21301833,21301833,白底黑字外箱21*36,950×570×180mm,03 W516R,1,1,20,233.80,2017/7/3 10:03:49,2017/7/3 10:03:49,prefix_unique,pending,同客户斜杠前编码唯一命中；仍需人工核对描述、规格和材质
5,苏州天华超净科技股份有限公司,22901002 / 中性纸箱132*32*16,22901002,2049,22901002,22901002,中性纸箱132*32*16,1320×320×160mm,113 190/145/50/145/175,1,1,30,232.80,2022/4/29 9:48:35,2022/4/29 9:48:35,prefix_unique,pending,同客户斜杠前编码唯一命中；仍需人工核对描述、规格和材质
5,苏州天华超净科技股份有限公司,21311245 / PURUS 36*36 3636 64 B,21311245,623,21311245,21311245,PURUS 36*36 3636 64 B,930×930×18mm,09 S6E,1,1,21,224.28,2017/5/26 7:16:14,2017/5/26 7:16:14,prefix_unique,pending,同客户斜杠前编码唯一命中；仍需人工核对描述、规格和材质
5,苏州天华超净科技股份有限公司,21311240 / PURUS 24*36 2436 64 W,21311240,617,21311240,21311240,PURUS 24*36 2436 64 W,930×625×18mm,09 S6E,1,1,30,223.80,2017/5/26 7:04:52,2017/5/26 7:04:52,prefix_unique,pending,同客户斜杠前编码唯一命中；仍需人工核对描述、规格和材质
5,苏州天华超净科技股份有限公司,21302093 / 18*45 满衬板107.5*46,21302093,925,21302093,21302093,18*45 满衬板107.5*46,1075×460×mm,01 R516A,2,2,93,223.20,2021/3/3 10:34:51,2022/9/23 14:15:58,prefix_unique,pending,同客户斜杠前编码唯一命中；仍需人工核对描述、规格和材质
5,苏州天华超净科技股份有限公司,21301838 / NAS 白底蓝字抽屉式24*30,21301838,728,21301838,21301838,NAS 白底蓝字抽屉式24*30WHITE,775×620×15mm,09 S6E,1,1,31,220.72,2017/8/22 17:03:54,2017/8/22 17:03:54,prefix_unique,pending,同客户斜杠前编码唯一命中；仍需人工核对描述、规格和材质
5,苏州天华超净科技股份有限公司,18*46衬板 455*1110/BE,18*46衬板 455*1110,,,,,,,1,1,100,218.00,2017/8/11 8:52:08,2017/8/11 8:52:08,prefix_no_match,pending,斜杠前编码未命中产品，需人工查找或后续建产品
5,苏州天华超净科技股份有限公司,21301105 / 白底蓝字内箱24*36,21301105,1467,21301105,21301105,白底蓝字内箱24*36BLUE,,125 130白/95/55/115/155/BE,2,2,27,212.76,2019/11/11 11:03:09,2019/12/9 14:43:58,prefix_unique,pending,同客户斜杠前编码唯一命中；仍需人工核对描述、规格和材质
5,苏州天华超净科技股份有限公司,21311322 / 中性内箱108*150,21311322,2201,21311322,21311322,中性内箱108*150,1515×1095×25mm,129 190/135/55/135/155/BE,1,1,10,212.10,2022/2/22 15:43:06,2022/2/22 15:43:06,prefix_unique,pending,同客户斜杠前编码唯一命中；仍需人工核对描述、规格和材质
5,苏州天华超净科技股份有限公司,21301783 / 美国白底黑字内箱24*30拼版式,21301783,10,21301783,21301783,美国白底黑字内箱24*30拼版式,775×605×20mm,09 S6E,1,1,30,210.30,2016/12/24 15:44:05,2016/12/24 15:44:05,prefix_unique,pending,同客户斜杠前编码唯一命中；仍需人工核对描述、规格和材质
5,苏州天华超净科技股份有限公司,21311339 / 中性内箱60*115,21311339,2379,21311339,21311339,中性内箱60*115,1165×615×25mm,129 190/135/55/135/155/BE,4,4,19,209.95,2022/12/28 13:39:31,2024/1/11 15:24:37,prefix_unique,pending,同客户斜杠前编码唯一命中；仍需人工核对描述、规格和材质
5,苏州天华超净科技股份有限公司,21301291 / 中性外箱1.14*2m,21301291,337,21301291,21301291,中性外箱1.14*2m,2030×1160×170mm,011 R515A,2,2,5,209.61,2017/2/14 10:14:57,2017/9/11 14:51:07,prefix_unique,pending,同客户斜杠前编码唯一命中；仍需人工核对描述、规格和材质
5,苏州天华超净科技股份有限公司,21302039 / 衬板79*126,21302039,497,21302039,21302039,衬板79*126,1260×790×mm,104 80国产A/75A/80国产A/B,4,4,76,207.12,2017/4/7 16:34:00,2025/4/23 10:25:28,prefix_unique,pending,同客户斜杠前编码唯一命中；仍需人工核对描述、规格和材质
5,苏州天华超净科技股份有限公司,21301881 /A356专用包装箱25*45,21301881,744,21301881,21301881,A356专用包装箱25*45,1160×650×15mm,102 170俄/145/170俄/B,6,6,18,202.56,2017/8/26 10:52:46,2020/2/25 16:19:17,prefix_unique,pending,同客户斜杠前编码唯一命中；仍需人工核对描述、规格和材质
5,苏州天华超净科技股份有限公司,21301734 / 中性内箱1m*1.9m,21301734,130,21301734,21301734,中性内箱1m*1.9m,1910×1010×28mm,01 R516A,3,3,9,198.33,2017/11/3 8:47:50,2018/9/4 14:10:33,prefix_unique,pending,同客户斜杠前编码唯一命中；仍需人工核对描述、规格和材质
5,苏州天华超净科技股份有限公司,21302082 / 18*36 满衬板84*45.5,21302082,918,21302082,21302082,18*36 满衬板84*45.5,840×455×mm,122 80/50/50/75/80,12,12,129,197.37,2022/1/18 15:00:27,2025/4/15 14:39:21,prefix_unique,pending,同客户斜杠前编码唯一命中；仍需人工核对描述、规格和材质
5,苏州天华超净科技股份有限公司,21301880 / NAS白底蓝字抽屉式18*36 BLUE,21301880,730,21301880,21301880,NAS白底蓝字抽屉式18*36 BLUE,925×470×15mm,09 S6E,1,1,30,193.80,2017/8/22 17:02:13,2017/8/22 17:02:13,prefix_unique,pending,同客户斜杠前编码唯一命中；仍需人工核对描述、规格和材质
5,苏州天华超净科技股份有限公司,21311205 / 中性外箱114*43,21311205,268,21311205,21311205,中性外箱114*43,1175×465×145mm,011 R515A,8,8,19,193.60,2017/9/13 17:41:14,2018/7/10 14:51:09,prefix_unique,pending,同客户斜杠前编码唯一命中；仍需人工核对描述、规格和材质
5,苏州天华超净科技股份有限公司,21311047 / 白色内盒40*60,21311047,557,21311047,21311047,白色内盒40*60,605×405×21mm,03 W516R,3,3,50,192.20,2017/4/28 16:08:18,2019/12/13 12:27:17,prefix_unique,pending,同客户斜杠前编码唯一命中；仍需人工核对描述、规格和材质
5,苏州天华超净科技股份有限公司,21311333 / 中性外箱100*50cm,21311333,2330,21311333,21311333,中性外箱100*50cm,1040×530×135mm,146 150/105/50/125/130,3,3,15,192.00,2022/8/11 20:18:54,2022/9/26 14:49:56,prefix_unique,pending,同客户斜杠前编码唯一命中；仍需人工核对描述、规格和材质
5,苏州天华超净科技股份有限公司,21311342 / 中性内箱1m*1.2m,21311342,2390,21311342,21311342,中性内箱1m*1.2m,1235×1030×155mm,113 190/145/50/145/175,1,1,6,189.18,2023/2/3 13:03:32,2023/2/3 13:03:32,prefix_unique,pending,同客户斜杠前编码唯一命中；仍需人工核对描述、规格和材质
5,苏州天华超净科技股份有限公司,21301467 / A356专用包装箱36*46,21301467,329,21301467,21301467,A356专用包装箱36*46 GG,1195×930×15mm,102 170俄/145/170俄/B,3,3,13,188.89,2017/2/8 15:27:37,2017/6/7 17:12:09,prefix_unique,pending,同客户斜杠前编码唯一命中；仍需人工核对描述、规格和材质
5,苏州天华超净科技股份有限公司,21311203 / 中性外箱18*24THB10,21311203,262,21311203,21311203,中性外箱18*24THB10,,123 240/165/50/165/175,4,4,27,188.87,2017/1/12 15:09:38,2026/1/9 11:26:18,prefix_unique,pending,同客户斜杠前编码唯一命中；仍需人工核对描述、规格和材质
5,苏州天华超净科技股份有限公司,21311181 / 中性外箱43*114cm,21311181,2008,21311181,21311181,中性外箱43*114cm,1170×455×145mm,111 175/105/50/125/130,4,4,18,187.70,2022/5/31 14:23:07,2023/4/10 16:54:02,prefix_unique,pending,同客户斜杠前编码唯一命中；仍需人工核对描述、规格和材质
5,苏州天华超净科技股份有限公司,21311083 / Ancltek内箱78*91,21311083,53,21311083,21311083,Ancltek内箱78*91,915×785×21mm,012 R5A,5,5,31,184.14,2016/12/27 10:16:55,2017/9/7 16:35:26,prefix_unique,pending,同客户斜杠前编码唯一命中；仍需人工核对描述、规格和材质
5,苏州天华超净科技股份有限公司,21301882 / NAS白底蓝字抽屉式内箱B楞36*45,21301882,747,21301882,21301882,NAS白底蓝字抽屉式内箱B楞36*45,1155×925×15mm,09 S6E,1,1,13,182.78,2017/8/31 10:11:59,2017/8/31 10:11:59,prefix_unique,pending,同客户斜杠前编码唯一命中；仍需人工核对描述、规格和材质
5,苏州天华超净科技股份有限公司,21311179 / 中性外箱55*69,21311179,266,21311179,21311179,中性外箱55*69,720×575×145mm,011 R515A,4,4,20,180.20,2017/1/12 15:13:26,2017/9/21 17:46:57,prefix_unique,pending,同客户斜杠前编码唯一命中；仍需人工核对描述、规格和材质
5,苏州天华超净科技股份有限公司,21311292 / 白底蓝字纸箱 58*91,21311292,979,21311292,21311292,白底蓝字纸箱 58*91,935×620×18mm,043 W515R,1,1,20,174.60,2018/3/8 9:36:38,2018/3/8 9:36:38,prefix_unique,pending,同客户斜杠前编码唯一命中；仍需人工核对描述、规格和材质
5,苏州天华超净科技股份有限公司,21311243 / PURUS 26*45 2645 64 B,21311243,620,21311243,21311243,PURUS 26*45 2645 64 B,1160×680×18mm,09 S6E,1,1,18,171.90,2017/5/26 7:11:53,2017/5/26 7:11:53,prefix_unique,pending,同客户斜杠前编码唯一命中；仍需人工核对描述、规格和材质
5,苏州天华超净科技股份有限公司,21311142 / 白底蓝字外箱80*90 92.5*82.5*16.5,21311142,597,21311142,21311142,白底蓝字外箱80*90 92.5*82.5*16.5,925×825×165mm,03 W516R,1,1,10,169.20,2017/5/17 16:54:13,2017/5/17 16:54:13,prefix_unique,pending,同客户斜杠前编码唯一命中；仍需人工核对描述、规格和材质
5,苏州天华超净科技股份有限公司,21311347 / 白底黑字中性内箱20*40,21311347,1900,21311347,21311347,白底黑字中性内箱20*40,415×215×25mm,127 130白/85/50/105/130,1,1,100,169.00,2023/6/5 10:19:52,2023/6/5 10:19:52,prefix_unique,pending,同客户斜杠前编码唯一命中；仍需人工核对描述、规格和材质
5,苏州天华超净科技股份有限公司,21301247 / 中性内盒26*192,21301247,274,21301247,21301247,中性内盒26*192,1935×270×30mm,011 R515A,7,7,24,165.18,2017/1/14 12:55:03,2018/9/21 11:16:45,prefix_unique,pending,同客户斜杠前编码唯一命中；仍需人工核对描述、规格和材质
5,苏州天华超净科技股份有限公司,21301614 / 中性外箱52*45,21301614,132,21301614,21301614,中性外箱52*45,1345×1165×170mm,01 R516A,5,5,5,165.12,2016/12/30 11:28:22,2018/2/8 12:34:00,prefix_unique,pending,同客户斜杠前编码唯一命中；仍需人工核对描述、规格和材质
5,苏州天华超净科技股份有限公司,21302029 / A356  24*36 衬板,21302029,973,21302029,21302029,A356  24*36 衬板,830×600×mm,02 K7R,2,2,60,165.00,2018/8/10 9:43:40,2019/12/7 8:18:44,prefix_unique,pending,同客户斜杠前编码唯一命中；仍需人工核对描述、规格和材质
5,苏州天华超净科技股份有限公司,21302019 / A356外满衬板36*46（119.5*92）,21302019,202,21302019,21302019,A356外满衬板36*46（119.5*92）,1195×920×mm,013 C1C,8,8,29,161.07,2017/1/4 15:17:35,2020/2/25 16:19:41,prefix_unique,pending,同客户斜杠前编码唯一命中；仍需人工核对描述、规格和材质
5,苏州天华超净科技股份有限公司,21301355 / 中性外箱60*115 116.5*61.5*17,21301355,539,21301355,21301355,中性外箱60*115 116.5*61.5*17,1165×615×170mm,01 R516A,1,1,12,158.88,2017/4/19 9:59:49,2017/4/19 9:59:49,prefix_unique,pending,同客户斜杠前编码唯一命中；仍需人工核对描述、规格和材质
5,苏州天华超净科技股份有限公司,23201091 /屏蔽袋用纸箱,23201091,992,23201091,23201091,屏蔽袋用纸箱,520×320×90mm,010 K515R,1,1,30,158.10,2018/3/20 12:57:32,2018/3/20 12:57:32,prefix_unique,pending,同客户斜杠前编码唯一命中；仍需人工核对描述、规格和材质
5,苏州天华超净科技股份有限公司,23203072 / 内衬板48.5*38.5,23203072,288,23203072,23203072,内衬板48.5*38.5,485×385×mm,014 C113C,2,2,200,158.00,2017/1/20 9:54:33,2018/1/18 13:31:10,prefix_unique,pending,同客户斜杠前编码唯一命中；仍需人工核对描述、规格和材质
5,苏州天华超净科技股份有限公司,22901002/中性纸箱132*32*16,22901002,2049,22901002,22901002,中性纸箱132*32*16,1320×320×160mm,113 190/145/50/145/175,1,1,20,155.20,2021/9/23 17:17:53,2021/9/23 17:17:53,prefix_unique,pending,同客户斜杠前编码唯一命中；仍需人工核对描述、规格和材质
5,苏州天华超净科技股份有限公司,21302047 / 衬板60*170 （58*160）,21302047,560,21302047,21302047,衬板60*170 （58*160）,1600×580×mm,013 C1C,3,3,55,154.70,2017/12/20 14:29:37,2017/7/29 8:20:35,prefix_unique,pending,同客户斜杠前编码唯一命中；仍需人工核对描述、规格和材质
5,苏州天华超净科技股份有限公司,21311005 / Ancltek内箱18*45THB10,21311005,172,21311005,21311005,Ancltek内箱18*45THB10,1152×460×18mm,126 105/105/80,2,2,30,152.70,2017/1/3 11:43:08,2022/2/12 10:59:13,prefix_unique,pending,同客户斜杠前编码唯一命中；仍需人工核对描述、规格和材质
5,苏州天华超净科技股份有限公司,21301115 / 中性白底蓝字24*36侧印BLUE,21301115,813,21301115,21301115,中性白底蓝字24*36侧印BLUE,935×620×25mm,127 130白/85/50/105/130,1,1,19,152.38,2022/2/17 12:38:27,2022/2/17 12:38:27,prefix_unique,pending,同客户斜杠前编码唯一命中；仍需人工核对描述、规格和材质
5,苏州天华超净科技股份有限公司,21301763 / 中性内箱23*53,21301763,120,21301763,21301763,中性内箱23*53,535×235×27mm,012 R5A,5,5,99,150.54,2016/12/30 9:16:37,2019/2/21 13:19:11,prefix_unique,pending,同客户斜杠前编码唯一命中；仍需人工核对描述、规格和材质
5,苏州天华超净科技股份有限公司,21311158 / 白底蓝字内盒66*114.3,21311158,451,21311158,21311158,白底蓝字内盒66*114.3,1160×680×21mm,03 W516R,2,2,15,150.30,2017/3/27 16:15:55,2017/4/13 8:43:43,prefix_unique,pending,同客户斜杠前编码唯一命中；仍需人工核对描述、规格和材质
5,苏州天华超净科技股份有限公司,21301922 / E113用白底蓝字内箱,21301922,1332,21301922,21301922,E113用白底蓝字内箱36*36WHITE,930×930×15mm,01 R516A,1,1,100,149.00,2019/5/13 9:11:59,2019/5/13 9:11:59,prefix_unique,pending,同客户斜杠前编码唯一命中；仍需人工核对描述、规格和材质
5,苏州天华超净科技股份有限公司,21301922 / E113用白底蓝字内箱36*36WHITE,21301922,1332,21301922,21301922,E113用白底蓝字内箱36*36WHITE,930×930×15mm,01 R516A,1,1,100,149.00,2019/6/27 14:53:08,2019/6/27 14:53:08,prefix_unique,pending,同客户斜杠前编码唯一命中；仍需人工核对描述、规格和材质
5,苏州天华超净科技股份有限公司,21301158 / 中性外箱28*36*11,21301158,693,21301158,21301158,中性外箱28*36*11,360×280×110mm,118 155/115/55/135/155,24,24,51,147.57,2021/12/9 11:18:15,2025/6/3 10:58:51,prefix_unique,pending,同客户斜杠前编码唯一命中；仍需人工核对描述、规格和材质
5,苏州天华超净科技股份有限公司,衬板25*45 /635*1075*5 /BE,衬板25*45,,,,,,,1,1,50,147.00,2017/8/11 8:51:29,2017/8/11 8:51:29,prefix_no_match,pending,斜杠前编码未命中产品，需人工查找或后续建产品
5,苏州天华超净科技股份有限公司,21311298 / 中性纸箱1153*460*21灰色打钩,21311298,1745,21311298,21311298,中性纸箱1153*460*21灰色打钩,1152×460×18mm,126 105/105/80,4,4,35,145.60,2022/1/22 15:59:47,2024/9/4 14:31:59,prefix_unique,pending,同客户斜杠前编码唯一命中；仍需人工核对描述、规格和材质
5,苏州天华超净科技股份有限公司,21311329 / 中性内箱（65*160cm）,21311329,,,,,,,2,2,10,143.40,2022/7/9 8:30:03,2023/2/21 8:17:15,prefix_no_match,pending,斜杠前编码未命中产品，需人工查找或后续建产品
5,苏州天华超净科技股份有限公司,21302106 / 满衬板24*36 E楞,21302106,2304,21302106,21302106,满衬板24*36 E楞,590×890×mm,108 130/125/105/E,1,1,100,143.00,2022/5/31 14:17:27,2022/5/31 14:17:27,prefix_unique,pending,同客户斜杠前编码唯一命中；仍需人工核对描述、规格和材质
5,苏州天华超净科技股份有限公司,21311234 / PURUS 18*45 1845 38 B,21311234,612,21311234,21311234,PURUS 18*45 1845 38 B,1160×475×18mm,09 S6E,1,1,20,140.40,2017/5/26 6:55:11,2017/5/26 6:55:11,prefix_unique,pending,同客户斜杠前编码唯一命中；仍需人工核对描述、规格和材质
5,苏州天华超净科技股份有限公司,23201029 / 屏蔽袋用纸箱50*33*24.5,23201029,338,23201029,23201029,屏蔽袋用纸箱50*33*24.5,500×330×245mm,010 K515R,1,1,22,140.14,2017/2/17 10:15:05,2017/2/17 10:15:05,prefix_unique,pending,同客户斜杠前编码唯一命中；仍需人工核对描述、规格和材质
5,苏州天华超净科技股份有限公司,21301036 / 中性外箱50*36THH10,21301036,1411,21301036,21301036,中性外箱50*36THH10,510×370×190mm,146 150/105/50/125/130,15,15,29,138.57,2019/10/8 14:45:12,2022/1/22 15:51:14,prefix_unique,pending,同客户斜杠前编码唯一命中；仍需人工核对描述、规格和材质
5,苏州天华超净科技股份有限公司,21301386 / 中性外箱20*100,21301386,135,21301386,21301386,中性外箱20*100,1030×230×185mm,01 R516A,8,8,26,137.80,2016/12/30 11:31:19,2018/2/3 8:20:42,prefix_unique,pending,同客户斜杠前编码唯一命中；仍需人工核对描述、规格和材质
5,苏州天华超净科技股份有限公司,21301600/中性外箱30*40,21301600,242,21301600,21301600,中性外箱30*40,425×325×185mm,118 155/115/55/135/155,13,13,32,137.68,2017/10/12 10:32:00,2021/9/17 14:48:44,prefix_unique,pending,同客户斜杠前编码唯一命中；仍需人工核对描述、规格和材质
5,苏州天华超净科技股份有限公司,21301813 / 白底蓝字内盒121.5*91.5*3,21301813,712,21301813,21301813,白底蓝字内盒121.5*91.5*3,1215×915×3mm,03 W516R,1,1,10,135.00,2017/8/1 10:26:46,2017/8/1 10:26:46,prefix_unique,pending,同客户斜杠前编码唯一命中；仍需人工核对描述、规格和材质
5,苏州天华超净科技股份有限公司,21311115 / 白底蓝字外箱18*36 THB8,21311115,1285,21311115,21311115,白底蓝字外箱18*36 THB8,945×490×12mm,07 W516K,3,3,14,134.66,2019/3/7 10:39:48,2019/7/31 15:58:02,prefix_unique,pending,同客户斜杠前编码唯一命中；仍需人工核对描述、规格和材质
5,苏州天华超净科技股份有限公司,21301930 / 白底蓝字内箱（65*67）,21301930,1362,21301930,21301930,白底蓝字内箱（65*67）,685×665×25mm,03 W516R,1,1,20,134.60,2019/6/20 10:25:13,2019/6/20 10:25:13,prefix_unique,pending,同客户斜杠前编码唯一命中；仍需人工核对描述、规格和材质
5,苏州天华超净科技股份有限公司,21301055 / 白底蓝字外箱24*36THH10,21301055,45,21301055,21301055,白底蓝字外箱24*36,955×635×185mm,127 130白/85/50/105/130,1,1,10,133.40,2017/1/6 16:03:44,2017/1/6 16:03:44,prefix_unique,pending,同客户斜杠前编码唯一命中；仍需人工核对描述、规格和材质
5,苏州天华超净科技股份有限公司,21301347 / 中性内箱120*70 THH10,21301347,1318,21301347,21301347,中性内箱120*70 THH10,765×765×25mm,014 C113C,7,7,18,131.61,2019/12/26 9:20:52,2021/1/28 9:50:33,prefix_unique,pending,同客户斜杠前编码唯一命中；仍需人工核对描述、规格和材质
5,苏州天华超净科技股份有限公司,21311184/ 中性内箱21*21,21311184,270,21311184,21311184,中性内箱21*21,548×548×18mm,011 R515A,1,1,30,130.80,2017/1/12 15:16:31,2017/1/12 15:16:31,prefix_unique,pending,同客户斜杠前编码唯一命中；仍需人工核对描述、规格和材质
5,苏州天华超净科技股份有限公司,21301451 / 白底黑字中性外箱60*76,21301451,1979,21301451,21301451,白底黑字中性外箱60*76,785×625×190mm,127 130白/85/50/105/130,1,1,12,128.88,2022/5/21 13:08:37,2022/5/21 13:08:37,prefix_unique,pending,同客户斜杠前编码唯一命中；仍需人工核对描述、规格和材质
5,苏州天华超净科技股份有限公司,21311204/ 中性内箱114*43,21311204,269,21311204,21311204,中性内箱114*43,1155×445×18mm,011 R515A,1,1,20,128.40,2017/1/12 15:15:43,2017/1/12 15:15:43,prefix_unique,pending,同客户斜杠前编码唯一命中；仍需人工核对描述、规格和材质
5,苏州天华超净科技股份有限公司,21311248 / PURUS 36*45 3645 38 G,21311248,608,21311248,21311248,PURUS 36*45 3645 38 G,1160×930×18mm,09 S6E,1,1,10,127.70,2017/5/26 6:49:49,2017/5/26 6:49:49,prefix_unique,pending,同客户斜杠前编码唯一命中；仍需人工核对描述、规格和材质
5,苏州天华超净科技股份有限公司,21301743 / 白底蓝字外箱90*95,21301743,682,21301743,21301743,白底蓝字外箱90*95,980×930×180mm,07 W516K,1,1,6,126.42,2017/6/26 16:32:15,2017/6/26 16:32:15,prefix_unique,pending,同客户斜杠前编码唯一命中；仍需人工核对描述、规格和材质
5,苏州天华超净科技股份有限公司,23203029 / 内衬板,23203029,405,23203029,23203029,衬板（450*600）,630×480×mm,014 C113C,1,1,100,125.00,2017/1/12 14:34:10,2017/1/12 14:34:10,prefix_unique,pending,同客户斜杠前编码唯一命中；仍需人工核对描述、规格和材质
5,苏州天华超净科技股份有限公司,21311306/中性内盒180*60,21311306,1948,21311306,21311306,中性内盒180*60,1820×620×25mm,146 150/105/50/125/130,2,2,9,124.38,2021/5/21 15:50:13,2021/6/10 16:15:40,prefix_unique,pending,同客户斜杠前编码唯一命中；仍需人工核对描述、规格和材质
5,苏州天华超净科技股份有限公司,21311160 / 白底蓝字内盒61*914,21311160,412,21311160,21311160,白底蓝字内盒61*91.4,935×630×18mm,03 W516R,2,2,15,118.05,2017/3/10 11:44:25,2017/3/16 10:55:34,prefix_unique,pending,同客户斜杠前编码唯一命中；仍需人工核对描述、规格和材质
5,苏州天华超净科技股份有限公司,21311197 / 白底蓝字外箱95*49*14.5,21311197,219,21311197,21311197,白底蓝字外箱95*49*14.5,940×490×145mm,03 W516R,4,4,12,117.93,2017/1/5 16:45:37,2018/3/14 12:03:37,prefix_unique,pending,同客户斜杠前编码唯一命中；仍需人工核对描述、规格和材质
5,苏州天华超净科技股份有限公司,21301752 / 中性内盒66*95,21301752,128,21301752,21301752,中性内箱66*95,960×670×25mm,126 105/105/80,1,1,15,117.00,2017/1/14 12:38:34,2017/1/14 12:38:34,prefix_unique,pending,同客户斜杠前编码唯一命中；仍需人工核对描述、规格和材质
5,苏州天华超净科技股份有限公司,21311068 / 中性内盒96*37.5,21311068,401,21311068,21311068,中性内盒96*37.5,970×385×21mm,012 R5A,4,4,34,116.76,2017/12/20 10:40:19,2017/5/2 10:45:30,prefix_unique,pending,同客户斜杠前编码唯一命中；仍需人工核对描述、规格和材质
5,苏州天华超净科技股份有限公司,21301611 / 中性纸箱12*12,21301611,146,21301611,21301611,中性纸箱12*12cm,260×260×110mm,155 150/105/50/125/105,1,1,54,114.48,2017/2/4 16:37:38,2017/2/4 16:37:38,prefix_unique,pending,同客户斜杠前编码唯一命中；仍需人工核对描述、规格和材质
5,苏州天华超净科技股份有限公司,21311244 / PURUS 26*45 2645 64 G,21311244,622,21311244,21311244,PURUS 26*45 2645 64 G,1160×930×18mm,09 S6E,1,1,12,114.00,2017/5/26 7:15:20,2017/5/26 7:15:20,prefix_unique,pending,同客户斜杠前编码唯一命中；仍需人工核对描述、规格和材质
5,苏州天华超净科技股份有限公司,21311120 /26*45白底蓝字外箱,21311120,236,21311120,21311120,白底蓝字外箱26*45THB8,1175×690×180mm,127 130白/85/50/105/130,1,1,8,113.28,2017/2/6 13:27:59,2017/2/6 13:27:59,prefix_unique,pending,同客户斜杠前编码唯一命中；仍需人工核对描述、规格和材质
5,苏州天华超净科技股份有限公司,21311028 / 中性外箱24*36.8本,21311028,115,21311028,21311028,中性外箱24*36THB8,945×635×130mm,146 150/105/50/125/130,1,1,10,112.50,2016/12/30 9:21:49,2016/12/30 9:21:49,prefix_unique,pending,同客户斜杠前编码唯一命中；仍需人工核对描述、规格和材质
5,苏州天华超净科技股份有限公司,22000130/104内盒VWR专用,22000130,,,,,,,1,1,50,110.50,2023/9/22 17:04:14,2023/9/22 17:04:14,prefix_no_match,pending,斜杠前编码未命中产品，需人工查找或后续建产品
5,苏州天华超净科技股份有限公司,21311265 / 中性纸箱75*49,21311265,762,21311265,21311265,中性纸箱75*49,790×540×145mm,146 150/105/50/125/130,10,10,11,110.40,2017/10/19 11:41:44,2024/10/14 11:15:12,prefix_unique,pending,同客户斜杠前编码唯一命中；仍需人工核对描述、规格和材质
5,苏州天华超净科技股份有限公司,21311084 / Ancltek外箱78*91,21311084,54,21311084,21311084,Ancltek外箱78*91,935×805×160mm,01 R516A,5,5,7,109.56,2016/12/27 10:17:37,2017/9/7 16:41:55,prefix_unique,pending,同客户斜杠前编码唯一命中；仍需人工核对描述、规格和材质
5,苏州天华超净科技股份有限公司,21301491 / 中性纸箱40*50,21301491,904,21301491,21301491,中性纸箱40*50,520×415×110mm,113 190/145/50/145/175,17,17,24,109.24,2022/10/19 15:28:45,2025/7/2 16:28:09,prefix_unique,pending,同客户斜杠前编码唯一命中；仍需人工核对描述、规格和材质
5,苏州天华超净科技股份有限公司,21301347 / 中性内箱75*75 THH10,21301347,1318,21301347,21301347,中性内箱120*70 THH10,765×765×25mm,014 C113C,6,6,16,108.32,2021/11/26 10:36:54,2021/9/7 11:24:18,prefix_unique,pending,同客户斜杠前编码唯一命中；仍需人工核对描述、规格和材质
5,苏州天华超净科技股份有限公司,21301690 / 中性内盒48*90,21301690,655,21301690,21301690,中性内盒48*90,910×490×28mm,01 R516A,4,4,17,107.53,2017/10/17 8:24:44,2018/7/24 10:22:12,prefix_unique,pending,同客户斜杠前编码唯一命中；仍需人工核对描述、规格和材质
5,苏州天华超净科技股份有限公司,21301910 / 白底黑字外箱24*36,21301910,1317,21301910,21301910,白底黑字外箱24*36ESD,955×635×185mm,127 130白/85/50/105/130,4,4,16,107.44,2019/4/30 14:06:07,2021/5/11 14:33:44,prefix_unique,pending,同客户斜杠前编码唯一命中；仍需人工核对描述、规格和材质
5,苏州天华超净科技股份有限公司,23201034 / 屏蔽袋用纸箱67*57*9,23201034,340,23201034,23201034,屏蔽袋用纸箱67*57*9,670×570×90mm,010 K515R,1,1,10,106.90,2017/2/17 10:21:59,2017/2/17 10:21:59,prefix_unique,pending,同客户斜杠前编码唯一命中；仍需人工核对描述、规格和材质
5,苏州天华超净科技股份有限公司,23101054 / 纸箱（317310042A）,23101054,1706,23101054,23101054,纸箱（317310042A）,790×600×105mm,010 K515R,1,1,10,106.82,2020/9/28 9:32:36,2020/9/28 9:32:36,prefix_unique,pending,同客户斜杠前编码唯一命中；仍需人工核对描述、规格和材质
5,苏州天华超净科技股份有限公司,21311246 / PURUS 36*36 3636 64 G,21311246,624,21311246,21311246,PURUS 36*36 3636 64 G,930×930×18mm,09 S6E,1,1,10,106.80,2017/5/26 7:17:07,2017/5/26 7:17:07,prefix_unique,pending,同客户斜杠前编码唯一命中；仍需人工核对描述、规格和材质
5,苏州天华超净科技股份有限公司,21302088 /  600*450衬板53*45,21302088,,,,,,,2,2,110,105.60,2022/1/18 14:51:36,2022/3/26 14:34:05,prefix_no_match,pending,斜杠前编码未命中产品，需人工查找或后续建产品
5,苏州天华超净科技股份有限公司,21302097 / 满衬板38*38cm,21302097,1000,21302097,21302097,满衬板38*38cm,380×380×mm,014 C113C,1,1,150,105.00,2018/3/28 12:56:28,2018/3/28 12:56:28,prefix_unique,pending,同客户斜杠前编码唯一命中；仍需人工核对描述、规格和材质
5,苏州天华超净科技股份有限公司,2131181/纸箱纸箱43*114cm,2131181,,,,,,,3,3,12,104.88,2021/11/26 10:30:09,2021/9/23 17:15:49,prefix_no_match,pending,斜杠前编码未命中产品，需人工查找或后续建产品
5,苏州天华超净科技股份有限公司,21311275 / 中性内箱63*63cm,21311275,809,21311275,21311275,中性内箱63*63cm,645×645×23mm,129 190/135/55/135/155/BE,2,2,20,104.60,2021/12/9 11:14:48,2022/3/26 14:36:10,prefix_unique,pending,同客户斜杠前编码唯一命中；仍需人工核对描述、规格和材质
5,苏州天华超净科技股份有限公司,21311238 / PURUS 24*36 2436 38 W,21311238,621,21311238,21311238,PURUS 24*36 2436 38 W,930×625×18mm,09 S6E,1,1,14,104.44,2017/5/26 7:13:36,2017/5/26 7:13:36,prefix_unique,pending,同客户斜杠前编码唯一命中；仍需人工核对描述、规格和材质
5,苏州天华超净科技股份有限公司,21301620 / 中性内箱72.5*24.5*2.8,21301620,361,21301620,21301620,中性内箱72.5*24.5*2.8,,126 105/105/80,10,10,37,101.62,2017/11/30 8:13:56,2024/9/24 16:08:58,prefix_unique,pending,同客户斜杠前编码唯一命中；仍需人工核对描述、规格和材质
5,苏州天华超净科技股份有限公司,21301374 / 中性内箱85*90.5,21301374,368,21301374,21301374,中性内箱85*90.5,910×855×28mm,011 R515A,10,10,10,97.51,2017/2/25 10:04:54,2020/4/27 16:17:07,prefix_unique,pending,同客户斜杠前编码唯一命中；仍需人工核对描述、规格和材质
5,苏州天华超净科技股份有限公司,21302107 / 满衬板26*45 E楞,21302107,2305,21302107,21302107,满衬板26*45 E楞,640×1120×mm,108 130/125/105/E,1,1,50,97.50,2022/5/31 14:18:20,2022/5/31 14:18:20,prefix_unique,pending,同客户斜杠前编码唯一命中；仍需人工核对描述、规格和材质
5,苏州天华超净科技股份有限公司,21311048 / 中性外箱40*60  62.5*42.5*13.5,21311048,581,21311048,21311048,中性外箱40*60  62.5*42.5*13.5,625×425×135mm,01 R516A,7,7,17,97.14,2017/5/6 14:39:40,2020/5/22 13:43:22,prefix_unique,pending,同客户斜杠前编码唯一命中；仍需人工核对描述、规格和材质
5,苏州天华超净科技股份有限公司,21311049 / 中性内箱80*114,21311049,245,21311049,21311049,中性内箱80*114,1145×805×18mm,012 R5A,4,4,13,96.48,2017/1/11 10:11:18,2021/3/13 15:02:30,prefix_unique,pending,同客户斜杠前编码唯一命中；仍需人工核对描述、规格和材质
5,苏州天华超净科技股份有限公司,21301209 / 中性外箱93.5*53*22,21301209,804,21301209,21301209,中性外箱93.5*53*22,935×530×220mm,113 190/145/50/145/175,1,1,10,95.80,2023/5/15 16:12:38,2023/5/15 16:12:38,prefix_unique,pending,同客户斜杠前编码唯一命中；仍需人工核对描述、规格和材质
5,苏州天华超净科技股份有限公司,21301800 / Ancltek内盒470*400,21301800,1020,21301800,21301800,Ancltek内盒470*400,475×405×23mm,126 105/105/80,1,1,30,94.80,2022/3/25 15:52:02,2022/3/25 15:52:02,prefix_unique,pending,同客户斜杠前编码唯一命中；仍需人工核对描述、规格和材质
5,苏州天华超净科技股份有限公司,21301044/中性纸箱21*21,21301044,416,21301044,21301044,中性纸箱21*21,540×540×190mm,155 150/105/50/125/105,11,11,12,94.53,2018/3/14 12:04:02,2021/9/18 10:34:31,prefix_unique,pending,同客户斜杠前编码唯一命中；仍需人工核对描述、规格和材质
5,苏州天华超净科技股份有限公司,21311164 / 中性内箱115*65,21311164,231,21311164,21311164,中性内箱115*65,1170×670×18mm,015 R315A,2,2,10,92.50,2017/1/7 14:57:40,2017/2/20 15:39:37,prefix_unique,pending,同客户斜杠前编码唯一命中；仍需人工核对描述、规格和材质
5,苏州天华超净科技股份有限公司,21311223 / 白色外箱36*45出口,21311223,249,21311223,21311223,白色外箱36*45,1170×930×28mm,03 W516R,1,1,4,91.96,2017/1/11 10:16:37,2017/1/11 10:16:37,prefix_unique,pending,同客户斜杠前编码唯一命中；仍需人工核对描述、规格和材质
5,苏州天华超净科技股份有限公司,21311335 / 中性内盒55*60cm,21311335,2337,21311335,21311335,中性内盒55*60cm,615×565×21mm,126 105/105/80,1,1,30,91.80,2022/8/25 16:51:20,2022/8/25 16:51:20,prefix_unique,pending,同客户斜杠前编码唯一命中；仍需人工核对描述、规格和材质
5,苏州天华超净科技股份有限公司,21301375 / 中性外箱85*90.5,21301375,369,21301375,21301375,中性外箱85*90.5,920×865×170mm,011 R515A,5,5,5,90.79,2017/2/25 13:14:59,2018/2/1 9:16:04,prefix_unique,pending,同客户斜杠前编码唯一命中；仍需人工核对描述、规格和材质
5,苏州天华超净科技股份有限公司,21311135 / 白底蓝字内箱22*24,21311135,229,21311135,21311135,白底蓝字内箱22*24,620×570×21mm,03 W516R,4,4,17,89.93,2017/1/7 14:57:16,2017/3/7 10:37:09,prefix_unique,pending,同客户斜杠前编码唯一命中；仍需人工核对描述、规格和材质
5,苏州天华超净科技股份有限公司,21301541 / 中性外箱150*65,21301541,491,21301541,21301541,中性外箱150*65,1525×675×170mm,01 R516A,5,5,5,89.77,2017/4/6 12:47:24,2019/4/30 14:08:04,prefix_unique,pending,同客户斜杠前编码唯一命中；仍需人工核对描述、规格和材质
5,苏州天华超净科技股份有限公司,21311302 / 中性外箱73.5*145,21311302,1850,21311302,21311302,中性外箱73.5*145,1490×770×135mm,011 R515A,4,4,5,88.55,2021/1/7 11:21:15,2021/7/9 10:58:11,prefix_unique,pending,同客户斜杠前编码唯一命中；仍需人工核对描述、规格和材质
5,苏州天华超净科技股份有限公司,21302038 / WOOJIN满衬板60*120,21302038,1188,21302038,21302038,WOOJIN满衬板60*120,1120×580×mm,014 C113C,2,2,28,88.52,2018/9/13 14:19:07,2020/6/8 13:52:09,prefix_unique,pending,同客户斜杠前编码唯一命中；仍需人工核对描述、规格和材质
5,苏州天华超净科技股份有限公司,21301851 /E113 24*36内盒,21301851,139,21301851,21301851,白底黑字内箱18*36 日文印刷白色打钩,935×470×25mm,127 130白/85/50/105/130,1,1,10,86.30,2017/3/7 8:23:07,2017/3/7 8:23:07,prefix_unique,pending,同客户斜杠前编码唯一命中；仍需人工核对描述、规格和材质
5,苏州天华超净科技股份有限公司,21301451/白底黑字中性外箱60*76,21301451,1979,21301451,21301451,白底黑字中性外箱60*76,785×625×190mm,127 130白/85/50/105/130,1,1,8,85.92,2021/6/17 10:02:20,2021/6/17 10:02:20,prefix_unique,pending,同客户斜杠前编码唯一命中；仍需人工核对描述、规格和材质
5,苏州天华超净科技股份有限公司,21311090 / 中性外箱78*78,21311090,1266,21311090,21311090,中性外箱78*78,895×805×135mm,01 R516A,2,2,5,85.85,2019/1/23 14:17:43,2019/3/11 10:00:00,prefix_unique,pending,同客户斜杠前编码唯一命中；仍需人工核对描述、规格和材质
5,苏州天华超净科技股份有限公司,21301855 / 白底黑字内箱60*120日文字样白色打钩,21301855,138,21301855,21301855,白底黑字内箱60*120 日文字样白色打钩,1215×615×25mm,127 130白/85/50/105/130,1,1,10,82.00,2016/12/30 11:59:43,2016/12/30 11:59:43,prefix_unique,pending,同客户斜杠前编码唯一命中；仍需人工核对描述、规格和材质
5,苏州天华超净科技股份有限公司,21301936 / 白底黑字内箱80*140,21301936,2169,21301936,21301936,白底黑字内箱80*140,1415×815×28mm,127 130白/85/50/105/130,1,1,10,81.70,2022/1/11 14:32:27,2022/1/11 14:32:27,prefix_unique,pending,同客户斜杠前编码唯一命中；仍需人工核对描述、规格和材质
5,苏州天华超净科技股份有限公司,21301130 / 白底黑字中性内盒18*45,21301130,1121,21301130,21301130,白底黑字中性内盒18*45,1170×485×185mm,07 W516K,1,1,10,80.50,2018/7/4 8:50:35,2018/7/4 8:50:35,prefix_unique,pending,同客户斜杠前编码唯一命中；仍需人工核对描述、规格和材质
5,苏州天华超净科技股份有限公司,23203022 / 内衬板,23203022,254,23203022,23203022,内衬板63*48,620×470×mm,014 C113C,1,1,104,79.04,2017/1/12 14:34:03,2017/1/12 14:34:03,prefix_unique,pending,同客户斜杠前编码唯一命中；仍需人工核对描述、规格和材质
5,苏州天华超净科技股份有限公司,21311323 / 中性外箱108*150,21311323,2202,21311323,21311323,中性外箱108*150,1535×1110×165mm,155 150/105/50/125/105,1,1,2,78.84,2022/2/22 15:43:23,2022/2/22 15:43:23,prefix_unique,pending,同客户斜杠前编码唯一命中；仍需人工核对描述、规格和材质
5,苏州天华超净科技股份有限公司,21301764 / 中性外箱23*53,21301764,121,21301764,21301764,中性外箱23*53,555×255×170mm,01 R516A,5,5,21,77.88,2016/12/30 9:17:44,2019/2/21 13:19:38,prefix_unique,pending,同客户斜杠前编码唯一命中；仍需人工核对描述、规格和材质
5,苏州天华超净科技股份有限公司,21302062 /26*45 衬板101*65,21302062,123,21302062,21302062,满衬板26*45.107.5*66,1075×660×mm,124 80/75/80,1,1,40,76.80,2017/2/6 13:24:25,2017/2/6 13:24:25,prefix_unique,pending,同客户斜杠前编码唯一命中；仍需人工核对描述、规格和材质
5,苏州天华超净科技股份有限公司,21311159 / 白底蓝字外箱66*114.3,21311159,452,21311159,21311159,白底蓝字外箱66*114.3,1175×695×145mm,03 W516R,3,3,5,76.31,2017/3/27 16:17:27,2020/12/30 11:18:47,prefix_unique,pending,同客户斜杠前编码唯一命中；仍需人工核对描述、规格和材质
5,苏州天华超净科技股份有限公司,21301858/白底黑字中性内盒450*900 ESD,21301858,943,21301858,21301858,白底黑字中性内盒450*900 ESD,935×470×28mm,127 130白/85/50/105/130,1,1,11,75.57,2018/1/26 16:49:00,2018/1/26 16:49:00,prefix_unique,pending,同客户斜杠前编码唯一命中；仍需人工核对描述、规格和材质
5,苏州天华超净科技股份有限公司,21311237 / PURUS 24*36 2436 38 G,21311237,615,21311237,21311237,PURUS 24*36 2436 38 G,930×625×18mm,09 S6E,1,1,10,74.60,2017/5/26 6:59:29,2017/5/26 6:59:29,prefix_unique,pending,同客户斜杠前编码唯一命中；仍需人工核对描述、规格和材质
5,苏州天华超净科技股份有限公司,21301164 / 中性外箱24*24*11cm,21301164,214,21301164,21301164,中性外箱24*24*11cm,240×240×110mm,011 R515A,15,15,36,74.38,2017/1/5 16:44:02,2019/1/17 9:50:32,prefix_unique,pending,同客户斜杠前编码唯一命中；仍需人工核对描述、规格和材质
5,苏州天华超净科技股份有限公司,21301794 / 中性纸箱19*16*11,21301794,701,21301794,21301794,中性外箱150*180,190×160×110mm,155 150/105/50/125/105,13,13,64,74.17,2017/7/14 11:34:25,2021/5/13 15:39:38,prefix_unique,pending,同客户斜杠前编码唯一命中；仍需人工核对描述、规格和材质
5,苏州天华超净科技股份有限公司,21302048 / 满衬板 18*45 112*44.5,21302048,1450,21302048,21302048,满衬板18*45 112*44.5,1120×440×mm,174 105/125/105/B,1,1,30,73.80,2017/2/21 12:54:18,2017/2/21 12:54:18,prefix_unique,pending,同客户斜杠前编码唯一命中；仍需人工核对描述、规格和材质
5,苏州天华超净科技股份有限公司,23201065 / 屏蔽袋纸箱31*18.5*20,23201065,470,23201065,23201065,屏蔽袋纸箱31*18.5*20,310×185×200mm,010 K515R,3,3,26,73.66,2017/3/30 8:09:30,2017/9/14 12:34:00,prefix_unique,pending,同客户斜杠前编码唯一命中；仍需人工核对描述、规格和材质
5,苏州天华超净科技股份有限公司,21301442 / 中性内盒61*91,21301442,653,21301442,21301442,中性内盒61*91,935×620×28mm,012 R5A,4,4,10,73.13,2017/10/17 8:23:37,2018/7/24 10:21:46,prefix_unique,pending,同客户斜杠前编码唯一命中；仍需人工核对描述、规格和材质
5,苏州天华超净科技股份有限公司,22000090 / 劳保鞋大号纸箱62.5*43*38,22000090,461,22000090,22000090,劳保鞋大号纸箱57.5*40*33,575×400×330mm,01 R516A,1,1,10,72.80,2017/3/28 14:00:44,2017/3/28 14:00:44,prefix_unique,pending,同客户斜杠前编码唯一命中；仍需人工核对描述、规格和材质
5,苏州天华超净科技股份有限公司,2130129 / 中性内箱（65*160cm）,2130129,,,,,,,1,1,5,71.70,2022/6/30 11:18:16,2022/6/30 11:18:16,prefix_no_match,pending,斜杠前编码未命中产品，需人工查找或后续建产品
5,苏州天华超净科技股份有限公司,21301104 / 中性内盒24*36侧面印刷BLUE,21301104,456,21301104,21301104,中性内盒24*36侧面印刷BLUE,916×602×27mm,012 R5A,1,1,16,71.04,2017/3/27 16:28:34,2017/3/27 16:28:34,prefix_unique,pending,同客户斜杠前编码唯一命中；仍需人工核对描述、规格和材质
5,苏州天华超净科技股份有限公司,21301209/中性外箱93.5*53*22,21301209,804,21301209,21301209,中性外箱93.5*53*22,935×530×220mm,113 190/145/50/145/175,1,1,6,71.04,2017/10/28 16:11:51,2017/10/28 16:11:51,prefix_unique,pending,同客户斜杠前编码唯一命中；仍需人工核对描述、规格和材质
5,苏州天华超净科技股份有限公司,21311069 / 中性纸箱93*37.5,21311069,402,21311069,21311069,中性纸箱93*37.5,985×400×145mm,01 R516A,4,4,9,69.29,2017/12/20 10:40:51,2017/5/2 10:45:51,prefix_unique,pending,同客户斜杠前编码唯一命中；仍需人工核对描述、规格和材质
5,苏州天华超净科技股份有限公司,21301735 / 中性外箱1m*1.9m,21301735,131,21301735,21301735,中性外箱1m*1.9m,1930×1030×170mm,01 R516A,2,2,2,69.09,2017/11/3 8:48:25,2017/7/3 8:19:23,prefix_unique,pending,同客户斜杠前编码唯一命中；仍需人工核对描述、规格和材质
5,苏州天华超净科技股份有限公司,235BLT01D119 / 纸盒36.5*26,235BLT01D119,384,235BLT01D119,235BLT01D119,纸盒36.5*26,365×260×mm,013 C1C,1,1,150,69.00,2017/3/2 9:25:59,2017/3/2 9:25:59,prefix_unique,pending,同客户斜杠前编码唯一命中；仍需人工核对描述、规格和材质
5,苏州天华超净科技股份有限公司,21311340 / 中性外箱60*115,21311340,2380,21311340,21311340,中性外箱60*115,1185×630×185mm,113 190/145/50/145/175,4,4,4,68.08,2022/12/28 13:39:44,2024/1/11 15:24:54,prefix_unique,pending,同客户斜杠前编码唯一命中；仍需人工核对描述、规格和材质
5,苏州天华超净科技股份有限公司,21302056 / 满衬板24*30,21302056,69,21302056,21302056,满衬板24*30,750×590×mm,013 C1C,1,1,30,65.70,2016/12/24 15:51:45,2016/12/24 15:51:45,prefix_unique,pending,同客户斜杠前编码唯一命中；仍需人工核对描述、规格和材质
5,苏州天华超净科技股份有限公司,21311233 / PURUS 18*36 1836 64 G,21311233,611,21311233,21311233,PURUS 18*36 1836 64 G,930×475×18mm,09 S6E,2,2,11,64.57,2017/5/26 6:53:49,2017/6/20 13:44:37,prefix_unique,pending,同客户斜杠前编码唯一命中；仍需人工核对描述、规格和材质
5,苏州天华超净科技股份有限公司,21301933 / 白底黑字外箱（60*120）,21301933,1438,21301933,21301933,白底黑字外箱（60*120）,1235×630×185mm,014 C113C,2,2,10,64.30,2019/10/12 14:53:26,2019/12/3 9:29:15,prefix_unique,pending,同客户斜杠前编码唯一命中；仍需人工核对描述、规格和材质
5,苏州天华超净科技股份有限公司,21301851 / 白底黑字内箱18*36日文字样白色打钩,21301851,139,21301851,21301851,白底黑字内箱18*36 日文印刷白色打钩,935×470×25mm,127 130白/85/50/105/130,1,1,10,63.60,2016/12/30 12:00:20,2016/12/30 12:00:20,prefix_unique,pending,同客户斜杠前编码唯一命中；仍需人工核对描述、规格和材质
5,苏州天华超净科技股份有限公司,21301811 / 中性内箱10*120,21301811,127,21301811,21301811,中性内箱10*120,1210×415×25mm,012 R5A,3,3,13,62.29,2016/12/30 9:53:11,2017/9/12 15:45:00,prefix_unique,pending,同客户斜杠前编码唯一命中；仍需人工核对描述、规格和材质
5,苏州天华超净科技股份有限公司,21311296 / Purus白底（蓝+红印刷）内箱18*36出口,21311296,1485,21311296,21311296,Purus白底（蓝+红印刷）内箱18*36出口,930×475×15mm,051 J6J,1,1,10,61.40,2019/12/2 9:23:51,2019/12/2 9:23:51,prefix_unique,pending,同客户斜杠前编码唯一命中；仍需人工核对描述、规格和材质
5,苏州天华超净科技股份有限公司,21301734 / 中性内箱1m*0.9m,21301734,130,21301734,21301734,中性内箱1m*1.9m,1910×1010×28mm,01 R516A,1,1,3,61.20,2016/12/30 11:26:04,2016/12/30 11:26:04,prefix_unique,pending,同客户斜杠前编码唯一命中；仍需人工核对描述、规格和材质
5,苏州天华超净科技股份有限公司,23203022 / 内衬板48*38,23203022,254,23203022,23203022,内衬板63*48,620×470×mm,014 C113C,2,2,80,60.80,2017/5/4 15:33:33,2017/8/8 16:08:33,prefix_unique,pending,同客户斜杠前编码唯一命中；仍需人工核对描述、规格和材质
5,苏州天华超净科技股份有限公司,21301048 / 中性外箱31*33,21301048,1079,21301048,21301048,中性外箱31*33,360×340×170mm,146 150/105/50/125/130,7,7,17,58.48,2021/12/31 12:21:01,2023/1/5 15:48:31,prefix_unique,pending,同客户斜杠前编码唯一命中；仍需人工核对描述、规格和材质
5,苏州天华超净科技股份有限公司,21301566 / 白底黑字内箱18*36白色打钩,21301566,64,21301566,21301566,白底黑字内箱18*36白色打钩,935×470×25mm,127 130白/85/50/105/130,1,1,10,58.40,2016/12/27 11:14:35,2016/12/27 11:14:35,prefix_unique,pending,同客户斜杠前编码唯一命中；仍需人工核对描述、规格和材质
5,苏州天华超净科技股份有限公司,21301168 / 中性包装58.8*22.4*12,21301168,971,21301168,21301168,中性包装58.8*22.4*12,585×240×120mm,118 155/115/55/135/155,11,11,20,58.32,2020/11/5 14:39:19,2024/7/30 15:57:08,prefix_unique,pending,同客户斜杠前编码唯一命中；仍需人工核对描述、规格和材质
5,苏州天华超净科技股份有限公司,22000133/104A外箱VWR专用,22000133,,,,,,,1,1,5,57.65,2023/9/22 17:07:33,2023/9/22 17:07:33,prefix_no_match,pending,斜杠前编码未命中产品，需人工查找或后续建产品
5,苏州天华超净科技股份有限公司,23203075 / 衬板 50.5*33.5,23203075,494,23203075,23203075,衬板 50.5*33.5,505×335×mm,014 C113C,3,3,77,56.15,2017/4/7 12:36:28,2018/4/9 13:06:18,prefix_unique,pending,同客户斜杠前编码唯一命中；仍需人工核对描述、规格和材质
5,苏州天华超净科技股份有限公司,22600023 / 风蛇包装箱,22600023,119,22600023,22600023,风蛇包装箱,440×200×230mm,01 R516A,1,1,20,55.80,2016/12/29 16:26:58,2016/12/29 16:26:58,prefix_unique,pending,同客户斜杠前编码唯一命中；仍需人工核对描述、规格和材质
5,苏州天华超净科技股份有限公司,21311186 / 中性内箱（790*870）THB10,21311186,1431,21311186,21311186,中性内箱（790*870）THB10,885×805×21mm,014 C113C,3,3,6,53.94,2019/9/19 14:07:19,2021/3/13 15:00:03,prefix_unique,pending,同客户斜杠前编码唯一命中；仍需人工核对描述、规格和材质
5,苏州天华超净科技股份有限公司,21311262 / 中性内盒68.5*33.5cm,21311262,737,21311262,21311262,中性内盒68.5*33.5cm,700×350×15mm,126 105/105/80,7,7,23,51.75,2022/10/12 16:13:41,2024/9/24 16:10:13,prefix_unique,pending,同客户斜杠前编码唯一命中；仍需人工核对描述、规格和材质
5,苏州天华超净科技股份有限公司,21302095 / 满衬板24*36 61*85,21302095,978,21302095,21302095,满衬板18*36 84*45.5,840×455×mm,013 C1C,1,1,20,50.20,2018/3/8 9:33:01,2018/3/8 9:33:01,prefix_unique,pending,同客户斜杠前编码唯一命中；仍需人工核对描述、规格和材质
5,苏州天华超净科技股份有限公司,21301931 / 白底蓝字外箱（65*67）,21301931,1363,21301931,21301931,白底蓝字外箱（65*67）,705×680×165mm,01 R516A,1,1,4,49.76,2019/6/20 10:26:54,2019/6/20 10:26:54,prefix_unique,pending,同客户斜杠前编码唯一命中；仍需人工核对描述、规格和材质
5,苏州天华超净科技股份有限公司,21311116 / 白底蓝字外箱18*36 THB10,21311116,,,,,,,1,1,6,48.36,2017/3/24 16:52:44,2017/3/24 16:52:44,prefix_no_match,pending,斜杠前编码未命中产品，需人工查找或后续建产品
5,苏州天华超净科技股份有限公司,22000130/104安全内盒,22000130,,,,,,,1,1,22,48.18,2024/3/11 16:45:29,2024/3/11 16:45:29,prefix_no_match,pending,斜杠前编码未命中产品，需人工查找或后续建产品
5,苏州天华超净科技股份有限公司,21301814 / 白底蓝字外箱123.5*93.5*19.5,21301814,713,21301814,21301814,白底蓝字外箱123.5*93.5*19.5,1235×935×195mm,03 W516R,1,1,2,47.64,2017/8/1 10:27:42,2017/8/1 10:27:42,prefix_unique,pending,同客户斜杠前编码唯一命中；仍需人工核对描述、规格和材质
5,苏州天华超净科技股份有限公司,21311336 / 中性外箱55*60cm,21311336,2338,21311336,21311336,中性外箱55*60cm,635×580×145mm,113 190/145/50/145/175,1,1,6,47.58,2022/8/25 16:52:22,2022/8/25 16:52:22,prefix_unique,pending,同客户斜杠前编码唯一命中；仍需人工核对描述、规格和材质
5,苏州天华超净科技股份有限公司,21301664 / 中性纸箱15*15,21301664,1359,21301664,21301664,中性纸箱15*15,,122 80/50/50/75/80,6,6,18,47.08,2019/6/14 15:45:56,2024/7/5 15:14:58,prefix_unique,pending,同客户斜杠前编码唯一命中；仍需人工核对描述、规格和材质
5,苏州天华超净科技股份有限公司,21311006 / Ancltek外箱18*45THB10,21311006,170,21311006,21311006,Ancltek外箱18*45THB10,1165×475×135mm,01 R516A,1,1,5,46.90,2017/1/3 11:42:41,2017/1/3 11:42:41,prefix_unique,pending,同客户斜杠前编码唯一命中；仍需人工核对描述、规格和材质
5,苏州天华超净科技股份有限公司,21301159 / 中性纸箱44*40*11,21301159,492,21301159,21301159,中性纸箱44*40*11,440×400×110mm,011 R515A,1,1,10,46.80,2017/4/6 16:22:31,2017/4/6 16:22:31,prefix_unique,pending,同客户斜杠前编码唯一命中；仍需人工核对描述、规格和材质
5,苏州天华超净科技股份有限公司,21311136 / 白底蓝字外箱22*24,21311136,230,21311136,21311136,白底蓝字外箱22*24,640×590×135mm,01 R516A,4,4,5,46.55,2017/1/7 14:57:26,2017/3/7 10:37:48,prefix_unique,pending,同客户斜杠前编码唯一命中；仍需人工核对描述、规格和材质
5,苏州天华超净科技股份有限公司,21302043 / A356衬板60*45,21302043,415,21302043,21302043,A356衬板60*45,600×450×mm,02 K7R,3,3,33,46.45,2018/3/1 16:43:53,2019/12/7 8:19:29,prefix_unique,pending,同客户斜杠前编码唯一命中；仍需人工核对描述、规格和材质
5,苏州天华超净科技股份有限公司,23201112 / 屏蔽袋纸箱57.5*34.5*19.5,23201112,409,23201112,23201112,屏蔽袋纸箱57.5*34.5*19.5,575×345×195mm,011 R515A,1,1,7,46.34,2017/3/10 11:39:13,2017/3/10 11:39:13,prefix_unique,pending,同客户斜杠前编码唯一命中；仍需人工核对描述、规格和材质
5,苏州天华超净科技股份有限公司,21311330 / 中性外箱（65*160cm）,21311330,,,,,,,2,2,2,44.52,2022/7/9 8:30:13,2023/2/21 8:17:32,prefix_no_match,pending,斜杠前编码未命中产品，需人工查找或后续建产品
5,苏州天华超净科技股份有限公司,21311007 / Ancltek内箱18*36THB10,21311007,171,21311007,21311007,Ancltek内箱18*36THB10,925×460×18mm,012 R5A,1,1,10,44.10,2017/1/3 11:42:09,2017/1/3 11:42:09,prefix_unique,pending,同客户斜杠前编码唯一命中；仍需人工核对描述、规格和材质
5,苏州天华超净科技股份有限公司,21311166 / 中性内箱60*90,21311166,233,21311166,21311166,中性内箱24*36 THB8,935×620×18mm,156 150/85/50/105/150/BE,2,2,6,42.72,2017/1/7 14:58:20,2017/2/20 15:40:53,prefix_unique,pending,同客户斜杠前编码唯一命中；仍需人工核对描述、规格和材质
5,苏州天华超净科技股份有限公司,21301691 / 中性外箱48*90,21301691,656,21301691,21301691,中性外箱48*90,935×515×17mm,01 R516A,4,4,4,41.76,2017/10/17 8:25:17,2018/7/24 10:15:20,prefix_unique,pending,同客户斜杠前编码唯一命中；仍需人工核对描述、规格和材质
5,苏州天华超净科技股份有限公司,21311008 / Ancltek外箱18*36THB10,21311008,169,21311008,21311008,Ancltek外箱18*36THB10,940×475×135mm,01 R516A,1,1,5,40.75,2017/1/3 11:41:45,2017/1/3 11:41:45,prefix_unique,pending,同客户斜杠前编码唯一命中；仍需人工核对描述、规格和材质
5,苏州天华超净科技股份有限公司,21311217 / 中性内箱106.8*67*1.8,21311217,1578,21311217,21311217,中性内箱106.8*67*1.8,1068×670×20mm,011 R515A,1,1,5,40.30,2020/5/12 11:27:00,2020/5/12 11:27:00,prefix_unique,pending,同客户斜杠前编码唯一命中；仍需人工核对描述、规格和材质
5,苏州天华超净科技股份有限公司,23101055 / 衬板上（317310042A）,23101055,1707,23101055,23101055,衬板上（317310042A）,950×580×5mm,010 K515R,1,1,20,40.18,2020/9/28 9:33:45,2020/9/28 9:33:45,prefix_unique,pending,同客户斜杠前编码唯一命中；仍需人工核对描述、规格和材质
5,苏州天华超净科技股份有限公司,21311262 /中性内盒68.5*33.5,21311262,737,21311262,21311262,中性内盒68.5*33.5cm,700×350×15mm,126 105/105/80,7,7,16,40.00,2017/10/26 14:22:09,2021/1/14 12:27:07,prefix_unique,pending,同客户斜杠前编码唯一命中；仍需人工核对描述、规格和材质
5,苏州天华超净科技股份有限公司,21311226 / 白色内盒12*120 cm,21311226,,,,,,,2,2,4,40.00,2017/3/10 15:27:08,2017/3/10 15:34:35,prefix_no_match,pending,斜杠前编码未命中产品，需人工查找或后续建产品
5,苏州天华超净科技股份有限公司,21311205/ 中性外箱114*43,21311205,268,21311205,21311205,中性外箱114*43,1175×465×145mm,011 R515A,1,1,4,38.56,2017/1/12 15:14:55,2017/1/12 15:14:55,prefix_unique,pending,同客户斜杠前编码唯一命中；仍需人工核对描述、规格和材质
5,苏州天华超净科技股份有限公司,21311276 / 中性纸箱63*63cm,21311276,810,21311276,21311276,中性纸箱63*63cm,665×665×140mm,118 155/115/55/135/155,2,2,4,38.16,2021/12/9 11:15:08,2022/3/26 14:37:20,prefix_unique,pending,同客户斜杠前编码唯一命中；仍需人工核对描述、规格和材质
5,苏州天华超净科技股份有限公司,21311269/中性外箱102*54,21311269,785,21311269,21311269,中性外箱102*54,1060×580×140mm,01 R516A,3,3,3,38.04,2017/10/17 8:28:57,2018/3/8 9:54:13,prefix_unique,pending,同客户斜杠前编码唯一命中；仍需人工核对描述、规格和材质
5,苏州天华超净科技股份有限公司,21301255  / 24*36中性内盒侧印CC,21301255,428,21301255,21301255,24*36中性内盒侧印CC,935×620×230mm,015 R315A,1,1,5,37.90,2017/3/15 9:04:49,2017/3/15 9:04:49,prefix_unique,pending,同客户斜杠前编码唯一命中；仍需人工核对描述、规格和材质
5,苏州天华超净科技股份有限公司,21311050 / 中性外箱80*114,21311050,246,21311050,21311050,中性外箱80*114,1160×820×145mm,011 R515A,2,2,2,35.72,2017/1/11 10:12:32,2021/3/13 14:59:16,prefix_unique,pending,同客户斜杠前编码唯一命中；仍需人工核对描述、规格和材质
5,苏州天华超净科技股份有限公司,21301621 / 中性外箱74.5*26.5*17,21301621,360,21301621,21301621,中性外箱74.5*26.5*17,,113 190/145/50/145/175,5,5,8,35.23,2017/11/30 8:14:28,2024/9/24 16:09:27,prefix_unique,pending,同客户斜杠前编码唯一命中；仍需人工核对描述、规格和材质
5,苏州天华超净科技股份有限公司,21302090 / NAS满衬板91*114,21302090,748,21302090,21302090,NAS满衬板91*114,1080×905×mm,02 K7R,1,1,12,34.32,2017/8/31 10:14:53,2017/8/31 10:14:53,prefix_unique,pending,同客户斜杠前编码唯一命中；仍需人工核对描述、规格和材质
5,苏州天华超净科技股份有限公司,21301801 / Ancltek外箱470*400,21301801,1021,21301801,21301801,Ancltek外箱470*400,495×425×165mm,146 150/105/50/125/130,1,1,6,33.66,2022/3/25 15:52:37,2022/3/25 15:52:37,prefix_unique,pending,同客户斜杠前编码唯一命中；仍需人工核对描述、规格和材质
5,苏州天华超净科技股份有限公司,21301446 / 中性内箱18*45,21301446,357,21301446,21301446,中性内箱18*45,1160×475×15mm,012 R5A,1,1,5,33.45,2017/2/23 11:13:52,2017/2/23 11:13:52,prefix_unique,pending,同客户斜杠前编码唯一命中；仍需人工核对描述、规格和材质
5,苏州天华超净科技股份有限公司,21311268/中性内盒102*54,21311268,784,21311268,21311268,中性内盒102*54,1035×555×21mm,012 R5A,3,3,6,32.52,2017/10/17 8:28:11,2018/3/8 9:53:43,prefix_unique,pending,同客户斜杠前编码唯一命中；仍需人工核对描述、规格和材质
5,苏州天华超净科技股份有限公司,21301735 / 中性外箱1m*0.9m,21301735,131,21301735,21301735,中性外箱1m*1.9m,1930×1030×170mm,01 R516A,1,1,1,32.52,2016/12/30 11:27:15,2016/12/30 11:27:15,prefix_unique,pending,同客户斜杠前编码唯一命中；仍需人工核对描述、规格和材质
5,苏州天华超净科技股份有限公司,21302043 / A356衬板60*83,21302043,415,21302043,21302043,A356衬板60*45,600×450×mm,02 K7R,1,1,13,32.11,2017/3/10 15:17:47,2017/3/10 15:17:47,prefix_unique,pending,同客户斜杠前编码唯一命中；仍需人工核对描述、规格和材质
5,苏州天华超净科技股份有限公司,23203019 / 衬板46*26,23203019,440,23203019,23203019,衬板46*26,460×260×mm,014 C113C,1,1,60,31.80,2017/3/22 11:27:11,2017/3/22 11:27:11,prefix_unique,pending,同客户斜杠前编码唯一命中；仍需人工核对描述、规格和材质
5,苏州天华超净科技股份有限公司,23203025 / 内衬板67*57,23203025,343,23203025,23203025,内衬板67*57,670×570×mm,014 C113C,1,1,20,31.60,2017/2/17 10:27:56,2017/2/17 10:27:56,prefix_unique,pending,同客户斜杠前编码唯一命中；仍需人工核对描述、规格和材质
5,苏州天华超净科技股份有限公司,21301260 / 中性外箱11*14,21301260,1396,21301260,21301260,中性外箱11*14,375×300×110mm,01 R516A,2,2,10,30.30,2019/7/22 15:12:35,2019/8/8 9:53:39,prefix_unique,pending,同客户斜杠前编码唯一命中；仍需人工核对描述、规格和材质
5,苏州天华超净科技股份有限公司,21301557 / 白底蓝字外箱53*32 55.5*34.5*17,21301557,694,21301557,21301557,白底蓝字外箱53*32 55.5*34.5*17,555×345×170mm,03 W516R,2,2,6,30.30,2017/7/11 10:36:45,2017/8/10 7:46:04,prefix_unique,pending,同客户斜杠前编码唯一命中；仍需人工核对描述、规格和材质
5,苏州天华超净科技股份有限公司,23203018 / 内衬板50*33,23203018,339,23203018,23203018,内衬板50*33,500×330×mm,01 R516A,1,1,44,29.92,2017/2/17 10:16:13,2017/2/17 10:16:13,prefix_unique,pending,同客户斜杠前编码唯一命中；仍需人工核对描述、规格和材质
5,苏州天华超净科技股份有限公司,21311165 / 中性外箱115*65,21311165,232,21311165,21311165,中性外箱115*65,1185×685×140mm,011 R515A,2,2,2,29.10,2017/1/7 14:57:50,2017/2/20 15:40:05,prefix_unique,pending,同客户斜杠前编码唯一命中；仍需人工核对描述、规格和材质
5,苏州天华超净科技股份有限公司,21302105 / 满衬板80*140,21302105,2171,21302105,21302105,满衬板80*140,1335×780×mm,124 80/75/80,1,1,10,28.40,2022/1/11 14:32:57,2022/1/11 14:32:57,prefix_unique,pending,同客户斜杠前编码唯一命中；仍需人工核对描述、规格和材质
5,苏州天华超净科技股份有限公司,21303042/衬板150*200  30*20,21303042,808,21303042,21303042,衬板150*200  30*20,300×200×mm,01 R516A,1,1,100,28.00,2017/10/30 12:44:08,2017/10/30 12:44:08,prefix_unique,pending,同客户斜杠前编码唯一命中；仍需人工核对描述、规格和材质
5,苏州天华超净科技股份有限公司,21311263 / 中性外箱68.5*33.5,21311263,738,21311263,21311263,中性外箱68.5*33.5,,145 240/105/50/125/150,3,3,5,26.46,2017/10/26 14:22:39,2024/9/24 16:11:04,prefix_unique,pending,同客户斜杠前编码唯一命中；仍需人工核对描述、规格和材质
5,苏州天华超净科技股份有限公司,21301051 / 中性外箱51*41,21301051,1234,21301051,21301051,中性外箱51*41,560×420×170mm,113 190/145/50/145/175,4,4,4,25.72,2018/6/27 9:04:33,2024/9/24 16:07:17,prefix_unique,pending,同客户斜杠前编码唯一命中；仍需人工核对描述、规格和材质
5,苏州天华超净科技股份有限公司,21301131 / 白底黑字中性外箱18*45,21301131,,,,,,,1,1,2,25.52,2018/7/4 8:52:29,2018/7/4 8:52:29,prefix_no_match,pending,斜杠前编码未命中产品，需人工查找或后续建产品
5,苏州天华超净科技股份有限公司,21311261 / 中性外箱65*50,21311261,736,21311261,21311261,中性外箱65*50,690×540×140mm,01 R516A,3,3,3,25.33,2017/8/26 10:05:35,2018/4/20 10:46:53,prefix_unique,pending,同客户斜杠前编码唯一命中；仍需人工核对描述、规格和材质
5,苏州天华超净科技股份有限公司,21301015 / Ancltek内箱18*36THH10,21301015,175,21301015,21301015,Ancltek内箱18*36THH10,916×454×24mm,012 R5A,2,2,6,25.06,2017/1/3 11:46:19,2018/4/25 13:55:39,prefix_unique,pending,同客户斜杠前编码唯一命中；仍需人工核对描述、规格和材质
5,苏州天华超净科技股份有限公司,21301044 / 中性纸箱21*21,21301044,416,21301044,21301044,中性纸箱21*21,540×540×190mm,155 150/105/50/125/105,3,3,3,23.25,2022/2/26 10:36:39,2022/6/23 15:50:36,prefix_unique,pending,同客户斜杠前编码唯一命中；仍需人工核对描述、规格和材质
5,苏州天华超净科技股份有限公司,21311167 / 中性外箱60*90,21311167,234,21311167,21311167,中性外箱60*90,935×635×140mm,011 R515A,2,2,2,23.20,2017/1/7 14:58:30,2017/2/20 15:41:56,prefix_unique,pending,同客户斜杠前编码唯一命中；仍需人工核对描述、规格和材质
5,苏州天华超净科技股份有限公司,22000133/104外箱,22000133,,,,,,,1,1,2,22.82,2024/3/11 16:48:08,2024/3/11 16:48:08,prefix_no_match,pending,斜杠前编码未命中产品，需人工查找或后续建产品
5,苏州天华超净科技股份有限公司,21302022 / A356内满衬板18*46,21302022,200,21302022,21302022,A356外用衬板18*46（109*45）,1090×445×mm,174 105/125/105/B,1,1,10,22.60,2022/3/22 12:47:49,2022/3/22 12:47:49,prefix_unique,pending,同客户斜杠前编码唯一命中；仍需人工核对描述、规格和材质
5,苏州天华超净科技股份有限公司,21311324 / 中性内箱41*70,21311324,2203,21311324,21311324,中性内箱41*70,715×425×25mm,126 105/105/80,1,1,5,22.00,2022/2/22 15:43:35,2022/2/22 15:43:35,prefix_unique,pending,同客户斜杠前编码唯一命中；仍需人工核对描述、规格和材质
5,苏州天华超净科技股份有限公司,21301662 / Ancltek内箱30*60,21301662,998,21301662,21301662,Ancltek内箱30*60,605×305×27mm,126 105/105/80,1,1,10,21.80,2021/12/31 12:30:47,2021/12/31 12:30:47,prefix_unique,pending,同客户斜杠前编码唯一命中；仍需人工核对描述、规格和材质
5,苏州天华超净科技股份有限公司,21311268 / 中性内盒102*54,21311268,784,21311268,21311268,中性内盒102*54,1035×555×21mm,012 R5A,2,2,4,21.60,2018/3/28 13:03:21,2018/5/24 9:38:55,prefix_unique,pending,同客户斜杠前编码唯一命中；仍需人工核对描述、规格和材质
5,苏州天华超净科技股份有限公司,21301168 / 中性包装58.8*22.4,21301168,971,21301168,21301168,中性包装58.8*22.4*12,585×240×120mm,118 155/115/55/135/155,3,3,6,20.36,2018/12/6 9:26:12,2019/9/27 14:45:45,prefix_unique,pending,同客户斜杠前编码唯一命中；仍需人工核对描述、规格和材质
5,苏州天华超净科技股份有限公司,21311224 / 中性内盒80*100,21311224,397,21311224,21311224,中性内盒80*100,1015×815×21mm,012 R5A,1,1,3,20.01,2017/3/6 15:49:04,2017/3/6 15:49:04,prefix_unique,pending,同客户斜杠前编码唯一命中；仍需人工核对描述、规格和材质
5,苏州天华超净科技股份有限公司,21311144 / 白底蓝字外箱60*60,21311144,678,21311144,21311144,白底蓝字外箱60*60,635×635×145mm,03 W516R,1,1,2,19.76,2017/6/22 17:11:02,2017/6/22 17:11:02,prefix_unique,pending,同客户斜杠前编码唯一命中；仍需人工核对描述、规格和材质
5,苏州天华超净科技股份有限公司,21302038 /60*120衬板28*112,21302038,1188,21302038,21302038,WOOJIN满衬板60*120,1120×580×mm,014 C113C,1,1,10,19.50,2017/8/26 10:16:15,2017/8/26 10:16:15,prefix_unique,pending,同客户斜杠前编码唯一命中；仍需人工核对描述、规格和材质
5,苏州天华超净科技股份有限公司,21301015 / 天华18*36内盒,21301015,175,21301015,21301015,Ancltek内箱18*36THH10,916×454×24mm,012 R5A,1,1,5,18.40,2017/3/7 8:15:31,2017/3/7 8:15:31,prefix_unique,pending,同客户斜杠前编码唯一命中；仍需人工核对描述、规格和材质
5,苏州天华超净科技股份有限公司,21301368 / 中性外箱120*70,21301368,826,21301368,21301368,中性内箱120*70,,122 80/50/50/75/80,1,1,1,18.04,2017/9/21 18:01:31,2017/9/21 18:01:31,prefix_unique,pending,同客户斜杠前编码唯一命中；仍需人工核对描述、规格和材质
5,苏州天华超净科技股份有限公司,21301016 / Ancltek外箱18*36THH10,21301016,173,21301016,21301016,Ancltek外箱18*36THH10,935×470×160mm,01 R516A,2,2,2,17.95,2017/1/3 11:46:01,2018/4/25 13:56:31,prefix_unique,pending,同客户斜杠前编码唯一命中；仍需人工核对描述、规格和材质
5,苏州天华超净科技股份有限公司,21311225 / 中性外箱80*100,21311225,398,21311225,21311225,中性外箱80*100,1035×835×145mm,01 R516A,1,1,1,17.16,2017/3/6 15:51:24,2017/3/6 15:51:24,prefix_unique,pending,同客户斜杠前编码唯一命中；仍需人工核对描述、规格和材质
5,苏州天华超净科技股份有限公司,21301937 / 白底黑字外箱80*140,21301937,2170,21301937,21301937,白底黑字外箱80*140,1435×830×185mm,127 130白/85/50/105/130,1,1,2,16.80,2022/1/11 14:32:48,2022/1/11 14:32:48,prefix_unique,pending,同客户斜杠前编码唯一命中；仍需人工核对描述、规格和材质
5,苏州天华超净科技股份有限公司,21302108 / 满衬板20*40,21302108,2438,21302108,21302108,满衬板20*40,320×180×mm,122 80/50/50/75/80,1,1,100,16.00,2023/6/5 10:30:05,2023/6/5 10:30:05,prefix_unique,pending,同客户斜杠前编码唯一命中；仍需人工核对描述、规格和材质
5,苏州天华超净科技股份有限公司,21301184 / 白底蓝字外箱41*65 68*43*19,21301184,538,21301184,21301184,白底蓝字外箱41*65 68*43*19,680×430×190mm,163 130白/105/50/125/150,1,1,2,13.56,2022/8/9 14:46:12,2022/8/9 14:46:12,prefix_unique,pending,同客户斜杠前编码唯一命中；仍需人工核对描述、规格和材质
5,苏州天华超净科技股份有限公司,21311218 / 中性外箱108.8*69.8*14.5,21311218,1582,21311218,21311218,中性外箱108.8*69.8*14.5,1088×698×145mm,011 R515A,1,1,1,13.20,2020/5/12 11:27:48,2020/5/12 11:27:48,prefix_unique,pending,同客户斜杠前编码唯一命中；仍需人工核对描述、规格和材质
5,苏州天华超净科技股份有限公司,21301140 /中性内盒 31*31*8.5,21301140,142,21301140,21301140,中性外箱31*31*8.5,315×315×90mm,118 155/115/55/135/155,1,1,5,13.15,2017/2/11 15:58:56,2017/2/11 15:58:56,prefix_unique,pending,同客户斜杠前编码唯一命中；仍需人工核对描述、规格和材质
5,苏州天华超净科技股份有限公司,21301051 /中性外箱51*41,21301051,1234,21301051,21301051,中性外箱51*41,560×420×170mm,113 190/145/50/145/175,2,2,2,12.86,2018/11/13 11:00:48,2018/11/27 9:07:00,prefix_unique,pending,同客户斜杠前编码唯一命中；仍需人工核对描述、规格和材质
5,苏州天华超净科技股份有限公司,21311269 / 中性外箱102*54,21311269,785,21311269,21311269,中性外箱102*54,1060×580×140mm,01 R516A,1,1,1,12.68,2018/3/28 13:03:34,2018/3/28 13:03:34,prefix_unique,pending,同客户斜杠前编码唯一命中；仍需人工核对描述、规格和材质
5,苏州天华超净科技股份有限公司,21301884/纸箱内盒60*60,21301884,,,,,,,1,1,3,11.97,2017/9/21 18:06:18,2017/9/21 18:06:18,prefix_no_match,pending,斜杠前编码未命中产品，需人工查找或后续建产品
5,苏州天华超净科技股份有限公司,21311259 / 中性外箱108.5*54,21311259,741,21311259,21311259,中性外箱108.5*54,1125×580×140mm,01 R516A,1,1,1,11.69,2017/8/26 10:23:22,2017/8/26 10:23:22,prefix_unique,pending,同客户斜杠前编码唯一命中；仍需人工核对描述、规格和材质
5,苏州天华超净科技股份有限公司,21311229 / 白底蓝字外箱45.7*114.3,21311229,484,21311229,21311229,白底蓝字外箱45.7*114.3,1175×487×165mm,03 W516R,1,1,1,11.20,2017/4/1 11:29:34,2017/4/1 11:29:34,prefix_unique,pending,同客户斜杠前编码唯一命中；仍需人工核对描述、规格和材质
5,苏州天华超净科技股份有限公司,21301368/中性内盒120*70,21301368,826,21301368,21301368,中性内箱120*70,,122 80/50/50/75/80,1,1,1,11.15,2017/9/21 17:59:39,2017/9/21 17:59:39,prefix_unique,pending,同客户斜杠前编码唯一命中；仍需人工核对描述、规格和材质
5,苏州天华超净科技股份有限公司,21301794 / 中性外箱150*180mm 19*16*11,21301794,701,21301794,21301794,中性外箱150*180,190×160×110mm,155 150/105/50/125/105,1,1,10,11.10,2017/6/2 7:50:59,2017/6/2 7:50:59,prefix_unique,pending,同客户斜杠前编码唯一命中；仍需人工核对描述、规格和材质
5,苏州天华超净科技股份有限公司,21301491/中性纸箱40*50,21301491,904,21301491,21301491,中性纸箱40*50,520×415×110mm,113 190/145/50/145/175,1,1,2,10.22,2019/6/14 15:44:25,2019/6/14 15:44:25,prefix_unique,pending,同客户斜杠前编码唯一命中；仍需人工核对描述、规格和材质
5,苏州天华超净科技股份有限公司,21311258 /中性内盒108.5*54,21311258,,,,,,,1,1,2,10.20,2017/8/26 10:22:32,2017/8/26 10:22:32,prefix_no_match,pending,斜杠前编码未命中产品，需人工查找或后续建产品
5,苏州天华超净科技股份有限公司,23203095 / 衬板545*315,23203095,410,23203095,23203095,衬板545*315,545×315×mm,014 C113C,1,1,14,9.94,2017/3/10 11:40:38,2017/3/10 11:40:38,prefix_unique,pending,同客户斜杠前编码唯一命中；仍需人工核对描述、规格和材质
5,苏州天华超净科技股份有限公司,21301447 / 中性外箱18*45,21301447,358,21301447,21301447,中性外箱18*45,1180×495×145mm,01 R516A,1,1,1,9.89,2017/2/23 11:14:33,2017/2/23 11:14:33,prefix_unique,pending,同客户斜杠前编码唯一命中；仍需人工核对描述、规格和材质
5,苏州天华超净科技股份有限公司,23203047 / 衬板29.5*17,23203047,471,23203047,23203047,衬板29.5*17,295×170×mm,014 C113C,3,3,42,9.14,2017/3/30 8:10:29,2017/9/14 12:34:24,prefix_unique,pending,同客户斜杠前编码唯一命中；仍需人工核对描述、规格和材质
5,苏州天华超净科技股份有限公司,21311325 / 中性外箱41*70,21311325,2204,21311325,21311325,中性外箱41*70,735×440×165mm,155 150/105/50/125/105,1,1,1,8.90,2022/2/22 15:43:45,2022/2/22 15:43:45,prefix_unique,pending,同客户斜杠前编码唯一命中；仍需人工核对描述、规格和材质
5,苏州天华超净科技股份有限公司,21302080 / 满衬板105*66cm,21302080,1577,21302080,21302080,满衬板105*66cm,1050×660×mm,013 C1C,1,1,5,8.80,2020/5/12 11:24:38,2020/5/12 11:24:38,prefix_unique,pending,同客户斜杠前编码唯一命中；仍需人工核对描述、规格和材质
5,苏州天华超净科技股份有限公司,21301433/A356专用包装箱24*36,21301433,970,21301433,21301433,A356专用包装箱24*36,930×630×15mm,102 170俄/145/170俄/B,1,1,1,8.69,2018/3/1 16:39:17,2018/3/1 16:39:17,prefix_unique,pending,同客户斜杠前编码唯一命中；仍需人工核对描述、规格和材质
5,苏州天华超净科技股份有限公司,21301016 /天华18*36外箱,21301016,173,21301016,21301016,Ancltek外箱18*36THH10,935×470×160mm,01 R516A,1,1,1,8.31,2017/3/7 8:16:28,2017/3/7 8:16:28,prefix_unique,pending,同客户斜杠前编码唯一命中；仍需人工核对描述、规格和材质
5,苏州天华超净科技股份有限公司,21301410 / 中性纸箱40*35,21301410,685,21301410,21301410,中性纸箱40*35,400×350×110mm,01 R516A,2,2,2,7.23,2017/7/3 8:21:49,2018/6/21 10:05:31,prefix_unique,pending,同客户斜杠前编码唯一命中；仍需人工核对描述、规格和材质
5,苏州天华超净科技股份有限公司,23203028 /内衬板(100*150),23203028,991,23203028,23203028,内衬板(100*150),210×140×7mm,08 W1C,1,1,50,7.00,2018/3/20 12:53:54,2018/3/20 12:53:54,prefix_unique,pending,同客户斜杠前编码唯一命中；仍需人工核对描述、规格和材质
5,苏州天华超净科技股份有限公司,21301256 / 满衬板78*190,21301256,39,21301256,21301256,Ancltek内箱78*190,1910×790×30mm,118 155/115/55/135/155,1,1,1,6.39,2016/12/27 14:07:05,2016/12/27 14:07:05,prefix_unique,pending,同客户斜杠前编码唯一命中；仍需人工核对描述、规格和材质
5,苏州天华超净科技股份有限公司,21302040 / A356外用衬板 18*46,21302040,198,21302040,21302040,A356外用衬板18*46（45*60）,600×443×mm,174 105/125/105/B,1,1,5,6.20,2022/3/22 12:47:49,2022/3/22 12:47:49,prefix_unique,pending,同客户斜杠前编码唯一命中；仍需人工核对描述、规格和材质
5,苏州天华超净科技股份有限公司,21303042 / 衬板150*200  30*20,21303042,808,21303042,21303042,衬板150*200  30*20,300×200×mm,01 R516A,1,1,20,5.60,2018/1/18 13:28:37,2018/1/18 13:28:37,prefix_unique,pending,同客户斜杠前编码唯一命中；仍需人工核对描述、规格和材质
5,苏州天华超净科技股份有限公司,21301794 / 中性外箱150*180,21301794,701,21301794,21301794,中性外箱150*180,190×160×110mm,155 150/105/50/125/105,1,1,4,4.28,2022/4/28 10:39:49,2022/4/28 10:39:49,prefix_unique,pending,同客户斜杠前编码唯一命中；仍需人工核对描述、规格和材质
5,苏州天华超净科技股份有限公司,21301587 / 中性纸箱10*10,21301587,114,21301587,21301587,中性纸箱10*10cm,240×240×135mm,118 155/115/55/135/155,1,1,2,4.00,2017/2/11 16:00:22,2017/2/11 16:00:22,prefix_unique,pending,同客户斜杠前编码唯一命中；仍需人工核对描述、规格和材质
5,苏州天华超净科技股份有限公司,21301662 /Ancltek内箱30*60,21301662,998,21301662,21301662,Ancltek内箱30*60,605×305×27mm,126 105/105/80,2,2,2,3.88,2018/3/27 9:24:24,2018/5/19 11:22:51,prefix_unique,pending,同客户斜杠前编码唯一命中；仍需人工核对描述、规格和材质
5,苏州天华超净科技股份有限公司,21301050 / 中性外箱(28.8*49.7cm),21301050,2195,21301050,21301050,中性外箱(28.8*49.7cm),510×300×170mm,146 150/105/50/125/130,1,1,1,3.64,2022/2/17 16:42:36,2022/2/17 16:42:36,prefix_unique,pending,同客户斜杠前编码唯一命中；仍需人工核对描述、规格和材质
5,苏州天华超净科技股份有限公司,21301168/中性包装58.8*22.4,21301168,971,21301168,21301168,中性包装58.8*22.4*12,585×240×120mm,118 155/115/55/135/155,1,1,1,3.51,2018/3/1 16:46:52,2018/3/1 16:46:52,prefix_unique,pending,同客户斜杠前编码唯一命中；仍需人工核对描述、规格和材质
5,苏州天华超净科技股份有限公司,21302029/A356  24*36 衬板,21302029,973,21302029,21302029,A356  24*36 衬板,830×600×mm,02 K7R,1,1,1,2.78,2018/3/1 16:42:00,2018/3/1 16:42:00,prefix_unique,pending,同客户斜杠前编码唯一命中；仍需人工核对描述、规格和材质
5,苏州天华超净科技股份有限公司,21301108 / 中性纸箱20*40cm,21301108,429,21301108,21301108,中性纸箱20*40cm,410×210×140mm,01 R516A,1,1,1,2.35,2017/3/16 11:09:57,2017/3/16 11:09:57,prefix_unique,pending,同客户斜杠前编码唯一命中；仍需人工核对描述、规格和材质
20,苏州小蜻蜓电动车公司,98361 / 美国沙滩车纸箱1575*260*730,98361,1236,98361,98361,美国沙滩车纸箱1575*260*730,1575×260×730mm,046 J73738J,3,3,314,15220.00,2019/10/14 11:47:33,2019/6/17 11:27:56,prefix_unique,pending,同客户斜杠前编码唯一命中；仍需人工核对描述、规格和材质
20,苏州小蜻蜓电动车公司,9832 / 美国沙滩车纸箱1575*240*730,9832,,,,,,,1,1,100,5300.00,2018/11/28 9:41:49,2018/11/28 9:41:49,prefix_no_match,pending,斜杠前编码未命中产品，需人工查找或后续建产品
20,苏州小蜻蜓电动车公司,30813 / 后衣架电池壳大纸箱 50*41*20.5,30813,465,30813,30813,后衣架电池壳大纸箱 50*41*20.5,500×410×205mm,023 K546K,1,1,300,2256.00,2017/3/29 11:39:24,2017/3/29 11:39:24,prefix_unique,pending,同客户斜杠前编码唯一命中；仍需人工核对描述、规格和材质
20,苏州小蜻蜓电动车公司,61035 / 纸箱130*26*56,61035,464,61035,61035,纸箱130*26*56,1300×260×560mm,023 K546K,2,2,100,1630.00,2017/3/29 11:33:31,2017/4/25 12:39:37,prefix_unique,pending,同客户斜杠前编码唯一命中；仍需人工核对描述、规格和材质
20,苏州小蜻蜓电动车公司,30817 / 26寸电机轮纸箱60*60*23,30817,500,30817,30817,26寸电机轮纸箱60*60*23,600×600×230mm,023 K546K,1,1,100,1225.00,2017/4/8 15:53:16,2017/4/8 15:53:16,prefix_unique,pending,同客户斜杠前编码唯一命中；仍需人工核对描述、规格和材质
20,苏州小蜻蜓电动车公司,30814 / 后衣架电池壳小纸箱42.5*21*11.5,30814,466,30814,30814,后衣架电池壳小纸箱42.5*21*11.5,425×210×115mm,023 K546K,1,1,300,900.00,2017/3/29 12:06:50,2017/3/29 12:06:50,prefix_unique,pending,同客户斜杠前编码唯一命中；仍需人工核对描述、规格和材质
20,苏州小蜻蜓电动车公司,30815 / 擎天壳电池壳小纸箱38.5*12.5*18.5,30815,468,30815,30815,擎天壳电池壳小纸箱38.5*12.5*18.5,385×125×185mm,023 K546K,1,1,200,480.00,2017/3/29 12:10:38,2017/3/29 12:10:38,prefix_unique,pending,同客户斜杠前编码唯一命中；仍需人工核对描述、规格和材质
20,苏州小蜻蜓电动车公司,7001022 / 美国电机纸箱 69*69*23,7001022,1777,7001022,7001022,美国电机纸箱 69*69*23,690×690×230mm,05 K516R,1,1,20,308.00,2020/12/7 9:55:16,2020/12/7 9:55:16,prefix_unique,pending,同客户斜杠前编码唯一命中；仍需人工核对描述、规格和材质
20,苏州小蜻蜓电动车公司,7001014 / 20寸折叠车纸箱100*27*79.5,7001014,1698,7001014,7001014,20寸折叠车纸箱100*27*79.5,1000×270×795mm,046 J73738J,1,1,10,210.00,2020/9/15 10:06:08,2020/9/15 10:06:08,prefix_unique,pending,同客户斜杠前编码唯一命中；仍需人工核对描述、规格和材质
20,苏州小蜻蜓电动车公司,98365 / stealth纸箱191*24*112,98365,1440,98365,98365,stealth纸箱191*24*112,1910×240×1120mm,016 K516K,1,1,1,113.00,2019/10/14 11:42:39,2019/10/14 11:42:39,prefix_unique,pending,同客户斜杠前编码唯一命中；仍需人工核对描述、规格和材质
20,苏州小蜻蜓电动车公司,98366 / beast纸箱191*24*112,98366,1441,98366,98366,beast纸箱191*24*112,1910×240×1120mm,016 K516K,1,1,1,113.00,2019/10/14 11:43:29,2019/10/14 11:43:29,prefix_unique,pending,同客户斜杠前编码唯一命中；仍需人工核对描述、规格和材质
20,苏州小蜻蜓电动车公司,98367 / Revolver纸箱191*24*112,98367,1442,98367,98367,Revolver纸箱191*24*112,1910×240×1120mm,016 K516K,1,1,1,113.00,2019/10/14 11:45:28,2019/10/14 11:45:28,prefix_unique,pending,同客户斜杠前编码唯一命中；仍需人工核对描述、规格和材质
20,苏州小蜻蜓电动车公司,98368 / Sahara纸箱191*24*112,98368,1443,98368,98368,Sahara纸箱191*24*112,1910×240×1120mm,016 K516K,1,1,1,113.00,2019/10/14 11:46:09,2019/10/14 11:46:09,prefix_unique,pending,同客户斜杠前编码唯一命中；仍需人工核对描述、规格和材质
20,苏州小蜻蜓电动车公司,98369 / Elys纸箱191*24*112,98369,1444,98369,98369,Elys纸箱191*24*112,1910×240×1120mm,016 K516K,1,1,1,113.00,2019/10/14 11:46:45,2019/10/14 11:46:45,prefix_unique,pending,同客户斜杠前编码唯一命中；仍需人工核对描述、规格和材质
20,苏州小蜻蜓电动车公司,30816 / 衬板 48*18,30816,467,30816,30816,衬板 48*18,480×180×mm,023 K546K,1,1,300,60.00,2017/3/29 12:08:12,2017/3/29 12:08:12,prefix_unique,pending,同客户斜杠前编码唯一命中；仍需人工核对描述、规格和材质
78,苏州工业园区康裕包装有限公司,27295 / 成品1185*1050,27295,2238,27295,27295,成品1185*1050,1145×965×mm,181 155/115/55/115/125,30,30,605,43709.10,2022/10/4 16:22:48,2023/9/9 11:43:12,prefix_unique,pending,同客户斜杠前编码唯一命中；仍需人工核对描述、规格和材质
78,苏州工业园区康裕包装有限公司,BOX_BP66657 / BP66657,BOX_BP66657,,,,,,,2,1,2,128.10,2022/2/17 17:28:48,2022/2/17 17:29:34,prefix_no_match,pending,斜杠前编码未命中产品，需人工查找或后续建产品
78,苏州工业园区康裕包装有限公司,BOX_BD51318 / BD51318,BOX_BD51318,,,,,,,1,1,1,113.00,2022/2/17 17:30:49,2022/2/17 17:30:49,prefix_no_match,pending,斜杠前编码未命中产品，需人工查找或后续建产品
78,苏州工业园区康裕包装有限公司,BOX_BZ20304 / BZ20304,BOX_BZ20304,,,,,,,3,1,3,99.00,2022/2/17 17:25:28,2022/2/17 17:26:56,prefix_no_match,pending,斜杠前编码未命中产品，需人工查找或后续建产品
78,苏州工业园区康裕包装有限公司,BOX_BF31133 / BF31133,BOX_BF31133,,,,,,,1,1,1,99.00,2022/2/17 17:31:50,2022/2/17 17:31:50,prefix_no_match,pending,斜杠前编码未命中产品，需人工查找或后续建产品
78,苏州工业园区康裕包装有限公司,10844/圆空2个方空2个衬板13片/套,10844,,,,,,,1,1,40,40.00,2022/2/16 10:14:13,2022/2/16 10:14:13,prefix_no_match,pending,斜杠前编码未命中产品，需人工查找或后续建产品
78,苏州工业园区康裕包装有限公司,27259/方空1个衬板5片/套,27259,,,,,,,1,1,40,40.00,2022/2/16 10:15:11,2022/2/16 10:15:11,prefix_no_match,pending,斜杠前编码未命中产品，需人工查找或后续建产品
102,苏州工业园区恒春食品有限公司,春卷箱200g/41*30.5*15,春卷箱200g,,,,,,,5,5,6520,15648.00,2023/11/14 17:28:19,2024/2/28 10:03:28,prefix_no_match,pending,斜杠前编码未命中产品，需人工查找或后续建产品
102,苏州工业园区恒春食品有限公司,小馄饨120g(味知香)/32.6*24.6*11.5,小馄饨120g(味知香),,,,,,,1,1,300,480.00,2023/11/14 17:32:37,2023/11/14 17:32:37,prefix_no_match,pending,斜杠前编码未命中产品，需人工查找或后续建产品
125,苏州工业园区新振针纺织品有限公司,纸箱450*350*300/35.630650,纸箱450*350*300,2959,纸箱450*350*300,纸箱450*350*300,纸箱450*350*300 WCZX 五层粘箱,,045 A113B,1,1,300,807.00,2025/3/21 14:52:35,2025/3/21 14:52:35,prefix_unique,pending,同客户斜杠前编码唯一命中；仍需人工核对描述、规格和材质
125,苏州工业园区新振针纺织品有限公司,纸箱450*350*300/35.630653,纸箱450*350*300,2959,纸箱450*350*300,纸箱450*350*300,纸箱450*350*300 WCZX 五层粘箱,,045 A113B,1,1,300,807.00,2025/3/21 14:51:50,2025/3/21 14:51:50,prefix_unique,pending,同客户斜杠前编码唯一命中；仍需人工核对描述、规格和材质
125,苏州工业园区新振针纺织品有限公司,纸箱450*350*300/35.630662,纸箱450*350*300,2959,纸箱450*350*300,纸箱450*350*300,纸箱450*350*300 WCZX 五层粘箱,,045 A113B,1,1,300,807.00,2025/3/21 14:51:03,2025/3/21 14:51:03,prefix_unique,pending,同客户斜杠前编码唯一命中；仍需人工核对描述、规格和材质
125,苏州工业园区新振针纺织品有限公司,纸箱37*28*17/30.634101,纸箱37*28*17,3007,纸箱37*28*17,纸箱37*28*17,纸箱37*28*17 WCZX 五层粘箱,,045 A113B,1,1,440,660.00,2025/4/17 16:03:36,2025/4/17 16:03:36,prefix_unique,pending,同客户斜杠前编码唯一命中；仍需人工核对描述、规格和材质
125,苏州工业园区新振针纺织品有限公司,纸箱450*350*230/35.630661,纸箱450*350*230,2958,纸箱450*350*230,纸箱450*350*230,纸箱450*350*230 WCZX 五层粘箱,450×350×230mm,045 A113B,2,2,250,600.00,2025/3/21 14:41:39,2025/3/21 14:47:27,prefix_unique,pending,同客户斜杠前编码唯一命中；仍需人工核对描述、规格和材质
125,苏州工业园区新振针纺织品有限公司,纸箱43*37*18/30 013365,纸箱43*37*18,3052,纸箱43*37*18,纸箱43*37*18,纸箱43*37*18 WCZX 五层粘箱,430×370×180mm,045 A113B,1,1,250,577.50,2025/6/13 10:03:51,2025/6/13 10:03:51,prefix_unique,pending,同客户斜杠前编码唯一命中；仍需人工核对描述、规格和材质
125,苏州工业园区新振针纺织品有限公司,纸箱450*350*300/35.630649,纸箱450*350*300,2959,纸箱450*350*300,纸箱450*350*300,纸箱450*350*300 WCZX 五层粘箱,,045 A113B,1,1,200,538.00,2025/3/21 14:52:58,2025/3/21 14:52:58,prefix_unique,pending,同客户斜杠前编码唯一命中；仍需人工核对描述、规格和材质
125,苏州工业园区新振针纺织品有限公司,纸箱450*350*300/35.630660,纸箱450*350*300,2959,纸箱450*350*300,纸箱450*350*300,纸箱450*350*300 WCZX 五层粘箱,,045 A113B,1,1,200,538.00,2025/3/21 14:51:29,2025/3/21 14:51:29,prefix_unique,pending,同客户斜杠前编码唯一命中；仍需人工核对描述、规格和材质
125,苏州工业园区新振针纺织品有限公司,纸箱37*28*17/30.634102,纸箱37*28*17,3007,纸箱37*28*17,纸箱37*28*17,纸箱37*28*17 WCZX 五层粘箱,,045 A113B,1,1,280,420.00,2025/4/17 16:02:49,2025/4/17 16:02:49,prefix_unique,pending,同客户斜杠前编码唯一命中；仍需人工核对描述、规格和材质
125,苏州工业园区新振针纺织品有限公司,纸箱450*350*230/35.630657,纸箱450*350*230,2958,纸箱450*350*230,纸箱450*350*230,纸箱450*350*230 WCZX 五层粘箱,450×350×230mm,045 A113B,1,1,150,360.00,2025/3/21 14:50:15,2025/3/21 14:50:15,prefix_unique,pending,同客户斜杠前编码唯一命中；仍需人工核对描述、规格和材质
125,苏州工业园区新振针纺织品有限公司,纸箱450*350*230/35.630659,纸箱450*350*230,2958,纸箱450*350*230,纸箱450*350*230,纸箱450*350*230 WCZX 五层粘箱,450×350×230mm,045 A113B,1,1,150,360.00,2025/3/21 14:49:08,2025/3/21 14:49:08,prefix_unique,pending,同客户斜杠前编码唯一命中；仍需人工核对描述、规格和材质
125,苏州工业园区新振针纺织品有限公司,纸箱37*28*17/30.634406,纸箱37*28*17,3007,纸箱37*28*17,纸箱37*28*17,纸箱37*28*17 WCZX 五层粘箱,,045 A113B,1,1,220,330.00,2025/4/17 15:58:25,2025/4/17 15:58:25,prefix_unique,pending,同客户斜杠前编码唯一命中；仍需人工核对描述、规格和材质
125,苏州工业园区新振针纺织品有限公司,纸箱450*350*300/30.634107,纸箱450*350*300,2959,纸箱450*350*300,纸箱450*350*300,纸箱450*350*300 WCZX 五层粘箱,,045 A113B,1,1,120,322.80,2025/3/21 14:55:58,2025/3/21 14:55:58,prefix_unique,pending,同客户斜杠前编码唯一命中；仍需人工核对描述、规格和材质
125,苏州工业园区新振针纺织品有限公司,纸箱450*350*300/30.634387,纸箱450*350*300,2959,纸箱450*350*300,纸箱450*350*300,纸箱450*350*300 WCZX 五层粘箱,,045 A113B,1,1,100,269.00,2025/3/21 14:54:37,2025/3/21 14:54:37,prefix_unique,pending,同客户斜杠前编码唯一命中；仍需人工核对描述、规格和材质
125,苏州工业园区新振针纺织品有限公司,纸箱450*350*300/30.634422,纸箱450*350*300,2959,纸箱450*350*300,纸箱450*350*300,纸箱450*350*300 WCZX 五层粘箱,,045 A113B,1,1,100,269.00,2025/3/21 14:53:44,2025/3/21 14:53:44,prefix_unique,pending,同客户斜杠前编码唯一命中；仍需人工核对描述、规格和材质
125,苏州工业园区新振针纺织品有限公司,纸箱450*350*300/35.630651,纸箱450*350*300,2959,纸箱450*350*300,纸箱450*350*300,纸箱450*350*300 WCZX 五层粘箱,,045 A113B,1,1,100,269.00,2025/3/21 14:52:11,2025/3/21 14:52:11,prefix_unique,pending,同客户斜杠前编码唯一命中；仍需人工核对描述、规格和材质
125,苏州工业园区新振针纺织品有限公司,纸箱450*350*230/35.630658,纸箱450*350*230,2958,纸箱450*350*230,纸箱450*350*230,纸箱450*350*230 WCZX 五层粘箱,450×350×230mm,045 A113B,1,1,100,240.00,2025/3/21 14:49:54,2025/3/21 14:49:54,prefix_unique,pending,同客户斜杠前编码唯一命中；仍需人工核对描述、规格和材质
125,苏州工业园区新振针纺织品有限公司,纸箱37*28*17/35 008750,纸箱37*28*17,3007,纸箱37*28*17,纸箱37*28*17,纸箱37*28*17 WCZX 五层粘箱,,045 A113B,1,1,150,225.00,2025/5/9 9:54:07,2025/5/9 9:54:07,prefix_unique,pending,同客户斜杠前编码唯一命中；仍需人工核对描述、规格和材质
125,苏州工业园区新振针纺织品有限公司,纸箱37*28*17/30.634415,纸箱37*28*17,3007,纸箱37*28*17,纸箱37*28*17,纸箱37*28*17 WCZX 五层粘箱,,045 A113B,1,1,140,210.00,2025/4/17 16:00:41,2025/4/17 16:00:41,prefix_unique,pending,同客户斜杠前编码唯一命中；仍需人工核对描述、规格和材质
125,苏州工业园区新振针纺织品有限公司,纸箱43*37*18/30 013367,纸箱43*37*18,3052,纸箱43*37*18,纸箱43*37*18,纸箱43*37*18 WCZX 五层粘箱,430×370×180mm,045 A113B,1,1,80,184.80,2025/6/13 10:02:59,2025/6/13 10:02:59,prefix_unique,pending,同客户斜杠前编码唯一命中；仍需人工核对描述、规格和材质
125,苏州工业园区新振针纺织品有限公司,纸箱43*37*18/30 013376,纸箱43*37*18,3052,纸箱43*37*18,纸箱43*37*18,纸箱43*37*18 WCZX 五层粘箱,430×370×180mm,045 A113B,1,1,80,184.80,2025/6/13 10:03:22,2025/6/13 10:03:22,prefix_unique,pending,同客户斜杠前编码唯一命中；仍需人工核对描述、规格和材质
125,苏州工业园区新振针纺织品有限公司,纸箱42*37*23/30.634404,纸箱42*37*23,3006,纸箱42*37*23,纸箱42*37*23,纸箱42*37*23 WCZX 五层粘箱,,045 A113B,1,1,75,179.25,2025/4/17 15:52:09,2025/4/17 15:52:09,prefix_unique,pending,同客户斜杠前编码唯一命中；仍需人工核对描述、规格和材质
125,苏州工业园区新振针纺织品有限公司,纸箱42*37*23/30.634417,纸箱42*37*23,3006,纸箱42*37*23,纸箱42*37*23,纸箱42*37*23 WCZX 五层粘箱,,045 A113B,1,1,70,167.30,2025/4/17 16:02:11,2025/4/17 16:02:11,prefix_unique,pending,同客户斜杠前编码唯一命中；仍需人工核对描述、规格和材质
125,苏州工业园区新振针纺织品有限公司,纸箱37*28*17/35 008724,纸箱37*28*17,3007,纸箱37*28*17,纸箱37*28*17,纸箱37*28*17 WCZX 五层粘箱,,045 A113B,2,2,100,150.00,2025/5/9 9:53:00,2025/5/9 9:53:28,prefix_unique,pending,同客户斜杠前编码唯一命中；仍需人工核对描述、规格和材质
125,苏州工业园区新振针纺织品有限公司,纸箱37*28*17/35 008720,纸箱37*28*17,3007,纸箱37*28*17,纸箱37*28*17,纸箱37*28*17 WCZX 五层粘箱,,045 A113B,1,1,100,150.00,2025/5/9 9:52:13,2025/5/9 9:52:13,prefix_unique,pending,同客户斜杠前编码唯一命中；仍需人工核对描述、规格和材质
125,苏州工业园区新振针纺织品有限公司,纸箱37*28*17/35 008758,纸箱37*28*17,3007,纸箱37*28*17,纸箱37*28*17,纸箱37*28*17 WCZX 五层粘箱,,045 A113B,1,1,100,150.00,2025/5/9 9:52:37,2025/5/9 9:52:37,prefix_unique,pending,同客户斜杠前编码唯一命中；仍需人工核对描述、规格和材质
125,苏州工业园区新振针纺织品有限公司,纸箱37*28*17/35522089,纸箱37*28*17,3007,纸箱37*28*17,纸箱37*28*17,纸箱37*28*17 WCZX 五层粘箱,,045 A113B,1,1,100,150.00,2025/5/14 14:21:16,2025/5/14 14:21:16,prefix_unique,pending,同客户斜杠前编码唯一命中；仍需人工核对描述、规格和材质
125,苏州工业园区新振针纺织品有限公司,纸箱37*28*17/35522095,纸箱37*28*17,3007,纸箱37*28*17,纸箱37*28*17,纸箱37*28*17 WCZX 五层粘箱,,045 A113B,1,1,100,150.00,2025/5/14 14:23:08,2025/5/14 14:23:08,prefix_unique,pending,同客户斜杠前编码唯一命中；仍需人工核对描述、规格和材质
125,苏州工业园区新振针纺织品有限公司,纸箱37*28*17/35522199,纸箱37*28*17,3007,纸箱37*28*17,纸箱37*28*17,纸箱37*28*17 WCZX 五层粘箱,,045 A113B,1,1,100,150.00,2025/5/14 14:22:53,2025/5/14 14:22:53,prefix_unique,pending,同客户斜杠前编码唯一命中；仍需人工核对描述、规格和材质
125,苏州工业园区新振针纺织品有限公司,纸箱37*28*17/35522242,纸箱37*28*17,3007,纸箱37*28*17,纸箱37*28*17,纸箱37*28*17 WCZX 五层粘箱,,045 A113B,1,1,100,150.00,2025/5/14 14:21:38,2025/5/14 14:21:38,prefix_unique,pending,同客户斜杠前编码唯一命中；仍需人工核对描述、规格和材质
125,苏州工业园区新振针纺织品有限公司,纸箱43*37*18/30 013342,纸箱43*37*18,3052,纸箱43*37*18,纸箱43*37*18,纸箱43*37*18 WCZX 五层粘箱,430×370×180mm,045 A113B,1,1,60,138.60,2025/6/13 10:02:23,2025/6/13 10:02:23,prefix_unique,pending,同客户斜杠前编码唯一命中；仍需人工核对描述、规格和材质
125,苏州工业园区新振针纺织品有限公司,纸箱450*350*300/30.634400,纸箱450*350*300,2959,纸箱450*350*300,纸箱450*350*300,纸箱450*350*300 WCZX 五层粘箱,,045 A113B,1,1,50,134.50,2025/3/21 14:54:08,2025/3/21 14:54:08,prefix_unique,pending,同客户斜杠前编码唯一命中；仍需人工核对描述、规格和材质
125,苏州工业园区新振针纺织品有限公司,纸箱450*350*300/30.634423,纸箱450*350*300,2959,纸箱450*350*300,纸箱450*350*300,纸箱450*350*300 WCZX 五层粘箱,,045 A113B,1,1,50,134.50,2025/3/21 14:53:22,2025/3/21 14:53:22,prefix_unique,pending,同客户斜杠前编码唯一命中；仍需人工核对描述、规格和材质
125,苏州工业园区新振针纺织品有限公司,纸箱37*28*17/35522096,纸箱37*28*17,3007,纸箱37*28*17,纸箱37*28*17,纸箱37*28*17 WCZX 五层粘箱,,045 A113B,1,1,80,120.00,2025/5/14 14:20:32,2025/5/14 14:20:32,prefix_unique,pending,同客户斜杠前编码唯一命中；仍需人工核对描述、规格和材质
125,苏州工业园区新振针纺织品有限公司,纸箱450*350*230/30.634107,纸箱450*350*230,2958,纸箱450*350*230,纸箱450*350*230,纸箱450*350*230 WCZX 五层粘箱,450×350×230mm,045 A113B,1,1,50,120.00,2025/3/21 14:56:19,2025/3/21 14:56:19,prefix_unique,pending,同客户斜杠前编码唯一命中；仍需人工核对描述、规格和材质
125,苏州工业园区新振针纺织品有限公司,纸箱450*350*230/35.630652,纸箱450*350*230,2958,纸箱450*350*230,纸箱450*350*230,纸箱450*350*230 WCZX 五层粘箱,450×350×230mm,045 A113B,1,1,50,120.00,2025/3/21 14:50:37,2025/3/21 14:50:37,prefix_unique,pending,同客户斜杠前编码唯一命中；仍需人工核对描述、规格和材质
125,苏州工业园区新振针纺织品有限公司,纸箱42*37*23/35 522101,纸箱42*37*23,3006,纸箱42*37*23,纸箱42*37*23,纸箱42*37*23 WCZX 五层粘箱,,045 A113B,1,1,50,119.50,2025/5/14 14:20:05,2025/5/14 14:20:05,prefix_unique,pending,同客户斜杠前编码唯一命中；仍需人工核对描述、规格和材质
125,苏州工业园区新振针纺织品有限公司,纸箱42*37*23/35008724,纸箱42*37*23,3006,纸箱42*37*23,纸箱42*37*23,纸箱42*37*23 WCZX 五层粘箱,,045 A113B,1,1,50,119.50,2025/5/9 9:53:48,2025/5/9 9:53:48,prefix_unique,pending,同客户斜杠前编码唯一命中；仍需人工核对描述、规格和材质
125,苏州工业园区新振针纺织品有限公司,纸箱42*37*23/35522089,纸箱42*37*23,3006,纸箱42*37*23,纸箱42*37*23,纸箱42*37*23 WCZX 五层粘箱,,045 A113B,1,1,50,119.50,2025/5/14 14:20:56,2025/5/14 14:20:56,prefix_unique,pending,同客户斜杠前编码唯一命中；仍需人工核对描述、规格和材质
125,苏州工业园区新振针纺织品有限公司,纸箱42*37*23/35522199,纸箱42*37*23,3006,纸箱42*37*23,纸箱42*37*23,纸箱42*37*23 WCZX 五层粘箱,,045 A113B,1,1,50,119.50,2025/5/14 14:22:34,2025/5/14 14:22:34,prefix_unique,pending,同客户斜杠前编码唯一命中；仍需人工核对描述、规格和材质
125,苏州工业园区新振针纺织品有限公司,纸箱37*28*17/35522090,纸箱37*28*17,3007,纸箱37*28*17,纸箱37*28*17,纸箱37*28*17 WCZX 五层粘箱,,045 A113B,1,1,50,75.00,2025/5/14 14:23:24,2025/5/14 14:23:24,prefix_unique,pending,同客户斜杠前编码唯一命中；仍需人工核对描述、规格和材质
125,苏州工业园区新振针纺织品有限公司,纸箱37*28*17/35522209,纸箱37*28*17,3007,纸箱37*28*17,纸箱37*28*17,纸箱37*28*17 WCZX 五层粘箱,,045 A113B,1,1,50,75.00,2025/5/14 14:21:54,2025/5/14 14:21:54,prefix_unique,pending,同客户斜杠前编码唯一命中；仍需人工核对描述、规格和材质
125,苏州工业园区新振针纺织品有限公司,纸箱42*37*23/30.634103,纸箱42*37*23,3006,纸箱42*37*23,纸箱42*37*23,纸箱42*37*23 WCZX 五层粘箱,,045 A113B,1,1,30,71.70,2025/4/17 15:51:24,2025/4/17 15:51:24,prefix_unique,pending,同客户斜杠前编码唯一命中；仍需人工核对描述、规格和材质
125,苏州工业园区新振针纺织品有限公司,纸箱37*28*17/30.634404,纸箱37*28*17,3007,纸箱37*28*17,纸箱37*28*17,纸箱37*28*17 WCZX 五层粘箱,,045 A113B,1,1,40,60.00,2025/4/17 15:55:38,2025/4/17 15:55:38,prefix_unique,pending,同客户斜杠前编码唯一命中；仍需人工核对描述、规格和材质
125,苏州工业园区新振针纺织品有限公司,纸箱42*37*23/30.634101,纸箱42*37*23,3006,纸箱42*37*23,纸箱42*37*23,纸箱42*37*23 WCZX 五层粘箱,,045 A113B,1,1,25,59.75,2025/4/17 16:04:23,2025/4/17 16:04:23,prefix_unique,pending,同客户斜杠前编码唯一命中；仍需人工核对描述、规格和材质
125,苏州工业园区新振针纺织品有限公司,纸箱42*37*23/30.634405,纸箱42*37*23,3006,纸箱42*37*23,纸箱42*37*23,纸箱42*37*23 WCZX 五层粘箱,,045 A113B,1,1,25,59.75,2025/4/17 15:57:07,2025/4/17 15:57:07,prefix_unique,pending,同客户斜杠前编码唯一命中；仍需人工核对描述、规格和材质
125,苏州工业园区新振针纺织品有限公司,纸箱42*37*23/35 008740,纸箱42*37*23,3006,纸箱42*37*23,纸箱42*37*23,纸箱42*37*23 WCZX 五层粘箱,,045 A113B,1,1,25,59.75,2025/5/9 9:51:40,2025/5/9 9:51:40,prefix_unique,pending,同客户斜杠前编码唯一命中；仍需人工核对描述、规格和材质
125,苏州工业园区新振针纺织品有限公司,纸箱43*37*32/30 013355,纸箱43*37*32,,,,,,,1,1,20,57.00,2025/6/13 10:04:44,2025/6/13 10:04:44,prefix_no_match,pending,斜杠前编码未命中产品，需人工查找或后续建产品
125,苏州工业园区新振针纺织品有限公司,纸箱37*28*17/30536139,纸箱37*28*17,3007,纸箱37*28*17,纸箱37*28*17,纸箱37*28*17 WCZX 五层粘箱,,045 A113B,1,1,35,52.50,2025/5/14 14:23:49,2025/5/14 14:23:49,prefix_unique,pending,同客户斜杠前编码唯一命中；仍需人工核对描述、规格和材质
125,苏州工业园区新振针纺织品有限公司,纸箱37*28*17/06536339,纸箱37*28*17,3007,纸箱37*28*17,纸箱37*28*17,纸箱37*28*17 WCZX 五层粘箱,,045 A113B,1,1,25,37.50,2025/5/14 14:24:18,2025/5/14 14:24:18,prefix_unique,pending,同客户斜杠前编码唯一命中；仍需人工核对描述、规格和材质
125,苏州工业园区新振针纺织品有限公司,纸箱42*37*23/30.634406,纸箱42*37*23,3006,纸箱42*37*23,纸箱42*37*23,纸箱42*37*23 WCZX 五层粘箱,,045 A113B,1,1,15,35.85,2025/4/17 15:59:22,2025/4/17 15:59:22,prefix_unique,pending,同客户斜杠前编码唯一命中；仍需人工核对描述、规格和材质
125,苏州工业园区新振针纺织品有限公司,纸箱42*37*23/30.634416,纸箱42*37*23,3006,纸箱42*37*23,纸箱42*37*23,纸箱42*37*23 WCZX 五层粘箱,,045 A113B,1,1,15,35.85,2025/4/17 16:01:10,2025/4/17 16:01:10,prefix_unique,pending,同客户斜杠前编码唯一命中；仍需人工核对描述、规格和材质
125,苏州工业园区新振针纺织品有限公司,纸箱37*28*17/30.634417,纸箱37*28*17,3007,纸箱37*28*17,纸箱37*28*17,纸箱37*28*17 WCZX 五层粘箱,,045 A113B,1,1,20,30.00,2025/4/17 16:01:39,2025/4/17 16:01:39,prefix_unique,pending,同客户斜杠前编码唯一命中；仍需人工核对描述、规格和材质
40,苏州工业园区明源金属股份有限公司,50100002 / 纸箱310*300*160,50100002,1192,50100002,50100002,纸箱310*300*160,315×305×175mm,146 150/105/50/125/130,57,57,32500,91363.00,2018/10/19 14:53:07,2026/2/26 10:56:06,prefix_unique,pending,同客户斜杠前编码唯一命中；仍需人工核对描述、规格和材质
40,苏州工业园区明源金属股份有限公司,50100098 / DA69-01778A 315*340*130,50100098,1235,50100098,50100098,DA69-01778A 315*340*130,350×325×145mm,136 175/125/50/145/130,56,56,17483,61215.25,2018/11/13 11:07:09,2026/6/11 8:06:30,prefix_unique,pending,同客户斜杠前编码唯一命中；仍需人工核对描述、规格和材质
40,苏州工业园区明源金属股份有限公司,50100003 / 纸箱360*350*180,50100003,1369,50100003,50100003,纸箱360*350*180,375×355×195mm,130 130/105/50/125/105,51,51,15600,55230.00,2018/10/13 10:22:56,2026/6/15 7:45:32,prefix_unique,pending,同客户斜杠前编码唯一命中；仍需人工核对描述、规格和材质
40,苏州工业园区明源金属股份有限公司,50100039 / 纸箱500*360*180,50100039,1184,50100039,50100039,纸箱500*360*180,510×360×185mm,130 130/105/50/125/105,38,38,10100,45539.00,2018/10/30 11:18:33,2024/7/24 16:09:36,prefix_unique,pending,同客户斜杠前编码唯一命中；仍需人工核对描述、规格和材质
40,苏州工业园区明源金属股份有限公司,50100094 / 纸箱50*36*55,50100094,1255,50100094,50100094,纸箱50*36*55,510×367×564mm,130 130/105/50/125/105,28,28,4750,33557.50,2019/1/4 9:54:54,2026/3/9 17:28:07,prefix_unique,pending,同客户斜杠前编码唯一命中；仍需人工核对描述、规格和材质
40,苏州工业园区明源金属股份有限公司,50100038 / 纸箱500*350*280,50100038,1996,50100038,50100038,纸箱500*350*280,510×360×295mm,130 130/105/50/125/105,12,12,3500,17559.00,2022/1/11 11:14:17,2026/2/25 8:38:09,prefix_unique,pending,同客户斜杠前编码唯一命中；仍需人工核对描述、规格和材质
40,苏州工业园区明源金属股份有限公司,50100006 /纸箱500*500*540,50100006,1168,50100006,50100006,纸箱500*500*540,500×500×535mm,164 175/145/50/145/175,11,11,1650,16046.00,2018/10/30 11:17:47,2021/8/18 9:42:52,prefix_unique,pending,同客户斜杠前编码唯一命中；仍需人工核对描述、规格和材质
40,苏州工业园区明源金属股份有限公司,50100027 / DB69-01001W380*380*240,50100027,1264,50100027,50100027,DB69-01001W380*380*240,380×380×240mm,149 190/125/50/145/175,14,14,1860,10936.40,2019/1/22 11:12:53,2025/7/5 7:53:15,prefix_unique,pending,同客户斜杠前编码唯一命中；仍需人工核对描述、规格和材质
40,苏州工业园区明源金属股份有限公司,50100160 / DC69-01204P / 33*18*12,50100160,1249,50100160,50100160,DC69-01204P / 33*18*12,340×190×145mm,133 190/115/55/135/155,25,25,4350,9381.50,2018/12/26 12:33:40,2026/2/25 8:38:23,prefix_unique,pending,同客户斜杠前编码唯一命中；仍需人工核对描述、规格和材质
40,苏州工业园区明源金属股份有限公司,50100006 / 纸箱500*500*540,50100006,1168,50100006,50100006,纸箱500*500*540,500×500×535mm,164 175/145/50/145/175,11,11,800,7866.00,2021/12/23 12:51:49,2023/4/19 10:30:48,prefix_unique,pending,同客户斜杠前编码唯一命中；仍需人工核对描述、规格和材质
40,苏州工业园区明源金属股份有限公司,50100002 / 纸箱31*30*16,50100002,1192,50100002,50100002,纸箱310*300*160,315×305×175mm,146 150/105/50/125/130,1,1,1000,2800.00,2018/8/24 10:06:00,2018/8/24 10:06:00,prefix_unique,pending,同客户斜杠前编码唯一命中；仍需人工核对描述、规格和材质
40,苏州工业园区明源金属股份有限公司,50100100 / DA69-01724Z 21*21*11.5,50100100,1352,50100100,50100100,DA69-01724Z 21*21*11.5,210×210×115mm,119 190/115/55/135/125,7,7,1100,2594.00,2019/6/5 17:05:36,2025/6/2 11:57:47,prefix_unique,pending,同客户斜杠前编码唯一命中；仍需人工核对描述、规格和材质
40,苏州工业园区明源金属股份有限公司,50100099/DA69-01742F纸箱24*24*11,50100099,1181,50100099,50100099,DA69-01742F纸箱24*24*11,250×250×125mm,136 175/125/50/145/130,5,5,900,2374.00,2019/6/5 17:06:49,2021/4/20 10:28:48,prefix_unique,pending,同客户斜杠前编码唯一命中；仍需人工核对描述、规格和材质
40,苏州工业园区明源金属股份有限公司,50100006 / 纸箱50*50*54,50100006,1168,50100006,50100006,纸箱500*500*540,500×500×535mm,164 175/145/50/145/175,1,1,200,1860.00,2018/9/18 9:55:51,2018/9/18 9:55:51,prefix_unique,pending,同客户斜杠前编码唯一命中；仍需人工核对描述、规格和材质
40,苏州工业园区明源金属股份有限公司,50100099 / DA69-01742F纸箱24*24*11,50100099,1181,50100099,50100099,DA69-01742F纸箱24*24*11,250×250×125mm,136 175/125/50/145/130,3,3,500,1290.00,2022/1/17 12:57:34,2022/4/20 15:54:09,prefix_unique,pending,同客户斜杠前编码唯一命中；仍需人工核对描述、规格和材质
40,苏州工业园区明源金属股份有限公司,50100007 / 纸箱19*12.5*9.5,50100007,1260,50100007,50100007,纸箱19*12.5*9.5,190×120×90mm,136 175/125/50/145/130,8,8,1100,1250.50,2019/1/7 12:52:49,2022/3/7 9:13:35,prefix_unique,pending,同客户斜杠前编码唯一命中；仍需人工核对描述、规格和材质
40,苏州工业园区明源金属股份有限公司,50300026 / 衬板83*60,50300026,,,,,,,1,1,1000,1200.00,2018/9/10 10:06:54,2018/9/10 10:06:54,prefix_no_match,pending,斜杠前编码未命中产品，需人工查找或后续建产品
40,苏州工业园区明源金属股份有限公司,50100038/纸箱500*350*280,50100038,1996,50100038,50100038,纸箱500*350*280,510×360×295mm,130 130/105/50/125/105,2,2,200,1094.00,2021/7/8 9:40:22,2021/8/11 16:34:03,prefix_unique,pending,同客户斜杠前编码唯一命中；仍需人工核对描述、规格和材质
40,苏州工业园区明源金属股份有限公司,50100037 / DB69-01204P / 33*18*12,50100037,1368,50100037,50100037,DB69-01204P / 33*18*12,330×180×120mm,119 190/115/55/135/125,4,4,450,920.50,2018/12/26 12:37:18,2024/5/14 8:44:39,prefix_unique,pending,同客户斜杠前编码唯一命中；仍需人工核对描述、规格和材质
40,苏州工业园区明源金属股份有限公司,50100039 / 纸箱50*36*18,50100039,1184,50100039,50100039,纸箱500*360*180,510×360×185mm,130 130/105/50/125/105,1,1,200,880.00,2018/8/24 10:05:13,2018/8/24 10:05:13,prefix_unique,pending,同客户斜杠前编码唯一命中；仍需人工核对描述、规格和材质
40,苏州工业园区明源金属股份有限公司,50100003 / 纸箱36*35*18,50100003,1369,50100003,50100003,纸箱360*350*180,375×355×195mm,130 130/105/50/125/105,1,1,200,720.00,2018/8/24 10:04:39,2018/8/24 10:04:39,prefix_unique,pending,同客户斜杠前编码唯一命中；仍需人工核对描述、规格和材质
40,苏州工业园区明源金属股份有限公司,50100094 / 纸箱500*360*550,50100094,1255,50100094,50100094,纸箱50*36*55,510×367×564mm,130 130/105/50/125/105,1,1,100,710.00,2018/10/30 11:18:15,2018/10/30 11:18:15,prefix_unique,pending,同客户斜杠前编码唯一命中；仍需人工核对描述、规格和材质
40,苏州工业园区明源金属股份有限公司,DB69-01204P / 33*18*12,DB69-01204P,,,,,,,1,1,200,442.00,2018/8/25 16:15:14,2018/8/25 16:15:14,prefix_no_match,pending,斜杠前编码未命中产品，需人工查找或后续建产品
40,苏州工业园区明源金属股份有限公司,DC69-01204P / 33*18*12,DC69-01204P,,,,,,,1,1,200,442.00,2018/9/4 8:16:37,2018/9/4 8:16:37,prefix_no_match,pending,斜杠前编码未命中产品，需人工查找或后续建产品
40,苏州工业园区明源金属股份有限公司,50100099 / DA69-01742F 240*240*110,50100099,1181,50100099,50100099,DA69-01742F纸箱24*24*11,250×250×125mm,136 175/125/50/145/130,1,1,100,240.00,2019/4/26 8:49:29,2019/4/26 8:49:29,prefix_unique,pending,同客户斜杠前编码唯一命中；仍需人工核对描述、规格和材质
40,苏州工业园区明源金属股份有限公司,有盖无底纸箱 / 110*110*100,有盖无底纸箱,1196,有盖无底纸箱,有盖无底纸箱,110*110*100,1100×1100×1000mm,011 R515A,1,1,4,160.00,2018/10/12 8:30:42,2018/10/12 8:30:42,prefix_unique,pending,同客户斜杠前编码唯一命中；仍需人工核对描述、规格和材质
40,苏州工业园区明源金属股份有限公司,50100100 / DA69-01724Z,50100100,1352,50100100,50100100,DA69-01724Z 21*21*11.5,210×210×115mm,119 190/115/55/135/125,1,1,50,125.00,2019/4/26 8:51:07,2019/4/26 8:51:07,prefix_unique,pending,同客户斜杠前编码唯一命中；仍需人工核对描述、规格和材质
16,苏州工业园区春山包装有限公司,50-0034-72 / 纸箱49.5*43*18,50-0034-72,,,,,,,1,1,50,402.50,2017/3/28 12:37:11,2017/3/28 12:37:11,prefix_no_match,pending,斜杠前编码未命中产品，需人工查找或后续建产品
23,苏州工业园区腾华净化制品有限公司,18*36 / 黄双瓦外箱,18*36,501,18*36,18*36,黄双瓦外箱,940×480×120mm,011 R515A,14,14,624,5056.80,2017/4/10 7:47:28,2021/2/3 12:54:24,prefix_unique,pending,同客户斜杠前编码唯一命中；仍需人工核对描述、规格和材质
23,苏州工业园区腾华净化制品有限公司,18*45  / 内盒4本装,18*45,,,,,,,1,1,150,1069.50,2017/2/17 8:50:11,2017/2/17 8:50:11,prefix_no_match,pending,斜杠前编码未命中产品，需人工查找或后续建产品
23,苏州工业园区腾华净化制品有限公司,18*45 / 内盒 4本装,18*45,,,,,,,1,1,150,1069.50,2017/2/17 8:49:01,2017/2/17 8:49:01,prefix_no_match,pending,斜杠前编码未命中产品，需人工查找或后续建产品
23,苏州工业园区腾华净化制品有限公司,黄双瓦内盒 / 61*116,黄双瓦内盒,,,,,,,1,1,40,384.00,2018/9/13 14:30:09,2018/9/13 14:30:09,prefix_no_match,pending,斜杠前编码未命中产品，需人工查找或后续建产品
23,苏州工业园区腾华净化制品有限公司,45*90 / 黄双瓦外箱,45*90,,,,,,,1,1,24,170.40,2020/7/20 8:40:17,2020/7/20 8:40:17,prefix_no_match,pending,斜杠前编码未命中产品，需人工查找或后续建产品
23,苏州工业园区腾华净化制品有限公司,24*36黄双瓦内盒 93.5*62*1.3/1.5BE横瓦,24*36黄双瓦内盒 93.5*62*1.3,,,,,,,1,1,20,160.00,2018/6/12 9:47:56,2018/6/12 9:47:56,prefix_no_match,pending,斜杠前编码未命中产品，需人工查找或后续建产品
23,苏州工业园区腾华净化制品有限公司,黄双瓦外箱 / 61*116,黄双瓦外箱,310,黄双瓦外箱,黄双瓦外箱,黄双瓦外箱 THWX 腾华外箱,350×280×270mm,011 R515A,1,1,8,142.08,2018/9/13 14:31:23,2018/9/13 14:31:23,prefix_unique,pending,同客户斜杠前编码唯一命中；仍需人工核对描述、规格和材质
56,苏州并作汽车电子有限公司,SATJITP0160008 / RV传感器内衬支架 60个/层,SATJITP0160008,2265,SATJITP0160008,SATJITP0160008,RV传感器内衬支架 60个/层,900×690×mm,108 130/125/105/E,15,11,16200,41240.00,2022/4/2 10:16:19,2026/3/3 17:17:14,prefix_unique,pending,同客户斜杠前编码唯一命中；仍需人工核对描述、规格和材质
56,苏州并作汽车电子有限公司,SATJITP0490009 / DORAN新外箱总箱420*420*440,SATJITP0490009,1618,SATJITP0490009,SATJITP0490009,DORAN新外箱总箱420*420*440,420×420×440mm,139 175/125/50/125/175,30,30,2350,27916.80,2022/11/4 16:49:09,2026/6/4 11:28:27,prefix_unique,pending,同客户斜杠前编码唯一命中；仍需人工核对描述、规格和材质
56,苏州并作汽车电子有限公司,SATJITP0160016 / RV传感器外箱,SATJITP0160016,1687,SATJITP0160016,SATJITP0160016,RV传感器外箱,460×350×190mm,133 190/115/55/135/155,22,22,1100,7730.30,2021/11/2 14:34:21,2025/3/5 11:32:29,prefix_unique,pending,同客户斜杠前编码唯一命中；仍需人工核对描述、规格和材质
56,苏州并作汽车电子有限公司,SATJITP027004 / RP-Re外箱381*345*406,SATJITP027004,1613,SATJITP027004,SATJITP027004,RP-Re外箱381*345*406,381×345×406mm,133 190/115/55/135/155,12,12,750,6847.50,2024/10/9 14:33:02,2026/5/21 10:18:11,prefix_unique,pending,同客户斜杠前编码唯一命中；仍需人工核对描述、规格和材质
56,苏州并作汽车电子有限公司,0490009 / DORAN新外箱总箱420*442*440,0490009,,,,,,,6,6,500,6145.00,2020/10/6 15:19:30,2021/9/4 8:11:57,prefix_no_match,pending,斜杠前编码未命中产品，需人工查找或后续建产品
56,苏州并作汽车电子有限公司,027004 / RP-Re外箱,027004,,,,,,,8,8,450,4171.50,2020/11/12 11:25:47,2021/2/26 15:53:22,prefix_no_match,pending,斜杠前编码未命中产品，需人工查找或后续建产品
56,苏州并作汽车电子有限公司,027004 / RP-Re外箱381*345*406,027004,,,,,,,3,3,400,3718.50,2021/4/2 12:45:35,2024/1/4 10:47:49,prefix_no_match,pending,斜杠前编码未命中产品，需人工查找或后续建产品
56,苏州并作汽车电子有限公司,SATJITP027005 / RP外箱405*337*377,SATJITP027005,1633,SATJITP027005,SATJITP027005,RP外箱405*337*377,,133 190/115/55/135/155,6,6,300,2328.60,2024/10/9 14:33:19,2026/4/3 12:06:20,prefix_unique,pending,同客户斜杠前编码唯一命中；仍需人工核对描述、规格和材质
56,苏州并作汽车电子有限公司,SATJITP184003 / T08R-R外箱（新）49*43*37,SATJITP184003,1922,SATJITP184003,SATJITP184003,T08R-R外箱（新）49*43*37,490×430×370mm,133 190/115/55/135/155,5,5,250,2301.05,2022/4/2 10:17:40,2026/1/9 7:57:19,prefix_unique,pending,同客户斜杠前编码唯一命中；仍需人工核对描述、规格和材质
56,苏州并作汽车电子有限公司,027005 / RP外箱405*337*377,027005,,,,,,,5,5,250,1972.10,2020/11/6 9:28:04,2024/1/27 8:02:11,prefix_no_match,pending,斜杠前编码未命中产品，需人工查找或后续建产品
56,苏州并作汽车电子有限公司,0160016 / RV传感器外箱,0160016,,,,,,,4,4,200,1434.00,2020/12/7 9:47:40,2021/1/11 12:56:38,prefix_no_match,pending,斜杠前编码未命中产品，需人工查找或后续建产品
56,苏州并作汽车电子有限公司,SATJ1TP0001022 / TSE30传感器包装内盒瓦楞纸隔断,SATJ1TP0001022,1852,SATJ1TP0001022,SATJ1TP0001022,TSE30传感器包装内盒瓦楞纸隔断,850×500×mm,108 130/125/105/E,5,5,1000,1348.56,2022/12/7 9:54:58,2026/4/3 12:07:54,prefix_unique,pending,同客户斜杠前编码唯一命中；仍需人工核对描述、规格和材质
56,苏州并作汽车电子有限公司,0490009 / DORAN新外箱总箱,0490009,,,,,,,2,2,100,1265.00,2020/7/6 9:37:59,2020/8/3 9:24:12,prefix_no_match,pending,斜杠前编码未命中产品，需人工查找或后续建产品
56,苏州并作汽车电子有限公司,SATJITP184003/纸箱49*43*37,SATJITP184003,1922,SATJITP184003,SATJITP184003,T08R-R外箱（新）49*43*37,490×430×370mm,133 190/115/55/135/155,1,1,50,460.21,2021/4/2 12:48:42,2021/4/2 12:48:42,prefix_unique,pending,同客户斜杠前编码唯一命中；仍需人工核对描述、规格和材质
56,苏州并作汽车电子有限公司,5CHCDM003/BB-EP模具费,5CHCDM003,,,,,,,1,1,1,415.00,2025/4/3 17:35:37,2025/4/3 17:35:37,prefix_no_match,pending,疑似费用或工装项，禁止自动映射为普通纸箱产品
56,苏州并作汽车电子有限公司,SATJITP038024/460*415*310MM,SATJITP038024,,,,,,,1,1,50,358.00,2024/10/23 9:43:27,2024/10/23 9:43:27,prefix_no_match,pending,斜杠前编码未命中产品，需人工查找或后续建产品
56,苏州并作汽车电子有限公司,SATJ1TP001022 / TSE30传感器包装内盒瓦楞纸隔断,SATJ1TP001022,,,,,,,1,1,200,274.48,2024/4/6 13:41:15,2024/4/6 13:41:15,prefix_no_match,pending,斜杠前编码未命中产品，需人工查找或后续建产品
56,苏州并作汽车电子有限公司,001022 / TSE30传感器包装内盒,001022,,,,,,,1,1,200,274.00,2021/1/11 12:56:22,2021/1/11 12:56:22,prefix_no_match,pending,斜杠前编码未命中产品，需人工查找或后续建产品
68,苏州思展实业有限公司,ZX046 / 纸护角2m*5cm*5mm,ZX046,2166,ZX046,ZX046,纸护角2m*5cm*5mm,2000×50×5mm,054 纸护角,13,13,15500,50855.00,2022/1/7 16:38:40,2024/6/14 17:07:02,prefix_unique,pending,同客户斜杠前编码唯一命中；仍需人工核对描述、规格和材质
68,苏州思展实业有限公司,ZX216 / 纸箱91*63*8内径,ZX216,2335,ZX216,ZX216,纸箱91*63*8内径,910×630×90mm,120 190/135/55/170/190,10,10,1271,15023.22,2022/11/10 8:54:41,2024/7/3 11:00:30,prefix_unique,pending,同客户斜杠前编码唯一命中；仍需人工核对描述、规格和材质
68,苏州思展实业有限公司,ZX013纸箱11-180/570*400*170,ZX013纸箱11-180,,,,,,,5,5,1800,9700.00,2021/10/13 9:06:38,2021/9/26 17:06:40,prefix_no_match,pending,斜杠前编码未命中产品，需人工查找或后续建产品
68,苏州思展实业有限公司,ZX027 纸箱25#/1040*440*120,ZX027 纸箱25#,,,,,,,4,4,602,5430.94,2021/12/22 11:57:20,2022/4/2 10:32:22,prefix_no_match,pending,斜杠前编码未命中产品，需人工查找或后续建产品
68,苏州思展实业有限公司,ZX027纸箱25#/1040*440*120,ZX027纸箱25#,,,,,,,3,3,350,2280.00,2021/10/5 9:11:31,2021/9/25 8:07:55,prefix_no_match,pending,斜杠前编码未命中产品，需人工查找或后续建产品
68,苏州思展实业有限公司,ZX064纸箱NH/420*320*200,ZX064纸箱NH,,,,,,,2,2,250,1105.82,2021/10/22 9:05:50,2021/9/25 8:06:21,prefix_no_match,pending,斜杠前编码未命中产品，需人工查找或后续建产品
68,苏州思展实业有限公司,ZX011纸箱10#/580*540*140,ZX011纸箱10#,,,,,,,1,1,100,660.00,2021/9/25 8:04:33,2021/9/25 8:04:33,prefix_no_match,pending,斜杠前编码未命中产品，需人工查找或后续建产品
68,苏州思展实业有限公司,ZX214 / 白色纸盒33.2*19.5*12,ZX214,2197,ZX214,ZX214,白色纸盒33.2*19.5*12,332×195×120mm,108 130/125/105/E,4,4,80,80.00,2022/10/4 10:11:09,2023/9/11 9:15:30,prefix_unique,pending,同客户斜杠前编码唯一命中；仍需人工核对描述、规格和材质
37,苏州思迈尔电子设备有限公司,CPN087070 / TD001天地盖170*41.5*31,CPN087070,2153,CPN087070,CPN087070,TD001天地盖170*41.5*31,1725×440×310mm,113 190/145/50/145/175,109,82,11082,427527.40,2019/10/17 15:18:48,2026/5/30 7:35:41,prefix_unique,pending,同客户斜杠前编码唯一命中；仍需人工核对描述、规格和材质
37,苏州思迈尔电子设备有限公司,CPN087060 / MK002 纸箱57*35*50,CPN087060,1161,CPN087060,CPN087060,MK002 纸箱57*35*50,575×355×515mm,109 240/165/50/165/240,45,45,10400,235396.00,2019/11/19 9:06:27,2026/6/8 8:38:49,prefix_unique,pending,同客户斜杠前编码唯一命中；仍需人工核对描述、规格和材质
37,苏州思迈尔电子设备有限公司,CPN087063 / MK005 750*500*245,CPN087063,2130,CPN087063,CPN087063,MK005 750*500*245,760×510×260mm,109 240/165/50/165/240,31,31,7700,221517.00,2021/12/31 12:52:52,2026/4/2 10:23:03,prefix_unique,pending,同客户斜杠前编码唯一命中；仍需人工核对描述、规格和材质
37,苏州思迈尔电子设备有限公司,CPN087059 / MK001纸箱75*50*24.5,CPN087059,1420,CPN087059,CPN087059,MK001纸箱75*50*24.5,755×505×260mm,109 240/165/50/165/240,46,46,7807,215683.28,2019/10/17 15:17:54,2026/5/30 7:36:19,prefix_unique,pending,同客户斜杠前编码唯一命中；仍需人工核对描述、规格和材质
37,苏州思迈尔电子设备有限公司,CPN087079 / TD010纸箱150*41.5*31,CPN087079,1377,CPN087079,CPN087079,TD010纸箱150*41.5*31,1525×435×310mm,113 190/145/50/145/175,75,48,5715,199309.80,2022/1/19 12:55:08,2026/4/2 10:23:22,prefix_unique,pending,同客户斜杠前编码唯一命中；仍需人工核对描述、规格和材质
37,苏州思迈尔电子设备有限公司,CPN087071 / TD002天地盖172*43*20,CPN087071,1204,CPN087071,CPN087071,TD002天地盖172*43*20,1735×445×200mm,113 190/145/50/145/175,66,48,4165,110770.38,2019/11/19 9:02:03,2026/4/24 14:26:17,prefix_unique,pending,同客户斜杠前编码唯一命中；仍需人工核对描述、规格和材质
37,苏州思迈尔电子设备有限公司,CPN087074 / TD005天地盖100*20*20,CPN087074,1159,CPN087074,CPN087074,TD005天地盖100*20*20,1025×225×200mm,113 190/145/50/145/175,80,59,12525,110532.90,2019/10/17 15:18:30,2026/4/24 14:27:02,prefix_unique,pending,同客户斜杠前编码唯一命中；仍需人工核对描述、规格和材质
37,苏州思迈尔电子设备有限公司,CPN087106/ZB001 / 纸板55*34,CPN087106,,,,,,,29,29,52000,75167.20,2019/11/4 14:08:23,2026/4/16 11:03:42,prefix_no_match,pending,斜杠前编码未命中产品，需人工查找或后续建产品
37,苏州思迈尔电子设备有限公司,CPN087062 / MK004 45*30*30,CPN087062,1160,CPN087062,CPN087062,MK004 45*30*30,455×305×315mm,109 240/165/50/165/240,22,22,4450,58129.54,2019/11/4 14:07:55,2026/6/8 8:39:07,prefix_unique,pending,同客户斜杠前编码唯一命中；仍需人工核对描述、规格和材质
37,苏州思迈尔电子设备有限公司,CPN087073 / TD004天地盖170*22*16,CPN087073,1205,CPN087073,CPN087073,TD004天地盖170*22*16,1725×245×160mm,113 190/145/50/145/175,56,46,2874,58101.40,2019/10/17 15:19:10,2026/4/24 14:26:33,prefix_unique,pending,同客户斜杠前编码唯一命中；仍需人工核对描述、规格和材质
37,苏州思迈尔电子设备有限公司,CPN087079/TD010纸箱150*41.5*31,CPN087079,1377,CPN087079,CPN087079,TD010纸箱150*41.5*31,1525×435×310mm,113 190/145/50/145/175,25,25,816,38827.90,2019/7/2 17:53:52,2021/9/6 8:24:54,prefix_unique,pending,同客户斜杠前编码唯一命中；仍需人工核对描述、规格和材质
37,苏州思迈尔电子设备有限公司,CPN087061 / MK003 59*22*23,CPN087061,1174,CPN087061,CPN087061,MK003 59*22*23,590×220×230mm,109 240/165/50/165/240,21,21,2100,37184.00,2019/12/27 11:10:53,2026/4/24 14:27:45,prefix_unique,pending,同客户斜杠前编码唯一命中；仍需人工核对描述、规格和材质
37,苏州思迈尔电子设备有限公司,CPN087066 / PT003纸箱1020*150*80,CPN087066,1315,CPN087066,CPN087066,PT003纸箱1020*150*80,1025×155×90mm,168 130/85/50/105/105,32,32,3700,30933.50,2019/11/19 9:02:47,2026/2/24 9:11:54,prefix_unique,pending,同客户斜杠前编码唯一命中；仍需人工核对描述、规格和材质
37,苏州思迈尔电子设备有限公司,CPN084557 / 护角170*5*5,CPN084557,,,,,,,17,17,5300,30808.00,2019/11/4 14:11:52,2025/6/6 11:24:27,prefix_no_match,pending,斜杠前编码未命中产品，需人工查找或后续建产品
37,苏州思迈尔电子设备有限公司,CPN087080/TD011纸箱170*41*20,CPN087080,1378,CPN087080,CPN087080,TD011纸箱170*41*20,1710×420×200mm,113 190/145/50/145/175,24,24,805,29966.60,2019/7/2 17:55:53,2021/9/6 8:25:13,prefix_unique,pending,同客户斜杠前编码唯一命中；仍需人工核对描述、规格和材质
37,苏州思迈尔电子设备有限公司,TD002 /纸箱172*43*20,TD002,1109,TD002,TD002,170*41*20,1700×410×20mm,016 K516K,4,4,895,27522.00,2019/1/12 9:32:14,2019/4/22 13:30:12,prefix_unique,pending,同客户斜杠前编码唯一命中；仍需人工核对描述、规格和材质
37,苏州思迈尔电子设备有限公司,CPN084557 / 纸护角105*5*5,CPN084557,,,,,,,24,24,7200,25038.00,2021/12/28 12:49:26,2025/7/28 9:29:46,prefix_no_match,pending,斜杠前编码未命中产品，需人工查找或后续建产品
37,苏州思迈尔电子设备有限公司,TD004 /纸箱170*22*16,TD004,,,,,,,6,6,1015,23052.50,2019/1/12 9:30:34,2019/5/23 15:27:43,prefix_no_match,pending,斜杠前编码未命中产品，需人工查找或后续建产品
37,苏州思迈尔电子设备有限公司,PG78纸箱/170*41*20,PG78纸箱,,,,,,,10,10,725,22185.00,2018/10/16 9:37:04,2018/9/21 11:22:11,prefix_no_match,pending,斜杠前编码未命中产品，需人工查找或后续建产品
37,苏州思迈尔电子设备有限公司,CPN084557 / 纸护角120*5*5,CPN084557,,,,,,,19,19,5000,21536.00,2022/11/30 9:06:21,2025/7/28 9:28:47,prefix_no_match,pending,斜杠前编码未命中产品，需人工查找或后续建产品
37,苏州思迈尔电子设备有限公司,CPN087067 / PT004纸箱1100*150*80,CPN087067,2160,CPN087067,CPN087067,PT004纸箱1100*150*80,1110×160×90mm,168 130/85/50/105/105,22,22,2320,20722.99,2020/8/27 13:40:14,2026/2/24 9:08:09,prefix_unique,pending,同客户斜杠前编码唯一命中；仍需人工核对描述、规格和材质
37,苏州思迈尔电子设备有限公司,TD002 / 170*41*20,TD002,1109,TD002,TD002,170*41*20,1700×410×20mm,016 K516K,4,4,600,20224.70,2018/11/23 9:58:15,2021/5/7 11:15:33,prefix_unique,pending,同客户斜杠前编码唯一命中；仍需人工核对描述、规格和材质
37,苏州思迈尔电子设备有限公司,MK002 / 纸箱57*35*50,MK002,,,,,,,4,4,1000,19500.00,2018/11/23 9:56:46,2019/5/9 9:55:56,prefix_no_match,pending,斜杠前编码未命中产品，需人工查找或后续建产品
37,苏州思迈尔电子设备有限公司,T4纸箱/170*41.58*31,T4纸箱,,,,,,,7,7,395,17655.55,2018/7/4 9:30:58,2018/9/19 15:34:45,prefix_no_match,pending,斜杠前编码未命中产品，需人工查找或后续建产品
37,苏州思迈尔电子设备有限公司,TD005 / 纸箱100*20*20,TD005,,,,,,,7,7,870,16095.00,2018/11/23 9:59:34,2019/5/23 15:27:25,prefix_no_match,pending,斜杠前编码未命中产品，需人工查找或后续建产品
37,苏州思迈尔电子设备有限公司,CPN110725 / MK-G1纸盖995*920*90,CPN110725,2097,CPN110725,CPN110725,MK-G1纸盖995*920*90,1005×930×90mm,153 美卡3A,16,16,140,14983.72,2022/1/14 16:43:44,2026/5/16 8:30:16,prefix_unique,pending,同客户斜杠前编码唯一命中；仍需人工核对描述、规格和材质
37,苏州思迈尔电子设备有限公司,CPN110734 / MK-G2纸盖1265*1160*90,CPN110734,2176,CPN110734,CPN110734,MK-G2纸盖1265*1160*90,1275×1170×90mm,153 美卡3A,15,15,131,14452.70,2022/1/14 16:44:20,2026/3/25 9:08:58,prefix_unique,pending,同客户斜杠前编码唯一命中；仍需人工核对描述、规格和材质
37,苏州思迈尔电子设备有限公司,CPV087067 / PT004纸箱1100*150*80,CPV087067,,,,,,,16,16,1700,14039.50,2019/10/17 15:18:14,2021/8/16 16:35:56,prefix_no_match,pending,斜杠前编码未命中产品，需人工查找或后续建产品
37,苏州思迈尔电子设备有限公司,CPN110723 / MK-W1纸围965*890*375,CPN110723,2096,CPN110723,CPN110723,MK-W1纸围965*890*375,980×905×375mm,153 美卡3A,15,15,134,13292.52,2022/1/14 16:43:09,2026/5/16 8:29:53,prefix_unique,pending,同客户斜杠前编码唯一命中；仍需人工核对描述、规格和材质
37,苏州思迈尔电子设备有限公司,CPN087068 / PT005 25*25*15,CPN087068,1488,CPN087068,CPN087068,PT005 25*25*15,260×260×171mm,168 130/85/50/105/105,13,13,1900,12846.00,2019/12/4 9:06:24,2026/6/8 8:39:22,prefix_unique,pending,同客户斜杠前编码唯一命中；仍需人工核对描述、规格和材质
37,苏州思迈尔电子设备有限公司,CPN110733 / MK-W2纸围1235*1130*335,CPN110733,2175,CPN110733,CPN110733,MK-W2纸围1235*1130*335,1250×1145×335mm,153 美卡3A,15,15,132,12381.00,2022/1/14 16:43:58,2026/3/25 9:08:42,prefix_unique,pending,同客户斜杠前编码唯一命中；仍需人工核对描述、规格和材质
37,苏州思迈尔电子设备有限公司,3642412 / 170*22*16,3642412,1110,3642412,3642412,170*22*16,1700×220×160mm,016 K516K,8,8,540,12150.00,2018/6/21 15:31:46,2018/9/21 11:21:50,prefix_unique,pending,同客户斜杠前编码唯一命中；仍需人工核对描述、规格和材质
37,苏州思迈尔电子设备有限公司,TD001 / 170*41.5*31,TD001,,,,,,,5,5,270,12069.00,2018/11/23 10:00:46,2019/4/22 13:29:30,prefix_no_match,pending,斜杠前编码未命中产品，需人工查找或后续建产品
37,苏州思迈尔电子设备有限公司,CPN084557 / KHI纸箱6200*300*200,CPN084557,,,,,,,11,11,54,11759.00,2023/11/2 13:19:01,2025/4/3 17:04:47,prefix_no_match,pending,斜杠前编码未命中产品，需人工查找或后续建产品
37,苏州思迈尔电子设备有限公司,5200001/天地盖172*44*31,5200001,,,,,,,2,2,258,11532.60,2018/6/21 15:27:43,2018/6/21 15:28:36,prefix_no_match,pending,斜杠前编码未命中产品，需人工查找或后续建产品
37,苏州思迈尔电子设备有限公司,CPN087064 / PT001纸箱76*15*8,CPN087064,1364,CPN087064,CPN087064,PT001纸箱76*15*8,770×160×85mm,168 130/85/50/105/105,14,14,1500,11469.37,2020/2/20 16:29:46,2026/3/13 13:04:00,prefix_unique,pending,同客户斜杠前编码唯一命中；仍需人工核对描述、规格和材质
37,苏州思迈尔电子设备有限公司,CPN084557 / 5200001护角1050*50*50,CPN084557,,,,,,,7,7,3200,11049.80,2019/11/4 14:09:33,2020/9/28 9:28:35,prefix_no_match,pending,斜杠前编码未命中产品，需人工查找或后续建产品
37,苏州思迈尔电子设备有限公司,CPN087057 / 纸护角75*5*5,CPN087057,1227,CPN087057,CPN087057,纸护角75*5*5,750×5×5mm,054 纸护角,13,13,4400,10859.00,2021/7/27 14:04:44,2026/4/3 14:37:18,prefix_unique,pending,同客户斜杠前编码唯一命中；仍需人工核对描述、规格和材质
37,苏州思迈尔电子设备有限公司,CPN087063/MK005纸箱75*50*24.5,CPN087063,2130,CPN087063,CPN087063,MK005 750*500*245,760×510×260mm,109 240/165/50/165/240,4,4,400,10523.00,2019/7/2 17:38:24,2021/5/7 11:17:30,prefix_unique,pending,同客户斜杠前编码唯一命中；仍需人工核对描述、规格和材质
37,苏州思迈尔电子设备有限公司,CPN084557 / 纸护角75*5*5,CPN084557,,,,,,,14,14,4400,10295.00,2022/5/6 13:22:49,2025/7/28 9:29:07,prefix_no_match,pending,斜杠前编码未命中产品，需人工查找或后续建产品
37,苏州思迈尔电子设备有限公司,CPN087107 / ZB002衬板43*28,CPN087107,1320,CPN087107,CPN087107,ZB002衬板43*28,,122 80/50/50/75/80,10,10,11500,10202.00,2019/12/17 15:10:03,2026/3/13 13:05:10,prefix_unique,pending,同客户斜杠前编码唯一命中；仍需人工核对描述、规格和材质
37,苏州思迈尔电子设备有限公司,CPN125463 / 护角170*5*5,CPN125463,1261,CPN125463,CPN125463,护角170*5*5,1700×50×5mm,054 纸护角,4,4,1400,8190.00,2025/12/26 13:26:02,2026/4/3 14:37:00,prefix_unique,pending,同客户斜杠前编码唯一命中；仍需人工核对描述、规格和材质
37,苏州思迈尔电子设备有限公司,3581 / 纸箱45*30*30,3581,,,,,,,3,3,700,8120.00,2018/11/8 9:32:10,2018/9/27 12:52:56,prefix_no_match,pending,斜杠前编码未命中产品，需人工查找或后续建产品
37,苏州思迈尔电子设备有限公司,MK004 / 纸箱45*30*30,MK004,,,,,,,3,3,700,8120.00,2018/12/18 9:55:50,2019/5/9 9:55:28,prefix_no_match,pending,斜杠前编码未命中产品，需人工查找或后续建产品
37,苏州思迈尔电子设备有限公司,CPN125447 / 美卡纸盖1467*1326*90 5,CPN125447,2359,CPN125447,CPN125447,美卡纸盖1467*1326*90 5,1485×1345×95mm,105 250/135/95/135/95/170/190,9,9,99,7920.00,2025/12/12 17:14:35,2026/5/4 9:53:28,prefix_unique,pending,同客户斜杠前编码唯一命中；仍需人工核对描述、规格和材质
37,苏州思迈尔电子设备有限公司,4924583 / 纸箱100*20*20,4924583,,,,,,,4,4,420,7770.00,2018/10/16 9:36:02,2018/8/31 16:34:08,prefix_no_match,pending,斜杠前编码未命中产品，需人工查找或后续建产品
37,苏州思迈尔电子设备有限公司,纸护角/ 128*5*5,纸护角,1228,纸护角,纸护角,160*5*5,1600×50×50mm,054 纸护角,2,2,2000,7700.00,2018/7/4 10:50:29,2018/9/27 12:57:21,prefix_unique,pending,同客户斜杠前编码唯一命中；仍需人工核对描述、规格和材质
37,苏州思迈尔电子设备有限公司,ZB001/纸板 55*34,ZB001,,,,,,,3,3,5000,7550.00,2021/10/18 14:08:48,2021/7/1 13:59:57,prefix_no_match,pending,斜杠前编码未命中产品，需人工查找或后续建产品
37,苏州思迈尔电子设备有限公司,CPN084557 / 纸护角57*5*5,CPN084557,,,,,,,15,15,4100,7506.00,2021/12/28 12:49:46,2025/5/30 15:42:52,prefix_no_match,pending,斜杠前编码未命中产品，需人工查找或后续建产品
37,苏州思迈尔电子设备有限公司,ZB001 / 纸板55*34,ZB001,,,,,,,3,3,5000,6250.00,2018/11/23 9:55:20,2019/5/9 9:56:37,prefix_no_match,pending,斜杠前编码未命中产品，需人工查找或后续建产品
37,苏州思迈尔电子设备有限公司,包装物纸箱 / 59*22*23,包装物纸箱,,,,,,,2,2,380,6004.00,2018/10/16 9:37:37,2018/8/31 16:23:40,prefix_no_match,pending,斜杠前编码未命中产品，需人工查找或后续建产品
37,苏州思迈尔电子设备有限公司,5200001 /天地盖172*44*31,5200001,,,,,,,2,2,130,5811.00,2018/6/27 9:22:49,2018/6/6 8:32:54,prefix_no_match,pending,斜杠前编码未命中产品，需人工查找或后续建产品
37,苏州思迈尔电子设备有限公司,CPN087059/MK001纸箱75*50*24.5,CPN087059,1420,CPN087059,CPN087059,MK001纸箱75*50*24.5,755×505×260mm,109 240/165/50/165/240,1,1,200,5808.00,2021/8/16 16:34:38,2021/8/16 16:34:38,prefix_unique,pending,同客户斜杠前编码唯一命中；仍需人工核对描述、规格和材质
37,苏州思迈尔电子设备有限公司,CPN087080 / TD011纸箱170*41*20,CPN087080,1378,CPN087080,CPN087080,TD011纸箱170*41*20,1710×420×200mm,113 190/145/50/145/175,5,3,270,5736.00,2021/12/31 12:51:33,2022/1/19 14:34:46,prefix_unique,pending,同客户斜杠前编码唯一命中；仍需人工核对描述、规格和材质
37,苏州思迈尔电子设备有限公司,CPN125461 / 纸护角105*5*5,CPN125461,1413,CPN125461,CPN125461,纸护角105*5*5,1050×50×50mm,054 纸护角,4,4,1700,5695.00,2025/12/26 13:25:32,2026/4/3 14:37:35,prefix_unique,pending,同客户斜杠前编码唯一命中；仍需人工核对描述、规格和材质
37,苏州思迈尔电子设备有限公司,3642416 / 160*45*20,3642416,,,,,,,3,3,150,4935.00,2018/10/16 9:36:47,2018/8/31 16:33:32,prefix_no_match,pending,斜杠前编码未命中产品，需人工查找或后续建产品
37,苏州思迈尔电子设备有限公司,CPN084557 / 护角120*5*5,CPN084557,,,,,,,4,4,1200,4776.00,2020/1/13 14:24:07,2021/8/16 16:33:01,prefix_no_match,pending,斜杠前编码未命中产品，需人工查找或后续建产品
37,苏州思迈尔电子设备有限公司,CPN087057 / HJ002 纸护角75*5*5,CPN087057,1227,CPN087057,CPN087057,纸护角75*5*5,750×5×5mm,054 纸护角,5,5,1900,4761.00,2019/12/27 11:08:03,2021/5/21 9:43:16,prefix_unique,pending,同客户斜杠前编码唯一命中；仍需人工核对描述、规格和材质
37,苏州思迈尔电子设备有限公司,T4纸箱/170*41.5*31,T4纸箱,,,,,,,2,2,101,4514.70,2018/10/24 11:35:12,2018/9/21 11:22:27,prefix_no_match,pending,斜杠前编码未命中产品，需人工查找或后续建产品
37,苏州思迈尔电子设备有限公司,CPN084557 /纸护角57*5*5*0.5,CPN084557,,,,,,,7,7,2200,4136.00,2019/11/4 14:10:57,2021/7/1 13:59:31,prefix_no_match,pending,斜杠前编码未命中产品，需人工查找或后续建产品
37,苏州思迈尔电子设备有限公司,3417 / 纸箱57*35*50,3417,,,,,,,1,1,200,3900.00,2018/8/13 9:20:48,2018/8/13 9:20:48,prefix_no_match,pending,斜杠前编码未命中产品，需人工查找或后续建产品
37,苏州思迈尔电子设备有限公司,CPN087060/MK002 / 纸箱57*35*50,CPN087060,1161,CPN087060,CPN087060,MK002 纸箱57*35*50,575×355×515mm,109 240/165/50/165/240,1,1,200,3900.00,2019/7/5 16:18:05,2019/7/5 16:18:05,prefix_unique,pending,同客户斜杠前编码唯一命中；仍需人工核对描述、规格和材质
37,苏州思迈尔电子设备有限公司,PT004/纸箱 1100*150*80,PT004,,,,,,,4,4,450,3375.00,2019/1/12 9:29:41,2019/5/23 15:28:33,prefix_no_match,pending,斜杠前编码未命中产品，需人工查找或后续建产品
37,苏州思迈尔电子设备有限公司,CPN087106 / 纸板55*34,CPN087106,,,,,,,1,1,2000,3020.00,2022/3/8 14:30:05,2022/3/8 14:30:05,prefix_no_match,pending,斜杠前编码未命中产品，需人工查找或后续建产品
37,苏州思迈尔电子设备有限公司,CPN087063/MK005 750*500*245,CPN087063,2130,CPN087063,CPN087063,MK005 750*500*245,760×510×260mm,109 240/165/50/165/240,1,1,100,2965.00,2021/11/16 13:33:17,2021/11/16 13:33:17,prefix_unique,pending,同客户斜杠前编码唯一命中；仍需人工核对描述、规格和材质
37,苏州思迈尔电子设备有限公司,5200001/纸护角105*5*5,5200001,,,,,,,2,2,800,2824.00,2021/6/18 9:33:32,2021/7/1 13:58:06,prefix_no_match,pending,斜杠前编码未命中产品，需人工查找或后续建产品
37,苏州思迈尔电子设备有限公司,纸护角 / 160*5*5,纸护角,1228,纸护角,纸护角,160*5*5,1600×50×50mm,054 纸护角,1,1,500,2400.00,2018/11/8 9:34:58,2018/11/8 9:34:58,prefix_unique,pending,同客户斜杠前编码唯一命中；仍需人工核对描述、规格和材质
37,苏州思迈尔电子设备有限公司,CPN087056 / HJ001纸护角 128*5*5,CPN087056,,,,,,,1,1,600,2310.00,2019/7/26 15:33:14,2019/7/26 15:33:14,prefix_no_match,pending,斜杠前编码未命中产品，需人工查找或后续建产品
37,苏州思迈尔电子设备有限公司,CPN084557 / 5200001护角170*5*5,CPN084557,,,,,,,2,2,400,2253.26,2021/11/30 10:25:59,2021/5/21 9:44:36,prefix_no_match,pending,斜杠前编码未命中产品，需人工查找或后续建产品
37,苏州思迈尔电子设备有限公司,CPN125464 / 纸护角75*5*5,CPN125464,2282,CPN125464,CPN125464,纸护角75*5*5,750×50×50mm,054 纸护角,3,3,900,2160.00,2025/11/28 15:51:59,2025/8/30 14:19:22,prefix_unique,pending,同客户斜杠前编码唯一命中；仍需人工核对描述、规格和材质
37,苏州思迈尔电子设备有限公司,CPN084557/5200001 美卡包装箱,CPN084557,,,,,,,1,1,17,2125.00,2021/10/13 9:17:19,2021/10/13 9:17:19,prefix_no_match,pending,斜杠前编码未命中产品，需人工查找或后续建产品
37,苏州思迈尔电子设备有限公司,CPN125462 / 纸护角120*5*5,CPN125462,2187,CPN125462,CPN125462,纸护角120*5*5,1200×50×50mm,054 纸护角,1,1,500,2070.00,2026/4/3 14:38:42,2026/4/3 14:38:42,prefix_unique,pending,同客户斜杠前编码唯一命中；仍需人工核对描述、规格和材质
37,苏州思迈尔电子设备有限公司,TD003 / 160*45*20,TD003,1175,TD003,TD003,160*45*20,,168 130/85/50/105/105,2,2,135,1988.83,2018/11/23 9:59:05,2025/3/27 13:48:56,prefix_unique,pending,同客户斜杠前编码唯一命中；仍需人工核对描述、规格和材质
37,苏州思迈尔电子设备有限公司,CPN111472 / MK006 57*35*25,CPN111472,1670,CPN111472,CPN111472,MK006 57*35*25,570×350×250mm,016 K516K,1,1,100,1920.00,2020/8/27 13:42:31,2020/8/27 13:42:31,prefix_unique,pending,同客户斜杠前编码唯一命中；仍需人工核对描述、规格和材质
37,苏州思迈尔电子设备有限公司,3642412/ 170*22*16,3642412,1110,3642412,3642412,170*22*16,1700×220×160mm,016 K516K,1,1,85,1912.50,2018/7/4 9:28:06,2018/7/4 9:28:06,prefix_unique,pending,同客户斜杠前编码唯一命中；仍需人工核对描述、规格和材质
37,苏州思迈尔电子设备有限公司,CPN125465 / 纸护角57*5*5,CPN125465,1353,CPN125465,CPN125465,纸护角57*5*5,570×50×50mm,054 纸护角,3,3,1000,1760.00,2025/12/26 13:27:15,2026/3/13 13:02:41,prefix_unique,pending,同客户斜杠前编码唯一命中；仍需人工核对描述、规格和材质
37,苏州思迈尔电子设备有限公司,MK003 / 59*22*23,MK003,,,,,,,1,1,100,1580.00,2019/2/16 8:21:16,2019/2/16 8:21:16,prefix_no_match,pending,斜杠前编码未命中产品，需人工查找或后续建产品
37,苏州思迈尔电子设备有限公司,CPN125453 / KHI纸箱6200*300*200,CPN125453,2444,CPN125453,CPN125453,KHI纸箱6200*300*200,6200×300×200mm,105 250/135/95/135/95/170/190,3,3,6,1254.00,2025/12/26 13:22:37,2026/4/3 14:36:06,prefix_unique,pending,同客户斜杠前编码唯一命中；仍需人工核对描述、规格和材质
37,苏州思迈尔电子设备有限公司,纸板/ 55*34,纸板,,,,,,,1,1,1000,1250.00,2018/7/4 9:32:23,2018/7/4 9:32:23,prefix_no_match,pending,斜杠前编码未命中产品，需人工查找或后续建产品
37,苏州思迈尔电子设备有限公司,CPN125448/纸围1437*1296*33,CPN125448,,,,,,,4,4,15,1230.00,2025/10/31 15:49:55,2026/1/4 10:49:30,prefix_no_match,pending,斜杠前编码未命中产品，需人工查找或后续建产品
37,苏州思迈尔电子设备有限公司,CPN084557/5200001/纸护角105*5*5,CPN084557,,,,,,,1,1,300,1059.00,2021/10/9 9:08:46,2021/10/9 9:08:46,prefix_no_match,pending,斜杠前编码未命中产品，需人工查找或后续建产品
37,苏州思迈尔电子设备有限公司,CPN111473 / MK007 45*30*15,CPN111473,1671,CPN111473,CPN111473,MK007 45*30*15,450×300×150mm,016 K516K,1,1,100,1000.00,2020/8/27 13:43:08,2020/8/27 13:43:08,prefix_unique,pending,同客户斜杠前编码唯一命中；仍需人工核对描述、规格和材质
37,苏州思迈尔电子设备有限公司,CPN084557 / 美卡纸盖1467*1326*90 纸围1437*1296*335,CPN084557,,,,,,,4,4,6,987.00,2022/10/14 12:47:40,2025/3/27 13:47:12,prefix_no_match,pending,斜杠前编码未命中产品，需人工查找或后续建产品
37,苏州思迈尔电子设备有限公司,CPN084557/天地盖980*850*90,CPN084557,,,,,,,1,1,15,930.00,2025/7/28 9:27:54,2025/7/28 9:27:54,prefix_no_match,pending,斜杠前编码未命中产品，需人工查找或后续建产品
37,苏州思迈尔电子设备有限公司,3648147 / 纸箱76*15*8,3648147,1147,3648147,3648147,纸箱76*15*8,760×150×80mm,016 K516K,2,2,140,924.00,2018/8/2 13:43:08,2018/8/31 16:27:42,prefix_unique,pending,同客户斜杠前编码唯一命中；仍需人工核对描述、规格和材质
37,苏州思迈尔电子设备有限公司,CPN084557 / 5200001护角45*5*5,CPN084557,,,,,,,3,3,600,915.00,2019/12/4 9:12:56,2020/4/8 16:44:12,prefix_no_match,pending,斜杠前编码未命中产品，需人工查找或后续建产品
37,苏州思迈尔电子设备有限公司,CPN084557 / 5200001纸护角1200*50*50*5,CPN084557,,,,,,,1,1,200,872.00,2021/5/21 9:48:38,2021/5/21 9:48:38,prefix_no_match,pending,斜杠前编码未命中产品，需人工查找或后续建产品
37,苏州思迈尔电子设备有限公司,ZB002 / 衬板43*28,ZB002,,,,,,,1,1,1000,820.00,2019/5/9 9:58:45,2019/5/9 9:58:45,prefix_no_match,pending,斜杠前编码未命中产品，需人工查找或后续建产品
37,苏州思迈尔电子设备有限公司,3648148 / 纸箱85*15*8,3648148,,,,,,,2,2,120,804.00,2018/8/2 13:44:04,2018/8/31 16:28:08,prefix_no_match,pending,斜杠前编码未命中产品，需人工查找或后续建产品
37,苏州思迈尔电子设备有限公司,CPN084557 / 5200001护角1050*5*5,CPN084557,,,,,,,1,1,200,706.00,2021/5/21 9:41:31,2021/5/21 9:41:31,prefix_no_match,pending,斜杠前编码未命中产品，需人工查找或后续建产品
37,苏州思迈尔电子设备有限公司,CPN087057 / HJ002 纸护角5*5*5,CPN087057,1227,CPN087057,CPN087057,纸护角75*5*5,750×5×5mm,054 纸护角,1,1,300,690.00,2019/7/26 15:34:05,2019/7/26 15:34:05,prefix_unique,pending,同客户斜杠前编码唯一命中；仍需人工核对描述、规格和材质
37,苏州思迈尔电子设备有限公司,2870658 / 纸箱170*40*33,2870658,1177,2870658,2870658,纸箱170*40*33,1700×400×330mm,016 K516K,1,1,15,664.50,2018/8/31 16:33:10,2018/8/31 16:33:10,prefix_unique,pending,同客户斜杠前编码唯一命中；仍需人工核对描述、规格和材质
37,苏州思迈尔电子设备有限公司,CPN087064 / PT001纸箱760*150*80,CPN087064,1364,CPN087064,CPN087064,PT001纸箱76*15*8,770×160×85mm,168 130/85/50/105/105,1,1,100,660.00,2019/6/25 10:17:35,2019/6/25 10:17:35,prefix_unique,pending,同客户斜杠前编码唯一命中；仍需人工核对描述、规格和材质
37,苏州思迈尔电子设备有限公司,CPN084557 / 5200001护角105*5*5,CPN084557,,,,,,,1,1,200,640.00,2019/7/26 15:35:41,2019/7/26 15:35:41,prefix_no_match,pending,斜杠前编码未命中产品，需人工查找或后续建产品
37,苏州思迈尔电子设备有限公司,CPN087082 / TD013天地盖220*25*20,CPN087082,1343,CPN087082,CPN087082,TD013天地盖220*25*20,2200×250×220mm,016 K516K,1,1,20,640.00,2019/6/25 10:10:06,2019/6/25 10:10:06,prefix_unique,pending,同客户斜杠前编码唯一命中；仍需人工核对描述、规格和材质
37,苏州思迈尔电子设备有限公司,5200001 /天地盖238*43*20,5200001,,,,,,,1,1,14,610.40,2018/6/27 9:49:24,2018/6/27 9:49:24,prefix_no_match,pending,斜杠前编码未命中产品，需人工查找或后续建产品
37,苏州思迈尔电子设备有限公司,CPN110723 / MK-W1纸围965*890*335,CPN110723,2096,CPN110723,CPN110723,MK-W1纸围965*890*375,980×905×375mm,153 美卡3A,1,1,6,610.20,2022/4/28 11:00:40,2022/4/28 11:00:40,prefix_unique,pending,同客户斜杠前编码唯一命中；仍需人工核对描述、规格和材质
37,苏州思迈尔电子设备有限公司,PT003 / 纸箱102*15*8,PT003,,,,,,,1,1,80,584.00,2019/3/29 17:08:36,2019/3/29 17:08:36,prefix_no_match,pending,斜杠前编码未命中产品，需人工查找或后续建产品
37,苏州思迈尔电子设备有限公司,CPN084557 / KHI纸箱3920*320*200,CPN084557,,,,,,,2,2,4,580.00,2023/6/7 11:18:51,2024/1/11 15:07:46,prefix_no_match,pending,斜杠前编码未命中产品，需人工查找或后续建产品
37,苏州思迈尔电子设备有限公司,CPN087075 / TD006天地盖170*41*33,CPN087075,1514,CPN087075,CPN087075,TD006天地盖170*41*33,1700×410×330mm,016 K516K,2,2,13,575.90,2019/12/19 14:43:37,2019/12/27 11:12:05,prefix_unique,pending,同客户斜杠前编码唯一命中；仍需人工核对描述、规格和材质
37,苏州思迈尔电子设备有限公司,CPN084557/垫片153*136,CPN084557,,,,,,,1,1,50,535.00,2025/9/30 8:21:54,2025/9/30 8:21:54,prefix_no_match,pending,斜杠前编码未命中产品，需人工查找或后续建产品
37,苏州思迈尔电子设备有限公司,5200001/纸护角57*5*5*0.5,5200001,,,,,,,1,1,300,525.00,2019/6/8 17:31:28,2019/6/8 17:31:28,prefix_no_match,pending,斜杠前编码未命中产品，需人工查找或后续建产品
37,苏州思迈尔电子设备有限公司,CPN125447 / 美卡纸盖1467*1326*90,CPN125447,2359,CPN125447,CPN125447,美卡纸盖1467*1326*90 5,1485×1345×95mm,105 250/135/95/135/95/170/190,1,1,6,480.00,2025/10/31 15:48:43,2025/10/31 15:48:43,prefix_unique,pending,同客户斜杠前编码唯一命中；仍需人工核对描述、规格和材质
37,苏州思迈尔电子设备有限公司,5200001 / 护角75*5*5,5200001,,,,,,,1,1,200,460.00,2019/3/29 16:40:33,2019/3/29 16:40:33,prefix_no_match,pending,斜杠前编码未命中产品，需人工查找或后续建产品
37,苏州思迈尔电子设备有限公司,HJ002 纸护角 / 75*5*5,HJ002 纸护角,,,,,,,1,1,200,460.00,2019/5/23 15:30:20,2019/5/23 15:30:20,prefix_no_match,pending,斜杠前编码未命中产品，需人工查找或后续建产品
37,苏州思迈尔电子设备有限公司,纸护角 / 75*5*5,纸护角,1228,纸护角,纸护角,160*5*5,1600×50×50mm,054 纸护角,1,1,200,460.00,2018/11/8 9:34:01,2018/11/8 9:34:01,prefix_unique,pending,同客户斜杠前编码唯一命中；仍需人工核对描述、规格和材质
37,苏州思迈尔电子设备有限公司,5200001 /天地盖216*41*31,5200001,,,,,,,1,1,8,436.00,2018/6/27 9:25:07,2018/6/27 9:25:07,prefix_no_match,pending,斜杠前编码未命中产品，需人工查找或后续建产品
37,苏州思迈尔电子设备有限公司,CPN084557 / 5200001天地盖243*42*13,CPN084557,,,,,,,1,1,10,426.00,2021/3/20 11:35:56,2021/3/20 11:35:56,prefix_no_match,pending,斜杠前编码未命中产品，需人工查找或后续建产品
37,苏州思迈尔电子设备有限公司,3648149 / 纸箱102*15*8,3648149,1176,3648149,3648149,纸箱102*15*8,1020×150×80mm,016 K516K,2,2,50,365.00,2018/8/31 16:29:17,2019/3/20 11:09:37,prefix_unique,pending,同客户斜杠前编码唯一命中；仍需人工核对描述、规格和材质
37,苏州思迈尔电子设备有限公司,2870659 / 纸箱125*50*30,2870659,1148,2870659,2870659,纸箱125*50*30,1250×500×300mm,016 K516K,1,1,10,352.00,2018/8/31 16:31:57,2018/8/31 16:31:57,prefix_unique,pending,同客户斜杠前编码唯一命中；仍需人工核对描述、规格和材质
37,苏州思迈尔电子设备有限公司,CPN087076 / TD007 125*50*30,CPN087076,,,,,,,1,1,10,352.00,2019/11/19 9:06:03,2019/11/19 9:06:03,prefix_no_match,pending,斜杠前编码未命中产品，需人工查找或后续建产品
37,苏州思迈尔电子设备有限公司,CPN084557 / 七层纸箱5000*410*200,CPN084557,,,,,,,1,1,1,350.00,2022/8/12 16:14:33,2022/8/12 16:14:33,prefix_no_match,pending,斜杠前编码未命中产品，需人工查找或后续建产品
37,苏州思迈尔电子设备有限公司,5200001 / 护角55*5*5,5200001,,,,,,,1,1,200,340.00,2019/3/29 16:43:20,2019/3/29 16:43:20,prefix_no_match,pending,斜杠前编码未命中产品，需人工查找或后续建产品
37,苏州思迈尔电子设备有限公司,CPN084557 / 美卡纸盖1467*1326*90 纸围1437*1296*350,CPN084557,,,,,,,1,1,2,324.00,2025/1/11 8:33:10,2025/1/11 8:33:10,prefix_no_match,pending,斜杠前编码未命中产品，需人工查找或后续建产品
37,苏州思迈尔电子设备有限公司,CPN084557 / 七层纸箱4350*410*200,CPN084557,,,,,,,1,1,1,300.00,2022/8/12 16:13:54,2022/8/12 16:13:54,prefix_no_match,pending,斜杠前编码未命中产品，需人工查找或后续建产品
37,苏州思迈尔电子设备有限公司,5200001 / 护角28*5*5,5200001,,,,,,,1,1,200,200.00,2019/1/12 9:37:18,2019/1/12 9:37:18,prefix_no_match,pending,斜杠前编码未命中产品，需人工查找或后续建产品
37,苏州思迈尔电子设备有限公司,CPN084557 / KHI纸箱3800*380*260底盖,CPN084557,,,,,,,1,1,1,165.00,2024/3/15 17:29:18,2024/3/15 17:29:18,prefix_no_match,pending,斜杠前编码未命中产品，需人工查找或后续建产品
37,苏州思迈尔电子设备有限公司,CPN084557/4706*300*200,CPN084557,,,,,,,1,1,1,160.00,2024/1/11 15:12:17,2024/1/11 15:12:17,prefix_no_match,pending,斜杠前编码未命中产品，需人工查找或后续建产品
37,苏州思迈尔电子设备有限公司,CPN084557/4476*300*200,CPN084557,,,,,,,1,1,1,155.00,2024/1/11 15:11:26,2024/1/11 15:11:26,prefix_no_match,pending,斜杠前编码未命中产品，需人工查找或后续建产品
37,苏州思迈尔电子设备有限公司,CPN084557 / KHI纸箱3560*300*200,CPN084557,,,,,,,1,1,1,133.50,2023/6/7 11:24:15,2023/6/7 11:24:15,prefix_no_match,pending,斜杠前编码未命中产品，需人工查找或后续建产品
37,苏州思迈尔电子设备有限公司,CPN084557/MHI纸箱3560*300*200,CPN084557,,,,,,,1,1,1,133.49,2024/2/22 15:43:11,2024/2/22 15:43:11,prefix_no_match,pending,斜杠前编码未命中产品，需人工查找或后续建产品
37,苏州思迈尔电子设备有限公司,CPN084557/3560*300*200,CPN084557,,,,,,,1,1,1,133.45,2024/1/11 15:09:58,2024/1/11 15:09:58,prefix_no_match,pending,斜杠前编码未命中产品，需人工查找或后续建产品
37,苏州思迈尔电子设备有限公司,CPN084557/围板1169*963*90/盖1139*933*390,CPN084557,,,,,,,1,1,1,127.80,2025/1/11 8:35:13,2025/1/11 8:35:13,prefix_no_match,pending,斜杠前编码未命中产品，需人工查找或后续建产品
24,苏州政昊光电科技有限公司,支架 / 模切垫片,支架,2243,支架,支架,模切垫片,370×316×mm,107 190/145/190/B,2,2,2850,1827.00,2022/3/11 17:22:01,2023/2/20 9:46:50,prefix_unique,pending,同客户斜杠前编码唯一命中；仍需人工核对描述、规格和材质
24,苏州政昊光电科技有限公司,1130/纸箱118.5*40.5*24,1130,,,,,,,1,1,20,551.80,2018/7/18 16:30:10,2018/7/18 16:30:10,prefix_no_match,pending,斜杠前编码未命中产品，需人工查找或后续建产品
13,苏州春天印象健身器材有限公司,BZ.01.058 / X3纸箱主体738*638*646,BZ.01.058,1674,BZ.01.058,BZ.01.058,X3纸箱主体738*638*646,738×638×646mm,192 240/165/50/165/50/165/240,8,8,2575,57685.00,2020/10/7 10:18:35,2021/4/1 9:46:54,prefix_unique,pending,同客户斜杠前编码唯一命中；仍需人工核对描述、规格和材质
13,苏州春天印象健身器材有限公司,BZ.01.052 / H3-201箱底,BZ.01.052,1756,BZ.01.052,BZ.01.052,S100\H3-201箱底,1130×740×80mm,128 240/145/50/165/190,15,15,2522,35804.00,2020/11/16 9:14:52,2021/8/11 11:34:39,prefix_unique,pending,同客户斜杠前编码唯一命中；仍需人工核对描述、规格和材质
13,苏州春天印象健身器材有限公司,BZ.01.056/ X2主体818*618*856,BZ.01.056,1672,BZ.01.056,BZ.01.056,X2纸箱主体818*618*856,818×617×855mm,135 250/135/95/170/95/170/190,5,5,810,22550.00,2021/2/20 9:25:14,2021/7/5 11:01:20,prefix_unique,pending,同客户斜杠前编码唯一命中；仍需人工核对描述、规格和材质
13,苏州春天印象健身器材有限公司,BZ.01.052 / S100\H3-201箱底,BZ.01.052,1756,BZ.01.052,BZ.01.052,S100\H3-201箱底,1130×740×80mm,128 240/145/50/165/190,7,7,1571,21951.20,2021/12/24 17:21:51,2022/7/7 8:32:20,prefix_unique,pending,同客户斜杠前编码唯一命中；仍需人工核对描述、规格和材质
13,苏州春天印象健身器材有限公司,BZ.01.084 / S100纸箱主体TB印刷,BZ.01.084,2146,BZ.01.084,BZ.01.084,S100纸箱主体 TB印刷,1105×715×1120mm,135 250/135/95/170/95/170/190,3,3,328,15694.40,2021/10/26 17:24:31,2021/12/11 9:45:06,prefix_unique,pending,同客户斜杠前编码唯一命中；仍需人工核对描述、规格和材质
13,苏州春天印象健身器材有限公司,BZ.01.086 /S100纸箱主体 MK,BZ.01.086,2107,BZ.01.086,BZ.01.086,S100纸箱主体 MK印刷,1105×715×1120mm,135 250/135/95/170/95/170/190,4,4,322,15407.70,2021/10/6 16:03:46,2021/12/7 15:40:02,prefix_unique,pending,同客户斜杠前编码唯一命中；仍需人工核对描述、规格和材质
13,苏州春天印象健身器材有限公司,BZ.01.085 / S100纸箱主体 DK印刷,BZ.01.085,2106,BZ.01.085,BZ.01.085,S100纸箱主体 DK印刷,1105×715×1120mm,135 250/135/95/170/95/170/190,2,2,334,15207.00,2022/2/10 10:41:14,2022/3/8 15:14:05,prefix_unique,pending,同客户斜杠前编码唯一命中；仍需人工核对描述、规格和材质
13,苏州春天印象健身器材有限公司,BZ.01.084 / S100 纸箱主体TB 印刷,BZ.01.084,2146,BZ.01.084,BZ.01.084,S100纸箱主体 TB印刷,1105×715×1120mm,135 250/135/95/170/95/170/190,1,1,320,14880.00,2022/1/8 11:13:44,2022/1/8 11:13:44,prefix_unique,pending,同客户斜杠前编码唯一命中；仍需人工核对描述、规格和材质
13,苏州春天印象健身器材有限公司,BZ.01.056 / X2纸箱主体818*618*856,BZ.01.056,1672,BZ.01.056,BZ.01.056,X2纸箱主体818*618*856,818×617×855mm,135 250/135/95/170/95/170/190,3,3,510,14465.00,2020/10/21 10:27:28,2021/12/29 9:33:09,prefix_unique,pending,同客户斜杠前编码唯一命中；仍需人工核对描述、规格和材质
13,苏州春天印象健身器材有限公司,BZ.01.085 / S100纸箱主体 DK,BZ.01.085,2106,BZ.01.085,BZ.01.085,S100纸箱主体 DK印刷,1105×715×1120mm,135 250/135/95/170/95/170/190,2,2,258,11997.00,2022/1/19 12:58:33,2022/1/8 14:31:56,prefix_unique,pending,同客户斜杠前编码唯一命中；仍需人工核对描述、规格和材质
13,苏州春天印象健身器材有限公司,BZ.01.086 / S100纸箱主体 MK印刷,BZ.01.086,2107,BZ.01.086,BZ.01.086,S100纸箱主体 MK印刷,1105×715×1120mm,135 250/135/95/170/95/170/190,3,3,260,11960.00,2022/2/10 10:41:27,2022/7/7 8:31:21,prefix_unique,pending,同客户斜杠前编码唯一命中；仍需人工核对描述、规格和材质
13,苏州春天印象健身器材有限公司,BZ.01.085/S100纸箱主体 DK,BZ.01.085,2106,BZ.01.085,BZ.01.085,S100纸箱主体 DK印刷,1105×715×1120mm,135 250/135/95/170/95/170/190,2,2,248,11866.80,2021/10/6 16:03:09,2021/11/1 14:25:39,prefix_unique,pending,同客户斜杠前编码唯一命中；仍需人工核对描述、规格和材质
13,苏州春天印象健身器材有限公司,BZ.01.045/X3纸箱下盖,BZ.01.045,1703,BZ.01.045,BZ.01.045,X3纸箱下盖,755×655×130mm,109 240/165/50/165/240,4,4,1600,10920.00,2020/10/10 11:34:56,2021/4/1 9:45:38,prefix_unique,pending,同客户斜杠前编码唯一命中；仍需人工核对描述、规格和材质
13,苏州春天印象健身器材有限公司,BZ.01.062/S200纸箱主体（七层）,BZ.01.062,1676,BZ.01.062,BZ.01.062,S200纸箱主体1280*750*1170,1280×750×1170mm,037 P85858J,4,4,180,10789.50,2021/2/20 9:30:57,2021/7/5 11:03:11,prefix_unique,pending,同客户斜杠前编码唯一命中；仍需人工核对描述、规格和材质
13,苏州春天印象健身器材有限公司,BZ.01.042 / X2纸箱下盖,BZ.01.042,1736,BZ.01.042,BZ.01.042,X2纸箱下盖,845×640×130mm,109 240/165/50/165/240,8,8,1353,10519.30,2020/10/21 10:27:07,2021/6/25 9:59:27,prefix_unique,pending,同客户斜杠前编码唯一命中；仍需人工核对描述、规格和材质
13,苏州春天印象健身器材有限公司,BZ.01.084 / S100纸箱主体 TB印刷,BZ.01.084,2146,BZ.01.084,BZ.01.084,S100纸箱主体 TB印刷,1105×715×1120mm,135 250/135/95/170/95/170/190,2,2,196,9048.00,2022/2/10 10:41:02,2022/3/15 10:27:32,prefix_unique,pending,同客户斜杠前编码唯一命中；仍需人工核对描述、规格和材质
13,苏州春天印象健身器材有限公司,BZ.01.087 / WB纸箱102*86*62,BZ.01.087,2154,BZ.01.087,BZ.01.087,WB纸箱102*86*62,1025×865×635mm,157 190/135/95/170/190,1,1,250,8875.00,2021/12/20 13:39:41,2021/12/20 13:39:41,prefix_unique,pending,同客户斜杠前编码唯一命中；仍需人工核对描述、规格和材质
13,苏州春天印象健身器材有限公司,BZ.01.054 / 100外箱,BZ.01.054,1757,BZ.01.054,BZ.01.054,100外箱,1110×710×1120mm,135 250/135/95/170/95/170/190,2,2,192,8832.00,2020/11/16 9:15:54,2020/11/20 8:10:45,prefix_unique,pending,同客户斜杠前编码唯一命中；仍需人工核对描述、规格和材质
13,苏州春天印象健身器材有限公司,BZ.01.059 / X3纸箱下盖763*663*135,BZ.01.059,1675,BZ.01.059,BZ.01.059,X3纸箱下盖763*663*135,755×655×130mm,109 240/165/50/165/240,3,3,906,6863.00,2020/10/29 16:12:02,2021/12/29 8:21:03,prefix_unique,pending,同客户斜杠前编码唯一命中；仍需人工核对描述、规格和材质
13,苏州春天印象健身器材有限公司,BZ.01.066 / X3围板738*638*646,BZ.01.066,1682,BZ.01.066,BZ.01.066,X3围板738*638*646,735×630×653mm,135 250/135/95/170/95/170/190,2,2,287,6787.55,2021/12/29 9:33:34,2021/7/5 11:02:39,prefix_unique,pending,同客户斜杠前编码唯一命中；仍需人工核对描述、规格和材质
13,苏州春天印象健身器材有限公司,BZ.01.084/S100纸箱主体TB,BZ.01.084,2146,BZ.01.084,BZ.01.084,S100纸箱主体 TB印刷,1105×715×1120mm,135 250/135/95/170/95/170/190,1,1,130,6220.50,2021/10/6 16:02:33,2021/10/6 16:02:33,prefix_unique,pending,同客户斜杠前编码唯一命中；仍需人工核对描述、规格和材质
13,苏州春天印象健身器材有限公司,BZ.01.072 / X7纸箱主体（7层）,BZ.01.072,1778,BZ.01.072,BZ.01.072,X7纸箱主体（7层）,,037 P85858J,1,1,62,4061.00,2020/12/7 12:12:00,2020/12/7 12:12:00,prefix_unique,pending,同客户斜杠前编码唯一命中；仍需人工核对描述、规格和材质
13,苏州春天印象健身器材有限公司,BZ.01.045/XS纸箱下盖,BZ.01.045,1703,BZ.01.045,BZ.01.045,X3纸箱下盖,755×655×130mm,109 240/165/50/165/240,2,2,636,4006.80,2020/9/26 9:00:36,2020/9/26 9:01:07,prefix_unique,pending,同客户斜杠前编码唯一命中；仍需人工核对描述、规格和材质
13,苏州春天印象健身器材有限公司,BZ.01.044 / X3纸箱主体,BZ.01.044,,,,,,,1,1,170,3672.00,2020/12/10 9:35:27,2020/12/10 9:35:27,prefix_no_match,pending,斜杠前编码未命中产品，需人工查找或后续建产品
13,苏州春天印象健身器材有限公司,BZ.562 /Y8三层底盖,BZ.562,,,,,,,1,1,300,2931.00,2017/2/15 9:52:03,2017/2/15 9:52:03,prefix_no_match,pending,斜杠前编码未命中产品，需人工查找或后续建产品
13,苏州春天印象健身器材有限公司,BZ.01.056/ X2中性主体818*618*856,BZ.01.056,1672,BZ.01.056,BZ.01.056,X2纸箱主体818*618*856,818×617×855mm,135 250/135/95/170/95/170/190,1,1,100,2750.00,2021/5/5 9:28:15,2021/5/5 9:28:15,prefix_unique,pending,同客户斜杠前编码唯一命中；仍需人工核对描述、规格和材质
13,苏州春天印象健身器材有限公司,BZ.01.056/ X2英文版主体818*618*856,BZ.01.056,1672,BZ.01.056,BZ.01.056,X2纸箱主体818*618*856,818×617×855mm,135 250/135/95/170/95/170/190,1,1,100,2750.00,2021/5/5 9:27:40,2021/5/5 9:27:40,prefix_unique,pending,同客户斜杠前编码唯一命中；仍需人工核对描述、规格和材质
13,苏州春天印象健身器材有限公司,BZ.01.055.03 / 新飞XF-AMY101纸箱(X3),BZ.01.055.03,2412,BZ.01.055.03,BZ.01.055.03,新飞XF-AMY101纸箱(X3),738×638×646mm,192 240/165/50/165/50/165/240,1,1,130,1989.00,2023/4/3 10:11:33,2023/4/3 10:11:33,prefix_unique,pending,同客户斜杠前编码唯一命中；仍需人工核对描述、规格和材质
13,苏州春天印象健身器材有限公司,BZ.01.073 / X7纸箱下盖,BZ.01.073,1779,BZ.01.073,BZ.01.073,X7纸箱下盖,,016 K516K,1,1,124,1959.20,2020/12/7 12:12:49,2020/12/7 12:12:49,prefix_unique,pending,同客户斜杠前编码唯一命中；仍需人工核对描述、规格和材质
13,苏州春天印象健身器材有限公司,BZ.01.079 / S100衬板110*71,BZ.01.079,1929,BZ.01.079,BZ.01.079,S100衬板110*71,1100×710×mm,173 190/135/125/B,2,2,230,920.00,2022/4/29 16:37:50,2022/7/6 10:06:46,prefix_unique,pending,同客户斜杠前编码唯一命中；仍需人工核对描述、规格和材质
13,苏州春天印象健身器材有限公司,BZ.01.045 / X3纸箱下盖,BZ.01.045,1703,BZ.01.045,BZ.01.045,X3纸箱下盖,755×655×130mm,109 240/165/50/165/240,1,1,200,900.00,2023/4/3 10:12:30,2023/4/3 10:12:30,prefix_unique,pending,同客户斜杠前编码唯一命中；仍需人工核对描述、规格和材质
13,苏州春天印象健身器材有限公司,BZ.01.075 / X7长方立柱,BZ.01.075,1781,BZ.01.075,BZ.01.075,X7长方立柱,,016 K516K,1,1,124,868.00,2020/12/7 12:13:52,2020/12/7 12:13:52,prefix_unique,pending,同客户斜杠前编码唯一命中；仍需人工核对描述、规格和材质
13,苏州春天印象健身器材有限公司,BZ.01.044 / X3纸箱主体FDW印刷,BZ.01.044,,,,,,,1,1,50,765.00,2023/4/3 10:15:48,2023/4/3 10:15:48,prefix_no_match,pending,斜杠前编码未命中产品，需人工查找或后续建产品
13,苏州春天印象健身器材有限公司,BZ.01.074 / X7三角立柱,BZ.01.074,1780,BZ.01.074,BZ.01.074,X7三角立柱,,016 K516K,1,1,124,744.00,2020/12/7 12:13:22,2020/12/7 12:13:22,prefix_unique,pending,同客户斜杠前编码唯一命中；仍需人工核对描述、规格和材质
13,苏州春天印象健身器材有限公司,BZ.01.086 / S100纸箱主体 MK,BZ.01.086,2107,BZ.01.086,BZ.01.086,S100纸箱主体 MK印刷,1105×715×1120mm,135 250/135/95/170/95/170/190,1,1,10,465.00,2022/1/8 14:32:14,2022/1/8 14:32:14,prefix_unique,pending,同客户斜杠前编码唯一命中；仍需人工核对描述、规格和材质
13,苏州春天印象健身器材有限公司,BZ.01.076 / X7腿部支撑,BZ.01.076,1782,BZ.01.076,BZ.01.076,X7腿部支撑,,016 K516K,1,1,62,372.00,2020/12/7 12:14:19,2020/12/7 12:14:19,prefix_unique,pending,同客户斜杠前编码唯一命中；仍需人工核对描述、规格和材质
13,苏州春天印象健身器材有限公司,BZ.01.044 / X3纸箱主体无印刷,BZ.01.044,,,,,,,1,1,20,306.00,2023/4/3 10:16:30,2023/4/3 10:16:30,prefix_no_match,pending,斜杠前编码未命中产品，需人工查找或后续建产品
107,苏州格莱锐精密机械科技有限公司,HC00183/格板500*470,HC00183,,,,,,,2,2,600,718.00,2024/5/7 14:16:27,2024/8/26 13:21:29,prefix_no_match,pending,斜杠前编码未命中产品，需人工查找或后续建产品
12,苏州永德基科技有限公司,52101311-A /UV纸箱65*27*15.5,52101311-A,1013,52101311-A,52101311-A,UV纸箱645*266*150,660×275×165mm,111 175/105/50/125/130,5,5,12900,72885.00,2018/4/11 11:23:04,2020/9/23 9:51:53,prefix_unique,pending,同客户斜杠前编码唯一命中；仍需人工核对描述、规格和材质
12,苏州永德基科技有限公司,51109020  /纸箱49*36.5*14.5,51109020,679,51109020,51109020,纸箱49*36.5*14.5,490×365×145mm,111 175/105/50/125/130,18,18,3400,19564.00,2017/12/25 10:57:31,2022/5/11 16:35:54,prefix_unique,pending,同客户斜杠前编码唯一命中；仍需人工核对描述、规格和材质
12,苏州永德基科技有限公司,52101233-A / 10KG纸箱65*42*25,52101233-A,2284,52101233-A,52101233-A,10KG纸箱65*42*25,650×420×250mm,114 190/135/55/135/155,7,7,1100,10780.00,2022/5/11 14:49:45,2025/9/2 8:39:16,prefix_unique,pending,同客户斜杠前编码唯一命中；仍需人工核对描述、规格和材质
12,苏州永德基科技有限公司,52101311-A /UV纸箱645*266*150,52101311-A,1013,52101311-A,52101311-A,UV纸箱645*266*150,660×275×165mm,111 175/105/50/125/130,8,8,1600,9890.00,2020/11/18 13:59:03,2021/8/17 10:19:42,prefix_unique,pending,同客户斜杠前编码唯一命中；仍需人工核对描述、规格和材质
12,苏州永德基科技有限公司,51109020 / 纸箱49*36.5*14.5,51109020,679,51109020,51109020,纸箱49*36.5*14.5,490×365×145mm,111 175/105/50/125/130,8,8,1032,5595.68,2022/11/24 11:27:15,2026/4/16 9:58:52,prefix_unique,pending,同客户斜杠前编码唯一命中；仍需人工核对描述、规格和材质
12,苏州永德基科技有限公司,52101311-A / UV纸箱645*266*150,52101311-A,1013,52101311-A,52101311-A,UV纸箱645*266*150,660×275×165mm,111 175/105/50/125/130,4,4,800,5200.00,2022/4/14 16:40:05,2025/4/21 16:06:55,prefix_unique,pending,同客户斜杠前编码唯一命中；仍需人工核对描述、规格和材质
12,苏州永德基科技有限公司,52101231-A / 纸箱64*26.4*26.2,52101231-A,1208,52101231-A,52101231-A,纸箱64*26.4*26.2,640×264×262mm,05 K516R,2,2,500,3175.00,2018/10/9 14:54:46,2021/4/1 17:08:54,prefix_unique,pending,同客户斜杠前编码唯一命中；仍需人工核对描述、规格和材质
12,苏州永德基科技有限公司,51109020 / 外箱49*36.5*14.5,51109020,679,51109020,51109020,纸箱49*36.5*14.5,490×365×145mm,111 175/105/50/125/130,1,1,200,954.00,2018/10/19 15:52:57,2018/10/19 15:52:57,prefix_unique,pending,同客户斜杠前编码唯一命中；仍需人工核对描述、规格和材质
12,苏州永德基科技有限公司,52101231-B / 啤板74.8*37.8,52101231-B,1209,52101231-B,52101231-B,啤板74.8*37.8,748×378×mm,05 K516R,1,1,300,480.00,2018/10/9 14:56:30,2018/10/9 14:56:30,prefix_unique,pending,同客户斜杠前编码唯一命中；仍需人工核对描述、规格和材质
7,苏州汇思阳光科技有限公司,2000*1000*80 /全包纸箱 HS 印刷,2000*1000*80,,,,,,,1,1,50,2000.00,2017/2/15 16:40:47,2017/2/15 16:40:47,prefix_no_match,pending,斜杠前编码未命中产品，需人工查找或后续建产品
7,苏州汇思阳光科技有限公司,2000*1000*80  /简包,2000*1000*80,,,,,,,1,1,100,700.00,2017/2/15 16:42:23,2017/2/15 16:42:23,prefix_no_match,pending,斜杠前编码未命中产品，需人工查找或后续建产品
7,苏州汇思阳光科技有限公司,2015*1015*76 /集热器全包纸箱2015*1020*86,2015*1015*76,,,,,,,1,1,10,370.00,2017/4/6 9:47:48,2017/4/6 9:47:48,prefix_no_match,pending,斜杠前编码未命中产品，需人工查找或后续建产品
7,苏州汇思阳光科技有限公司,2015*1015*76 /全包 HS 印刷,2015*1015*76,,,,,,,1,1,6,234.00,2017/2/15 16:39:00,2017/2/15 16:39:00,prefix_no_match,pending,斜杠前编码未命中产品，需人工查找或后续建产品
39,苏州洛普格电子科技有限公司,玻尿酸爆水遮瑕粉膏中盒 / 175*165*90,玻尿酸爆水遮瑕粉膏中盒,1156,玻尿酸爆水遮瑕粉膏中盒,玻尿酸爆水遮瑕粉膏中盒,175*165*90,175×165×90mm,04 R5R,7,7,12811,19728.30,2018/8/21 15:17:20,2019/4/1 11:17:58,prefix_unique,pending,同客户斜杠前编码唯一命中；仍需人工核对描述、规格和材质
39,苏州洛普格电子科技有限公司,玻尿酸爆水遮瑕粉膏外箱 / 370*350*200,玻尿酸爆水遮瑕粉膏外箱,1157,玻尿酸爆水遮瑕粉膏外箱,玻尿酸爆水遮瑕粉膏外箱,35.5*34.5*18.5,350×340×185mm,01 R516A,9,9,2678,11856.14,2018/8/21 15:17:48,2019/6/1 16:37:05,prefix_unique,pending,同客户斜杠前编码唯一命中；仍需人工核对描述、规格和材质
39,苏州洛普格电子科技有限公司,兰希黎面膜外箱 / 39.5*39.5*18.5,兰希黎面膜外箱,1170,兰希黎面膜外箱,兰希黎面膜外箱,39.5*39.5*18.5,395×395×185mm,01 R516A,5,5,2248,11407.25,2018/10/12 12:30:03,2019/6/10 9:34:08,prefix_unique,pending,同客户斜杠前编码唯一命中；仍需人工核对描述、规格和材质
39,苏州洛普格电子科技有限公司,中草集灵芝补水面膜内盒 / 310*150*220,中草集灵芝补水面膜内盒,1232,中草集灵芝补水面膜内盒,中草集灵芝补水面膜内盒,310*150*220,310×150×220mm,01 R516A,3,3,2817,8059.30,2018/11/12 9:58:08,2019/4/11 10:05:17,prefix_unique,pending,同客户斜杠前编码唯一命中；仍需人工核对描述、规格和材质
39,苏州洛普格电子科技有限公司,玻尿酸爆水遮瑕粉膏外箱 / 35.5*34.5*18.5,玻尿酸爆水遮瑕粉膏外箱,1157,玻尿酸爆水遮瑕粉膏外箱,玻尿酸爆水遮瑕粉膏外箱,35.5*34.5*18.5,350×340×185mm,01 R516A,3,3,1718,7473.30,2019/6/15 12:26:46,2019/7/12 12:17:06,prefix_unique,pending,同客户斜杠前编码唯一命中；仍需人工核对描述、规格和材质
39,苏州洛普格电子科技有限公司,中草集灵芝补水面膜外箱 / 640*320*245,中草集灵芝补水面膜外箱,1233,中草集灵芝补水面膜外箱,中草集灵芝补水面膜外箱,640*320*245,640×320×245mm,01 R516A,3,3,705,4077.50,2018/11/12 9:59:00,2019/4/11 10:05:36,prefix_unique,pending,同客户斜杠前编码唯一命中；仍需人工核对描述、规格和材质
39,苏州洛普格电子科技有限公司,轻羽柔纱气垫蜜粉中盒 / 210*156*116,轻羽柔纱气垫蜜粉中盒,1198,轻羽柔纱气垫蜜粉中盒,轻羽柔纱气垫蜜粉中盒,210*156*116,210×156×116mm,04 R5R,3,3,1702,2392.10,2018/9/25 11:39:19,2019/5/13 9:00:01,prefix_unique,pending,同客户斜杠前编码唯一命中；仍需人工核对描述、规格和材质
39,苏州洛普格电子科技有限公司,45190013 / 粉底液中盒158*120*124,45190013,1150,45190013,45190013,粉底液中盒158*120*124,158×120×124mm,04 R5R,3,3,1864,2236.80,2018/11/27 8:53:13,2018/8/3 10:42:41,prefix_unique,pending,同客户斜杠前编码唯一命中；仍需人工核对描述、规格和材质
39,苏州洛普格电子科技有限公司,45190015 / 散粉中盒236*157*66,45190015,1151,45190015,45190015,散粉中盒236*157*66,236×157×66mm,04 R5R,1,1,1104,1932.00,2018/8/3 10:43:58,2018/8/3 10:43:58,prefix_unique,pending,同客户斜杠前编码唯一命中；仍需人工核对描述、规格和材质
39,苏州洛普格电子科技有限公司,兰希黎面膜衬板 / 37*37,兰希黎面膜衬板,1169,兰希黎面膜衬板,兰希黎面膜衬板,37*37,370×370×mm,04 R5R,5,5,4496,1454.92,2018/10/12 12:30:28,2019/6/10 9:34:36,prefix_unique,pending,同客户斜杠前编码唯一命中；仍需人工核对描述、规格和材质
39,苏州洛普格电子科技有限公司,轻羽柔纱气垫蜜粉外箱 / 435*325*255,轻羽柔纱气垫蜜粉外箱,1199,轻羽柔纱气垫蜜粉外箱,轻羽柔纱气垫蜜粉外箱,435*325*255,435×325×255mm,01 R516A,3,3,214,1071.74,2018/9/25 11:56:11,2019/5/13 9:00:16,prefix_unique,pending,同客户斜杠前编码唯一命中；仍需人工核对描述、规格和材质
39,苏州洛普格电子科技有限公司,兰匠眼霜内盒 / 155*110*146,兰匠眼霜内盒,1225,兰匠眼霜内盒,兰匠眼霜内盒,155*110*146,155×110×146mm,04 R5R,2,2,1030,1014.55,2018/11/5 13:52:35,2019/7/22 9:15:13,prefix_unique,pending,同客户斜杠前编码唯一命中；仍需人工核对描述、规格和材质
39,苏州洛普格电子科技有限公司,45190014 / 妆前乳粉底液通用外箱380*332*279,45190014,1152,45190014,45190014,妆前乳粉底液通用外箱380*332*279,380×332×279mm,01 R516A,1,1,158,783.68,2018/8/3 10:45:42,2018/8/3 10:45:42,prefix_unique,pending,同客户斜杠前编码唯一命中；仍需人工核对描述、规格和材质
39,苏州洛普格电子科技有限公司,弹弹妆前乳中盒 / 148*115*130,弹弹妆前乳中盒,1149,弹弹妆前乳中盒,弹弹妆前乳中盒,148*115*130,148×115×130mm,04 R5R,1,1,464,510.40,2018/8/3 10:41:01,2018/8/3 10:41:01,prefix_unique,pending,同客户斜杠前编码唯一命中；仍需人工核对描述、规格和材质
39,苏州洛普格电子科技有限公司,兰匠眼霜外箱 / 345*325*310,兰匠眼霜外箱,1226,兰匠眼霜外箱,兰匠眼霜外箱,345*325*310,345×325×310mm,01 R516A,2,2,86,412.37,2018/11/5 13:53:35,2019/7/22 9:15:39,prefix_unique,pending,同客户斜杠前编码唯一命中；仍需人工核对描述、规格和材质
39,苏州洛普格电子科技有限公司,45190016 / 散粉外箱496*488*287,45190016,1153,45190016,45190016,散粉外箱496*488*287,496×488×287mm,01 R516A,1,1,48,402.72,2018/8/3 10:47:17,2018/8/3 10:47:17,prefix_unique,pending,同客户斜杠前编码唯一命中；仍需人工核对描述、规格和材质
19,苏州海光芯创科技光电科技有限公司,05.002.001.201 / 纸箱70*40*40,05.002.001.201,1215,05.002.001.201,05.002.001.201,纸箱70*40*40,700×400×400mm,05 K516R,31,31,9250,128297.50,2018/12/26 11:22:11,2020/9/25 16:40:29,prefix_unique,pending,同客户斜杠前编码唯一命中；仍需人工核对描述、规格和材质
19,苏州海光芯创科技光电科技有限公司,6030800001 / 加工费,6030800001,,,,,,,1,1,1,12000.00,2022/3/31 10:54:17,2022/3/31 10:54:17,prefix_no_match,pending,疑似费用或工装项，禁止自动映射为普通纸箱产品
19,苏州海光芯创科技光电科技有限公司,05.003.001.301 / 缓冲纸箱32*29*28,05.003.001.301,481,05.003.001.301,05.003.001.301,缓冲纸箱32*29*28,335×305×20mm,05 K516R,6,6,700,10415.00,2017/11/30 12:01:51,2018/5/10 17:23:39,prefix_unique,pending,同客户斜杠前编码唯一命中；仍需人工核对描述、规格和材质
27,苏州玖恩精密科技有限公司,内盒20*20*7.5 / 脚开关包装盒,内盒20*20*7.5,565,内盒20*20*7.5,内盒20*20*7.5,脚开关包装盒,200×200×75mm,107 190/145/190/B,8,8,11000,18300.00,2022/10/28 9:54:58,2025/1/14 7:50:58,prefix_unique,pending,同客户斜杠前编码唯一命中；仍需人工核对描述、规格和材质
27,苏州玖恩精密科技有限公司,纸箱47.5*43*42.5 / 脚开关包盒,纸箱47.5*43*42.5,564,纸箱47.5*43*42.5,纸箱47.5*43*42.5,脚开关包盒,475×430×425mm,114 190/135/55/135/155,8,8,1000,9041.00,2022/3/18 11:23:39,2026/4/29 7:40:17,prefix_unique,pending,同客户斜杠前编码唯一命中；仍需人工核对描述、规格和材质
27,苏州玖恩精密科技有限公司,BZX-010/内盒22.5*17.5*2.8,BZX-010,,,,,,,2,2,1500,3150.00,2026/1/29 16:08:29,2026/6/10 15:44:14,prefix_no_match,pending,斜杠前编码未命中产品，需人工查找或后续建产品
75,苏州福来盈电子有限公司,H.HC.0466R / 汉字纸箱390*290*340MM,H.HC.0466R,2138,H.HC.0466R,H.HC.0466R,汉字纸箱390*290*340MM,390×290×340mm,133 190/115/55/135/155,21,21,70855,263844.99,2024/10/10 14:40:54,2025/9/8 9:13:43,prefix_unique,pending,同客户斜杠前编码唯一命中；仍需人工核对描述、规格和材质
75,苏州福来盈电子有限公司,H.HC.1617R / 汉字纸箱40*36*34,H.HC.1617R,2191,H.HC.1617R,H.HC.1617R,汉字纸箱400*360*340MM,400×360×340mm,133 190/115/55/135/155,19,19,31820,155838.03,2022/10/11 8:48:58,2024/2/24 10:02:55,prefix_unique,pending,同客户斜杠前编码唯一命中；仍需人工核对描述、规格和材质
75,苏州福来盈电子有限公司,H.HC.0466R / 汉字纸箱39*29*34,H.HC.0466R,2138,H.HC.0466R,H.HC.0466R,汉字纸箱390*290*340MM,390×290×340mm,133 190/115/55/135/155,16,16,29500,124926.15,2021/12/6 11:10:31,2024/1/6 15:47:33,prefix_unique,pending,同客户斜杠前编码唯一命中；仍需人工核对描述、规格和材质
75,苏州福来盈电子有限公司,H.HC.1928R / 加强纸箱39*29*34,H.HC.1928R,2137,H.HC.1928R,H.HC.1928R,加强纸箱39*29*34,390×290×340mm,109 240/165/50/165/240,12,12,16770,110992.70,2021/12/6 11:08:15,2023/1/11 8:46:45,prefix_unique,pending,同客户斜杠前编码唯一命中；仍需人工核对描述、规格和材质
75,苏州福来盈电子有限公司,H.HC.1617R / 汉字纸箱400*360*340MM,H.HC.1617R,2191,H.HC.1617R,H.HC.1617R,汉字纸箱400*360*340MM,400×360×340mm,133 190/115/55/135/155,17,17,22368,98841.90,2024/10/10 14:41:09,2025/9/8 9:14:12,prefix_unique,pending,同客户斜杠前编码唯一命中；仍需人工核对描述、规格和材质
75,苏州福来盈电子有限公司,H.HC.0086R / 汉字纸箱390*290*130mm,H.HC.0086R,2189,H.HC.0086R,H.HC.0086R,汉字纸箱390*290*130mm,390×290×130mm,133 190/115/55/135/155,19,19,28476,70791.34,2024/10/10 14:40:41,2025/9/8 9:13:25,prefix_unique,pending,同客户斜杠前编码唯一命中；仍需人工核对描述、规格和材质
75,苏州福来盈电子有限公司,H.HC.0086R / 汉字纸箱39*29*13,H.HC.0086R,2189,H.HC.0086R,H.HC.0086R,汉字纸箱390*290*130mm,390×290×130mm,133 190/115/55/135/155,14,14,24800,69764.00,2022/11/11 13:41:02,2024/2/2 17:22:18,prefix_unique,pending,同客户斜杠前编码唯一命中；仍需人工核对描述、规格和材质
75,苏州福来盈电子有限公司,H.HC.0466R / 汉字纸箱390*290*340mm,H.HC.0466R,2138,H.HC.0466R,H.HC.0466R,汉字纸箱390*290*340MM,390×290×340mm,133 190/115/55/135/155,3,3,14813,54400.74,2024/2/2 17:22:02,2024/4/3 10:19:01,prefix_unique,pending,同客户斜杠前编码唯一命中；仍需人工核对描述、规格和材质
75,苏州福来盈电子有限公司,H.HC.3066R/JL专用汉字纸箱400*360*230mm,H.HC.3066R,,,,,,,2,2,8500,34170.00,2024/3/6 8:13:55,2024/4/3 10:20:31,prefix_no_match,pending,斜杠前编码未命中产品，需人工查找或后续建产品
75,苏州福来盈电子有限公司,H.HC.1617R / 汉字纸箱400*360*340mm,H.HC.1617R,2191,H.HC.1617R,H.HC.1617R,汉字纸箱400*360*340MM,400×360×340mm,133 190/115/55/135/155,1,1,6575,27861.56,2024/3/6 8:05:55,2024/3/6 8:05:55,prefix_unique,pending,同客户斜杠前编码唯一命中；仍需人工核对描述、规格和材质
75,苏州福来盈电子有限公司,H.HC.1949R / 加强纸箱39*29*13,H.HC.1949R,2192,H.HC.1949R,H.HC.1949R,加强纸箱39*29*13,390×290×130mm,132 250/135/95/170/190,4,4,5800,26100.00,2022/2/14 16:59:28,2022/9/11 15:14:02,prefix_unique,pending,同客户斜杠前编码唯一命中；仍需人工核对描述、规格和材质
75,苏州福来盈电子有限公司,H.HC.2210R / 纸箱55*34*42,H.HC.2210R,2271,H.HC.2210R,H.HC.2210R,纸箱55*34*42,550×340×420mm,133 190/115/55/135/155,8,8,2350,16431.00,2022/10/11 8:49:43,2023/2/9 9:01:30,prefix_unique,pending,同客户斜杠前编码唯一命中；仍需人工核对描述、规格和材质
75,苏州福来盈电子有限公司,H.FC.2429R / 护角0.8m,H.FC.2429R,2295,H.FC.2429R,H.FC.2429R,护角长0.8m,800×50×5mm,054 纸护角,16,16,6600,10215.20,2022/10/11 8:48:11,2024/3/6 8:05:16,prefix_unique,pending,同客户斜杠前编码唯一命中；仍需人工核对描述、规格和材质
75,苏州福来盈电子有限公司,H.HC.1950R / 加强纸箱30*21*13,H.HC.1950R,2193,H.HC.1950R,H.HC.1950R,加强纸箱30*21*13,300×210×130mm,132 250/135/95/170/190,2,2,2000,4980.00,2022/2/14 16:59:38,2022/4/20 15:30:22,prefix_unique,pending,同客户斜杠前编码唯一命中；仍需人工核对描述、规格和材质
75,苏州福来盈电子有限公司,H.HC.0516R / 汉字纸箱30*21*13,H.HC.0516R,2190,H.HC.0516R,H.HC.0516R,汉字纸箱30*21*13,300×210×130mm,133 190/115/55/135/155,2,2,2500,4250.00,2022/2/14 16:58:43,2022/4/20 15:28:14,prefix_unique,pending,同客户斜杠前编码唯一命中；仍需人工核对描述、规格和材质
75,苏州福来盈电子有限公司,H.FC.2429R / 护角长0.8m,H.FC.2429R,2295,H.FC.2429R,H.FC.2429R,护角长0.8m,800×50×5mm,054 纸护角,3,3,2247,3046.93,2024/4/3 10:21:47,2024/5/29 10:56:30,prefix_unique,pending,同客户斜杠前编码唯一命中；仍需人工核对描述、规格和材质
75,苏州福来盈电子有限公司,H.HC.2489R/纸箱71*50*50,H.HC.2489R,,,,,,,1,1,100,1756.00,2023/7/18 9:12:41,2023/7/18 9:12:41,prefix_no_match,pending,斜杠前编码未命中产品，需人工查找或后续建产品
75,苏州福来盈电子有限公司,H.HC.2502R / 纸箱390*290*200 无LOGO,H.HC.2502R,2436,H.HC.2502R,H.HC.2502R,纸箱390*290*200 无LOGO,390×290×200mm,133 190/115/55/135/155,3,3,300,1200.00,2023/5/16 9:52:56,2025/2/12 11:11:37,prefix_unique,pending,同客户斜杠前编码唯一命中；仍需人工核对描述、规格和材质
93,苏州聚晟达电子材料科技有限公司,61418330/52*42,61418330,2758,61418330,61418330,61418330 GD2 格挡2,,106 190/105/50/145/150,1,1,200,0.00,2025/11/18 16:02:20,2025/11/18 16:02:20,prefix_unique,pending,同客户斜杠前编码唯一命中；仍需人工核对描述、规格和材质
93,苏州聚晟达电子材料科技有限公司,61422062/,61422062,2706,61422062,61422062,61422062 GD2 格挡2,,106 190/105/50/145/150,1,1,100,0.00,2023/10/19 13:52:56,2023/10/19 13:52:56,prefix_unique,pending,同客户斜杠前编码唯一命中；仍需人工核对描述、规格和材质
9,苏州苏宇无尘科技有限公司,白箱 / 32*32*27,白箱,1200,白箱,白箱,32*32*27,320×320×270mm,03 W516R,1,1,100,608.00,2018/9/26 16:59:37,2018/9/26 16:59:37,prefix_unique,pending,同客户斜杠前编码唯一命中；仍需人工核对描述、规格和材质
10,苏州驶安特汽车电子有限公司,SATJITP159049 / 吉利TSB40纸箱56*36*26,SATJITP159049,514,SATJITP159049,SATJITP159049,吉利TSB40纸箱56*36*26,560×360×260mm,136 175/125/50/145/130,92,92,31352,224781.46,2017/11/8 14:38:44,2026/6/4 11:22:35,prefix_unique,pending,同客户斜杠前编码唯一命中；仍需人工核对描述、规格和材质
10,苏州驶安特汽车电子有限公司,SATJ1TP027006 / 吉利TSB60传感器外箱,SATJ1TP027006,2405,SATJ1TP027006,SATJ1TP027006,吉利TSB60传感器外箱,500×375×310mm,149 190/125/50/145/175,37,37,20750,175006.50,2023/11/1 14:53:48,2026/6/4 11:22:13,prefix_unique,pending,同客户斜杠前编码唯一命中；仍需人工核对描述、规格和材质
10,苏州驶安特汽车电子有限公司,SATJ2TP224013 / 接收器吸塑盘外箱50*37.5*31,SATJ2TP224013,1858,SATJ2TP224013,SATJ2TP224013,接收器吸塑盘外箱50*37.5*31,495×365×305mm,119 190/115/55/135/125,42,42,8131,69472.22,2022/1/26 15:15:21,2025/9/5 12:46:39,prefix_unique,pending,同客户斜杠前编码唯一命中；仍需人工核对描述、规格和材质
10,苏州驶安特汽车电子有限公司,SATJITP159060 / 长城TSB40传感器外箱,SATJITP159060,1190,SATJITP159060,SATJITP159060,长城TSB40传感器外箱,550×440×280mm,05 K516R,18,18,5590,64565.30,2018/11/6 15:34:05,2020/8/5 8:47:30,prefix_unique,pending,同客户斜杠前编码唯一命中；仍需人工核对描述、规格和材质
10,苏州驶安特汽车电子有限公司,SATJITP159061 / 长城TSB40及TSB60传感器外箱50*37.5*31,SATJITP159061,1857,SATJITP159061,SATJITP159061,长城TSB40及TSB60传感器外箱50*37.5*31,495×365×305mm,119 190/115/55/135/125,42,42,7359,62933.08,2021/12/23 17:21:21,2025/9/5 12:45:38,prefix_unique,pending,同客户斜杠前编码唯一命中；仍需人工核对描述、规格和材质
10,苏州驶安特汽车电子有限公司,SATJITP296002 / 吉利乘用车出口外包装,SATJITP296002,1612,SATJITP296002,SATJITP296002,吉利乘用车出口外包装,365×285×145mm,149 190/125/50/145/175,52,52,12655,46640.35,2022/1/26 15:14:37,2026/6/4 11:23:06,prefix_unique,pending,同客户斜杠前编码唯一命中；仍需人工核对描述、规格和材质
10,苏州驶安特汽车电子有限公司,SATJITP600001 / TSB60-JH纸箱50*37.5*31,SATJITP600001,1985,SATJITP600001,SATJITP600001,TSB60-JH纸箱50*37.5*31,495×365×305mm,119 190/115/55/135/125,44,44,3700,31416.00,2022/1/19 12:52:13,2026/5/8 14:22:46,prefix_unique,pending,同客户斜杠前编码唯一命中；仍需人工核对描述、规格和材质
10,苏州驶安特汽车电子有限公司,SSATJITP224013 / 接收器吸塑盘外箱50*37.5*31,SSATJITP224013,,,,,,,11,11,3050,26291.00,2021/1/13 12:18:49,2022/1/3 14:21:15,prefix_no_match,pending,斜杠前编码未命中产品，需人工查找或后续建产品
10,苏州驶安特汽车电子有限公司,SSATJITP159061 / 长城TSB40及TSB60传感器外箱50*37.5*31,SSATJITP159061,,,,,,,9,9,2450,21119.00,2021/1/13 12:17:48,2021/8/5 9:57:25,prefix_no_match,pending,斜杠前编码未命中产品，需人工查找或后续建产品
10,苏州驶安特汽车电子有限公司,SATJITP159047 / 集成TSB40传感器外箱55*44*28,SATJITP159047,469,SATJITP159047,SATJITP159047,集成TSB40传感器外箱55*44*28,550×440×280mm,113 190/145/50/145/175,11,11,1250,14368.25,2017/11/8 14:45:33,2026/1/16 16:11:33,prefix_unique,pending,同客户斜杠前编码唯一命中；仍需人工核对描述、规格和材质
10,苏州驶安特汽车电子有限公司,SATJITP0490009 /DORAN新纸箱总箱42*42*44,SATJITP0490009,485,SATJITP0490009,SATJITP0490009,DORAN新纸箱总箱42*42*44,420×420×439mm,136 175/125/50/145/130,15,15,1100,14043.00,2017/11/8 14:43:58,2020/3/14 9:11:38,prefix_unique,pending,同客户斜杠前编码唯一命中；仍需人工核对描述、规格和材质
10,苏州驶安特汽车电子有限公司,SATJITP296003 / 长城传感器用吸塑盘外箱50*37.5*31,SATJITP296003,1751,SATJITP296003,SATJITP296003,长城传感器用吸塑盘外箱50*37.5*31,495×365×305mm,119 190/115/55/135/125,10,10,1400,12068.00,2020/11/5 12:44:04,2022/9/29 13:39:40,prefix_unique,pending,同客户斜杠前编码唯一命中；仍需人工核对描述、规格和材质
10,苏州驶安特汽车电子有限公司,SATJITP159052 /TSB40-JH40*30*32.5,SATJITP159052,,,,,,,13,13,1750,11855.50,2017/10/13 10:49:40,2019/9/3 10:43:36,prefix_no_match,pending,斜杠前编码未命中产品，需人工查找或后续建产品
10,苏州驶安特汽车电子有限公司,SATJITP159050 / 上海奇瑞TSB40传感器外箱,SATJITP159050,1224,SATJITP159050,SATJITP159050,上海奇瑞TSB40传感器外箱,495×365×305mm,136 175/125/50/145/130,22,22,1200,10389.38,2018/10/23 12:07:18,2024/2/17 11:23:41,prefix_unique,pending,同客户斜杠前编码唯一命中；仍需人工核对描述、规格和材质
10,苏州驶安特汽车电子有限公司,SATJITP159051/TRP34接收器40*31*36.5,SATJITP159051,,,,,,,20,20,1350,10234.68,2017/11/8 14:48:06,2021/7/7 10:03:47,prefix_no_match,pending,斜杠前编码未命中产品，需人工查找或后续建产品
10,苏州驶安特汽车电子有限公司,SATJITP296002/吉利乘用车出口外包装,SATJITP296002,1612,SATJITP296002,SATJITP296002,吉利乘用车出口外包装,365×285×145mm,149 190/125/50/145/175,12,12,1450,5466.50,2020/11/5 12:45:04,2021/6/4 10:46:00,prefix_unique,pending,同客户斜杠前编码唯一命中；仍需人工核对描述、规格和材质
10,苏州驶安特汽车电子有限公司,SATJITP027004 / RP-Rev外箱,SATJITP027004,1183,SATJITP027004,SATJITP027004,RP-Rev外箱,381×345×406mm,05 K516R,12,12,552,5136.52,2018/9/7 14:20:47,2020/9/22 8:36:21,prefix_unique,pending,同客户斜杠前编码唯一命中；仍需人工核对描述、规格和材质
10,苏州驶安特汽车电子有限公司,SATJ2TP225002 / 隔板55*11.8,SATJ2TP225002,1552,SATJ2TP225002,SATJ2TP225002,隔板55*11.8,550×118×mm,131 175/105/150/B,8,8,3000,5100.00,2022/1/26 15:15:37,2026/3/4 9:28:46,prefix_unique,pending,同客户斜杠前编码唯一命中；仍需人工核对描述、规格和材质
10,苏州驶安特汽车电子有限公司,SATJITP296003 / 长城传感器用吸塑盘外箱,SATJITP296003,1751,SATJITP296003,SATJITP296003,长城传感器用吸塑盘外箱50*37.5*31,495×365×305mm,119 190/115/55/135/125,1,1,450,3879.00,2020/9/7 13:09:04,2020/9/7 13:09:04,prefix_unique,pending,同客户斜杠前编码唯一命中；仍需人工核对描述、规格和材质
10,苏州驶安特汽车电子有限公司,SATJ2T001W227 / 黄色牛皮纸（带背胶）,SATJ2T001W227,1356,SATJ2T001W227,SATJ2T001W227,黄色牛皮纸（带背胶）,,05 K516R,5,5,3500,3711.20,2019/11/22 14:09:06,2020/6/2 13:44:41,prefix_unique,pending,同客户斜杠前编码唯一命中；仍需人工核对描述、规格和材质
10,苏州驶安特汽车电子有限公司,SATJ2TP225003 / 隔板35*11.8,SATJ2TP225003,1553,SATJ2TP225003,SATJ2TP225003,隔板35*11.8,350×118×mm,131 175/105/150/B,8,8,3000,3600.00,2022/1/26 15:15:52,2026/3/4 9:29:03,prefix_unique,pending,同客户斜杠前编码唯一命中；仍需人工核对描述、规格和材质
10,苏州驶安特汽车电子有限公司,SATJ2TP224006/纸箱55*37.5*28,SATJ2TP224006,1496,SATJ2TP224006,SATJ2TP224006,武汉南斗接收器外箱55*37.5*28,550×375×310mm,149 190/125/50/145/175,5,5,450,3465.00,2019/12/6 12:13:10,2020/9/3 14:53:52,prefix_unique,pending,同客户斜杠前编码唯一命中；仍需人工核对描述、规格和材质
10,苏州驶安特汽车电子有限公司,SATJITP600001/TSB60-JH纸箱50*37.5*31,SATJITP600001,1985,SATJITP600001,SATJITP600001,TSB60-JH纸箱50*37.5*31,495×365×305mm,119 190/115/55/135/125,5,5,400,3448.00,2021/11/2 14:31:58,2021/8/5 9:59:07,prefix_unique,pending,同客户斜杠前编码唯一命中；仍需人工核对描述、规格和材质
10,苏州驶安特汽车电子有限公司,SATJITP142001 / 1309T-N 纸箱45.5*41*38,SATJITP142001,595,SATJITP142001,SATJITP142001,1309T-N 纸箱45.5*41*38,455×410×380mm,05 K516R,8,8,400,3330.34,2017/5/17 16:29:16,2019/9/29 13:49:05,prefix_unique,pending,同客户斜杠前编码唯一命中；仍需人工核对描述、规格和材质
10,苏州驶安特汽车电子有限公司,SATJ2T001RG05 / RTG包装中盒,SATJ2T001RG05,983,SATJ2T001RG05,SATJ2T001RG05,RTG包装中盒,275×235×245mm,108 130/125/105/E,10,10,1100,3118.43,2018/3/8 15:28:14,2025/3/8 8:41:33,prefix_unique,pending,同客户斜杠前编码唯一命中；仍需人工核对描述、规格和材质
10,苏州驶安特汽车电子有限公司,SATJITP159059 / 图雅诺接收器500*375*310,SATJITP159059,2072,SATJITP159059,SATJITP159059,图雅诺接收器500*375*310,495×365×305mm,136 175/125/50/145/130,7,7,350,2991.50,2022/1/26 15:13:13,2025/7/7 17:01:25,prefix_unique,pending,同客户斜杠前编码唯一命中；仍需人工核对描述、规格和材质
10,苏州驶安特汽车电子有限公司,SATJITP296001 / 集诚传感器螺母纸箱31*31*14,SATJITP296001,1182,SATJITP296001,SATJITP296001,集诚传感器螺母纸箱31*31*14,320×320×156mm,113 190/145/50/145/175,13,13,750,2900.40,2018/9/30 10:50:03,2024/10/9 14:30:25,prefix_unique,pending,同客户斜杠前编码唯一命中；仍需人工核对描述、规格和材质
10,苏州驶安特汽车电子有限公司,SATJ2TP224006 / 武汉南斗接收器外箱55*37.5*28,SATJ2TP224006,1496,SATJ2TP224006,SATJ2TP224006,武汉南斗接收器外箱55*37.5*28,550×375×310mm,149 190/125/50/145/175,7,7,350,2695.00,2023/12/5 17:22:09,2026/6/4 11:26:09,prefix_unique,pending,同客户斜杠前编码唯一命中；仍需人工核对描述、规格和材质
10,苏州驶安特汽车电子有限公司,3.SATJ1TP184003 / T08R-R 外箱,3.SATJ1TP184003,,,,,,,4,4,280,2634.00,2017/5/2 9:51:54,2018/9/14 17:50:03,prefix_no_match,pending,斜杠前编码未命中产品，需人工查找或后续建产品
10,苏州驶安特汽车电子有限公司,SATJITP480002 / 重汽接收器中继器纸箱49*36*29.5,SATJITP480002,1654,SATJITP480002,SATJITP480002,重汽接收器中继器纸箱49*36*29.5,490×360×295mm,119 190/115/55/135/125,6,6,300,2586.00,2020/8/18 10:06:36,2023/6/1 16:34:21,prefix_unique,pending,同客户斜杠前编码唯一命中；仍需人工核对描述、规格和材质
10,苏州驶安特汽车电子有限公司,SATJITP296003/长城传感器吸塑盘外箱50*37.5*31,SATJITP296003,1751,SATJITP296003,SATJITP296003,长城传感器用吸塑盘外箱50*37.5*31,495×365×305mm,119 190/115/55/135/125,1,1,300,2586.00,2020/9/30 13:45:53,2020/9/30 13:45:53,prefix_unique,pending,同客户斜杠前编码唯一命中；仍需人工核对描述、规格和材质
10,苏州驶安特汽车电子有限公司,SATJITP159058 / 图雅诺传感器500*375*310,SATJITP159058,2071,SATJITP159058,SATJITP159058,图雅诺传感器500*375*310,495×365×305mm,119 190/115/55/135/125,6,6,300,2560.50,2022/3/8 16:08:18,2025/7/7 17:01:08,prefix_unique,pending,同客户斜杠前编码唯一命中；仍需人工核对描述、规格和材质
10,苏州驶安特汽车电子有限公司,SATJITP159010 / 36411100XKW09A传感器外箱,SATJITP159010,576,SATJITP159010,SATJITP159010,36411100XKW09A传感器外箱,540×490×280mm,05 K516R,1,1,200,2188.00,2017/5/4 16:41:52,2017/5/4 16:41:52,prefix_unique,pending,同客户斜杠前编码唯一命中；仍需人工核对描述、规格和材质
10,苏州驶安特汽车电子有限公司,SATJITP0160016/RV 传感器外箱,SATJITP0160016,,,,,,,5,5,300,2101.00,2017/11/8 14:42:43,2019/8/6 10:10:14,prefix_no_match,pending,斜杠前编码未命中产品，需人工查找或后续建产品
10,苏州驶安特汽车电子有限公司,SATJITP159055/江铃TSB40纸箱56*36*26,SATJITP159055,945,SATJITP159055,SATJITP159055,江铃TSB40纸箱56*36*26,560×360×260mm,149 190/125/50/145/175,4,4,200,1866.00,2018/2/3 14:12:19,2019/7/3 13:00:10,prefix_unique,pending,同客户斜杠前编码唯一命中；仍需人工核对描述、规格和材质
10,苏州驶安特汽车电子有限公司,SATJITP480001 / 重汽传感器纸箱56*36*26,SATJITP480001,1653,SATJITP480001,SATJITP480001,重汽传感器纸箱56*36*26,560×360×260mm,113 190/145/50/145/175,4,4,200,1360.00,2020/8/18 10:05:08,2022/9/29 13:40:49,prefix_unique,pending,同客户斜杠前编码唯一命中；仍需人工核对描述、规格和材质
10,苏州驶安特汽车电子有限公司,SATJ2TP224016/长城第三代接收器纸箱50*37.5*31cm,SATJ2TP224016,2004,SATJ2TP224016,SATJ2TP224016,长城第三代接收器纸箱50*37.5*31cm,500×375×310mm,113 190/145/50/145/175,1,1,150,1260.00,2021/8/5 10:02:19,2021/8/5 10:02:19,prefix_unique,pending,同客户斜杠前编码唯一命中；仍需人工核对描述、规格和材质
10,苏州驶安特汽车电子有限公司,SATJITP0160003 /RV纸箱 46*45.5*38,SATJITP0160003,,,,,,,2,2,100,1122.00,2017/2/15 16:35:41,2017/3/14 15:54:20,prefix_no_match,pending,斜杠前编码未命中产品，需人工查找或后续建产品
10,苏州驶安特汽车电子有限公司,SATJ1TP159065 / TSB60-KS传感器外箱,SATJ1TP159065,2406,SATJ1TP159065,SATJ1TP159065,TSB60-KS传感器外箱,365×285×145mm,113 190/145/50/145/175,5,5,300,1115.00,2023/3/27 11:06:11,2026/5/15 16:16:58,prefix_unique,pending,同客户斜杠前编码唯一命中；仍需人工核对描述、规格和材质
10,苏州驶安特汽车电子有限公司,SATJ2T001W227 / 80g黄色牛皮纸（带背胶）,SATJ2T001W227,1356,SATJ2T001W227,SATJ2T001W227,黄色牛皮纸（带背胶）,,05 K516R,1,1,1000,1090.00,2019/1/7 10:01:10,2019/1/7 10:01:10,prefix_unique,pending,同客户斜杠前编码唯一命中；仍需人工核对描述、规格和材质
10,苏州驶安特汽车电子有限公司,SATJITP225005 / 重汽交叉隔板35.7*14.5,SATJITP225005,1656,SATJITP225005,SATJITP225005,重汽交叉隔板35.7*14.5,357×145×mm,131 175/105/150/B,9,9,2100,1071.00,2020/9/3 14:54:24,2023/6/1 16:35:01,prefix_unique,pending,同客户斜杠前编码唯一命中；仍需人工核对描述、规格和材质
10,苏州驶安特汽车电子有限公司,SATJITP225006 / 重汽交叉隔板长边48.7*14.5,SATJITP225006,1657,SATJITP225006,SATJITP225006,重汽交叉隔板长边48.7*14.5,487×145×mm,131 175/105/150/B,10,10,2300,874.00,2020/8/18 10:09:24,2023/6/1 16:35:13,prefix_unique,pending,同客户斜杠前编码唯一命中；仍需人工核对描述、规格和材质
10,苏州驶安特汽车电子有限公司,SATJITP224013 / 接收器吸塑盘外箱50*37.5*31,SATJITP224013,,,,,,,1,1,100,862.00,2021/12/7 16:57:43,2021/12/7 16:57:43,prefix_no_match,pending,斜杠前编码未命中产品，需人工查找或后续建产品
10,苏州驶安特汽车电子有限公司,SATJITP159029 / 传感器外箱（天津）55.5*44.5*28.8,SATJITP159029,,,,,,,1,1,70,852.95,2018/9/30 10:49:12,2018/9/30 10:49:12,prefix_no_match,pending,斜杠前编码未命中产品，需人工查找或后续建产品
10,苏州驶安特汽车电子有限公司,SATJ1TP159063 / 江铃传感器外箱,SATJ1TP159063,2268,SATJ1TP159063,SATJ1TP159063,江铃传感器外箱,500×375×310mm,113 190/145/50/145/175,2,2,100,849.00,2023/10/10 15:42:42,2025/2/6 16:07:02,prefix_unique,pending,同客户斜杠前编码唯一命中；仍需人工核对描述、规格和材质
10,苏州驶安特汽车电子有限公司,SATJ2TP224016 / 长城第三代接收器纸箱50*37.5*31cm,SATJ2TP224016,2004,SATJ2TP224016,SATJ2TP224016,长城第三代接收器纸箱50*37.5*31cm,500×375×310mm,113 190/145/50/145/175,2,2,100,839.72,2022/9/29 13:43:19,2024/4/26 14:28:09,prefix_unique,pending,同客户斜杠前编码唯一命中；仍需人工核对描述、规格和材质
10,苏州驶安特汽车电子有限公司,SATJ2TP225002/隔板55*11.8,SATJ2TP225002,1552,SATJ2TP225002,SATJ2TP225002,隔板55*11.8,550×118×mm,131 175/105/150/B,1,1,400,680.00,2020/4/10 8:35:07,2020/4/10 8:35:07,prefix_unique,pending,同客户斜杠前编码唯一命中；仍需人工核对描述、规格和材质
10,苏州驶安特汽车电子有限公司,SATJITP159058/图雅诺传感器500*375*310,SATJITP159058,2071,SATJITP159058,SATJITP159058,图雅诺传感器500*375*310,495×365×305mm,119 190/115/55/135/125,1,1,70,603.40,2021/10/9 9:33:17,2021/10/9 9:33:17,prefix_unique,pending,同客户斜杠前编码唯一命中；仍需人工核对描述、规格和材质
10,苏州驶安特汽车电子有限公司,SATJITP001022 / TSE30传感器包装盒,SATJITP001022,1516,SATJITP001022,SATJITP001022,TSE30传感器包装盒,,108 130/125/105/E,2,2,400,548.48,2020/2/25 15:34:54,2023/7/26 14:00:45,prefix_unique,pending,同客户斜杠前编码唯一命中；仍需人工核对描述、规格和材质
10,苏州驶安特汽车电子有限公司,SATJITP0170003 / 360M外箱,SATJITP0170003,1520,SATJITP0170003,SATJITP0170003,360M外箱,,05 K516R,1,1,50,487.50,2017/2/5 16:51:32,2017/2/5 16:51:32,prefix_unique,pending,同客户斜杠前编码唯一命中；仍需人工核对描述、规格和材质
10,苏州驶安特汽车电子有限公司,SATJ2TP225003/隔板35*11.8,SATJ2TP225003,1553,SATJ2TP225003,SATJ2TP225003,隔板35*11.8,350×118×mm,131 175/105/150/B,1,1,400,480.00,2020/4/10 8:36:31,2020/4/10 8:36:31,prefix_unique,pending,同客户斜杠前编码唯一命中；仍需人工核对描述、规格和材质
10,苏州驶安特汽车电子有限公司,SATJITP184003/T08R纸箱49*43*37,SATJITP184003,,,,,,,1,1,50,452.50,2017/6/22 17:13:29,2017/6/22 17:13:29,prefix_no_match,pending,斜杠前编码未命中产品，需人工查找或后续建产品
10,苏州驶安特汽车电子有限公司,SATJITP159059/图雅诺接收器500*375*310,SATJITP159059,2072,SATJITP159059,SATJITP159059,图雅诺接收器500*375*310,495×365×305mm,136 175/125/50/145/130,1,1,50,431.00,2021/10/9 9:34:58,2021/10/9 9:34:58,prefix_unique,pending,同客户斜杠前编码唯一命中；仍需人工核对描述、规格和材质
10,苏州驶安特汽车电子有限公司,SATJITP159055 / 江铃TSB40纸箱56*36*26,SATJITP159055,945,SATJITP159055,SATJITP159055,江铃TSB40纸箱56*36*26,560×360×260mm,149 190/125/50/145/175,1,1,50,415.47,2022/2/18 16:52:33,2022/2/18 16:52:33,prefix_unique,pending,同客户斜杠前编码唯一命中；仍需人工核对描述、规格和材质
10,苏州驶安特汽车电子有限公司,SATJIT0090009 /亮锐护角97*5*5,SATJIT0090009,,,,,,,1,1,200,394.00,2017/9/26 10:16:55,2017/9/26 10:16:55,prefix_no_match,pending,斜杠前编码未命中产品，需人工查找或后续建产品
10,苏州驶安特汽车电子有限公司,SATJITP0160016 /RV 传感器外箱,SATJITP0160016,,,,,,,1,1,50,337.50,2017/3/7 11:43:43,2017/3/7 11:43:43,prefix_no_match,pending,斜杠前编码未命中产品，需人工查找或后续建产品
10,苏州驶安特汽车电子有限公司,SATJITP0160017 / RV内部中继器外箱45*36*28,SATJITP0160017,1476,SATJITP0160017,SATJITP0160017,RV内部中继器外箱45*36*28,450×360×280mm,05 K516R,1,1,50,330.00,2019/11/22 14:10:24,2019/11/22 14:10:24,prefix_unique,pending,同客户斜杠前编码唯一命中；仍需人工核对描述、规格和材质
10,苏州驶安特汽车电子有限公司,SATJITP296001 /螺母纸箱32*30*30,SATJITP296001,1182,SATJITP296001,SATJITP296001,集诚传感器螺母纸箱31*31*14,320×320×156mm,113 190/145/50/145/175,1,1,50,313.50,2018/8/20 8:18:55,2018/8/20 8:18:55,prefix_unique,pending,同客户斜杠前编码唯一命中；仍需人工核对描述、规格和材质
10,苏州驶安特汽车电子有限公司,SATJITP225004 / 重汽接收器中继器隔板48.7*35.7,SATJITP225004,1655,SATJITP225004,SATJITP225004,重汽接收器中继器隔板48.7*35.7,487×357×mm,02 K7R,2,2,400,300.00,2020/8/18 10:07:48,2021/11/2 14:32:38,prefix_unique,pending,同客户斜杠前编码唯一命中；仍需人工核对描述、规格和材质
10,苏州驶安特汽车电子有限公司,SATJITP159041 /北汽福田内盒,SATJITP159041,,,,,,,1,1,200,300.00,2017/2/27 11:38:15,2017/2/27 11:38:15,prefix_no_match,pending,斜杠前编码未命中产品，需人工查找或后续建产品
10,苏州驶安特汽车电子有限公司,SATJITP0490010 / 1209LW-J外箱,SATJITP0490010,625,SATJITP0490010,SATJITP0490010,1209LW-J外箱,410×395×150mm,05 K516R,1,1,50,290.50,2017/5/26 15:18:15,2017/5/26 15:18:15,prefix_unique,pending,同客户斜杠前编码唯一命中；仍需人工核对描述、规格和材质
10,苏州驶安特汽车电子有限公司,SATJITP410001 / TSB48-FR传感器外箱,SATJITP410001,,,,,,,1,1,50,285.00,2019/11/5 12:54:51,2019/11/5 12:54:51,prefix_no_match,pending,斜杠前编码未命中产品，需人工查找或后续建产品
10,苏州驶安特汽车电子有限公司,SATJITP159021 / 长城内置传感器小箱,SATJITP159021,,,,,,,1,1,100,244.51,2022/5/6 16:48:44,2022/5/6 16:48:44,prefix_no_match,pending,斜杠前编码未命中产品，需人工查找或后续建产品
10,苏州驶安特汽车电子有限公司,SATJ2T001RG04 / RTG中继电器盒衬板,SATJ2T001RG04,1459,SATJ2T001RG04,SATJ2T001RG04,RTG中继电器盒衬板,,108 130/125/105/E,8,8,1600,222.08,2019/11/5 12:56:59,2026/5/8 14:23:27,prefix_unique,pending,同客户斜杠前编码唯一命中；仍需人工核对描述、规格和材质
10,苏州驶安特汽车电子有限公司,SATJITP225005 / 重汽交叉隔板宽边35.7*14.5,SATJITP225005,1656,SATJITP225005,SATJITP225005,重汽交叉隔板35.7*14.5,357×145×mm,131 175/105/150/B,1,1,200,102.00,2020/8/18 10:08:36,2020/8/18 10:08:36,prefix_unique,pending,同客户斜杠前编码唯一命中；仍需人工核对描述、规格和材质
10,苏州驶安特汽车电子有限公司,SATJIT0090009 /亮锐护角71*5*5,SATJIT0090009,,,,,,,1,1,50,98.50,2017/5/17 16:32:40,2017/5/17 16:32:40,prefix_no_match,pending,斜杠前编码未命中产品，需人工查找或后续建产品
10,苏州驶安特汽车电子有限公司,SATJ2T001RG04 / RTG中继器盒衬板,SATJ2T001RG04,1459,SATJ2T001RG04,SATJ2T001RG04,RTG中继电器盒衬板,,108 130/125/105/E,1,1,100,14.87,2018/8/30 10:49:25,2018/8/30 10:49:25,prefix_unique,pending,同客户斜杠前编码唯一命中；仍需人工核对描述、规格和材质
46,苏州高泰电子技术股份有限公司,3.D30186 / 纸箱440*425*290,3.D30186,1383,3.D30186,3.D30186,纸箱440*425*290,440×425×290mm,120 190/135/55/170/190,24,24,31960,223677.12,2022/1/11 11:26:22,2026/4/20 16:35:38,prefix_unique,pending,同客户斜杠前编码唯一命中；仍需人工核对描述、规格和材质
46,苏州高泰电子技术股份有限公司,3.D30186/纸箱440*420*290,3.D30186,1383,3.D30186,3.D30186,纸箱440*425*290,440×425×290mm,120 190/135/55/170/190,37,37,18695,134490.30,2019/12/10 10:38:10,2021/8/9 13:26:02,prefix_unique,pending,同客户斜杠前编码唯一命中；仍需人工核对描述、规格和材质
46,苏州高泰电子技术股份有限公司,3.D30276 / 纸箱35*30*20,3.D30276,1386,3.D30276,3.D30276,纸箱35*30*20,350×300×200mm,157 190/135/95/170/190,50,50,30335,133272.65,2019/11/11 14:55:19,2026/4/13 15:56:36,prefix_unique,pending,同客户斜杠前编码唯一命中；仍需人工核对描述、规格和材质
46,苏州高泰电子技术股份有限公司,3.D30268 / 纸箱190*190*160,3.D30268,1381,3.D30268,3.D30268,纸箱190*190*160,190×190×160mm,157 190/135/95/170/190,46,46,52415,112388.10,2019/12/16 9:33:22,2026/5/12 9:31:58,prefix_unique,pending,同客户斜杠前编码唯一命中；仍需人工核对描述、规格和材质
46,苏州高泰电子技术股份有限公司,3.D30285 / 112*25*25,3.D30285,1632,3.D30285,3.D30285,112*25*25,1120×250×250mm,128 240/145/50/165/190,18,18,11050,93835.00,2020/12/10 9:01:25,2025/1/18 9:51:36,prefix_unique,pending,同客户斜杠前编码唯一命中；仍需人工核对描述、规格和材质
46,苏州高泰电子技术股份有限公司,3.D30274 / 纸箱350*300*310,3.D30274,1483,3.D30274,3.D30274,纸箱350*300*310,350×300×310mm,157 190/135/95/170/190,13,13,13108,69472.40,2022/1/11 11:26:36,2026/2/3 8:09:38,prefix_unique,pending,同客户斜杠前编码唯一命中；仍需人工核对描述、规格和材质
46,苏州高泰电子技术股份有限公司,3.D30275 / 纸箱270*200*150,3.D30275,1484,3.D30275,3.D30275,纸箱270*200*150,270×200×150mm,157 190/135/95/170/190,20,20,24908,59778.28,2022/1/11 11:27:12,2026/4/13 15:56:53,prefix_unique,pending,同客户斜杠前编码唯一命中；仍需人工核对描述、规格和材质
46,苏州高泰电子技术股份有限公司,7.DC0855C / 1558775-00-A629.5*378,7.DC0855C,1667,7.DC0855C,7.DC0855C,1558775-00-A629.5*378,,02 K7R,7,7,58000,58600.00,2020/10/28 7:47:41,2021/1/8 10:26:08,prefix_unique,pending,同客户斜杠前编码唯一命中；仍需人工核对描述、规格和材质
46,苏州高泰电子技术股份有限公司,3D50023 / UV减粘胶包装箱51*35*26,3D50023,1752,3D50023,3D50023,UV减粘胶包装箱51*35*26,515×355×270mm,120 190/135/55/170/190,19,19,8310,55777.50,2020/11/5 12:50:29,2022/7/30 16:42:04,prefix_unique,pending,同客户斜杠前编码唯一命中；仍需人工核对描述、规格和材质
46,苏州高泰电子技术股份有限公司,3D30209 / 纸箱25*25*20,3D30209,1385,3D30209,3D30209,纸箱25*25*20,250×250×200mm,157 190/135/95/170/190,14,14,17735,51428.85,2021/12/6 12:39:52,2025/6/4 8:48:50,prefix_unique,pending,同客户斜杠前编码唯一命中；仍需人工核对描述、规格和材质
46,苏州高泰电子技术股份有限公司,3.D30274/纸箱350*300*310,3.D30274,1483,3.D30274,3.D30274,纸箱350*300*310,350×300×310mm,157 190/135/95/170/190,27,27,8500,45554.00,2019/12/2 9:16:56,2021/9/9 9:29:36,prefix_unique,pending,同客户斜杠前编码唯一命中；仍需人工核对描述、规格和材质
46,苏州高泰电子技术股份有限公司,3D60089 / 纸箱350*330*350,3D60089,2402,3D60089,3D60089,纸箱350*330*350,350×330×350mm,112 190/135/55/135/190,9,9,7300,43598.00,2023/10/13 8:04:41,2026/4/20 10:58:09,prefix_unique,pending,同客户斜杠前编码唯一命中；仍需人工核对描述、规格和材质
46,苏州高泰电子技术股份有限公司,3.D30324 / 420*400*5,3.D30324,1486,3.D30324,3.D30324,420*400*5,420×400×mm,104 80国产A/75A/80国产A/B,23,23,80000,41050.00,2019/12/2 14:23:47,2023/1/12 10:53:27,prefix_unique,pending,同客户斜杠前编码唯一命中；仍需人工核对描述、规格和材质
46,苏州高泰电子技术股份有限公司,3D50032 / 纸箱440*420*170,3D50032,1775,3D50032,3D50032,纸箱440*420*170,440×420×170mm,128 240/145/50/165/190,6,6,5703,35073.45,2022/1/6 15:41:00,2023/1/12 10:53:12,prefix_unique,pending,同客户斜杠前编码唯一命中；仍需人工核对描述、规格和材质
46,苏州高泰电子技术股份有限公司,3.D30151/纸箱190*190*160,3.D30151,1379,3.D30151,3.D30151,纸箱190*190*160,190×190×160mm,140 175/125/50/125/130,31,31,23606,33761.34,2019/10/29 14:14:24,2021/9/7 11:35:42,prefix_unique,pending,同客户斜杠前编码唯一命中；仍需人工核对描述、规格和材质
46,苏州高泰电子技术股份有限公司,7.DC0854 / 1582695-00-A加工费,7.DC0854,1650,7.DC0854,7.DC0854,1582695-00-A加工费,,02 K7R,9,9,50450,32896.00,2020/10/28 7:48:18,2021/1/8 10:25:03,prefix_unique,pending,疑似费用或工装项，禁止自动映射为普通纸箱产品
46,苏州高泰电子技术股份有限公司,3.D30209 / 纸箱25*25*20,3.D30209,,,,,,,29,29,10600,30900.00,2019/11/11 14:54:59,2021/9/9 9:30:19,prefix_no_match,pending,斜杠前编码未命中产品，需人工查找或后续建产品
46,苏州高泰电子技术股份有限公司,3.D30257 / 纸箱16*18*11内箱,3.D30257,1584,3.D30257,3.D30257,纸箱16*18*11内箱,180×160×110mm,108 130/125/105/E,20,20,18560,30473.62,2020/5/19 13:04:23,2025/1/18 9:50:56,prefix_unique,pending,同客户斜杠前编码唯一命中；仍需人工核对描述、规格和材质
46,苏州高泰电子技术股份有限公司,3D30455 / 包装隔板34*29,3D30455,2198,3D30455,3D30455,包装隔板34*29,340×287×mm,124 80/75/80,15,15,54270,27135.00,2022/12/17 10:47:02,2026/4/24 13:50:34,prefix_unique,pending,同客户斜杠前编码唯一命中；仍需人工核对描述、规格和材质
46,苏州高泰电子技术股份有限公司,3D30426 / 纸箱40*30*25,3D30426,1848,3D30426,3D30426,纸箱40*30*25,405×305×260mm,112 190/135/55/135/190,15,15,4850,26190.00,2021/1/6 15:07:17,2026/1/8 14:19:41,prefix_unique,pending,同客户斜杠前编码唯一命中；仍需人工核对描述、规格和材质
46,苏州高泰电子技术股份有限公司,3D50021 / uv减粘胶包装纸箱升级65*25*25,3D50021,1843,3D50021,3D50021,uv减粘胶包装纸箱升级65*25*25,650×250×250mm,128 240/145/50/165/190,16,16,3511,20469.13,2020/12/31 9:07:52,2025/10/16 10:18:48,prefix_unique,pending,同客户斜杠前编码唯一命中；仍需人工核对描述、规格和材质
46,苏州高泰电子技术股份有限公司,3.D30284 / 纸箱1120*200*200,3.D30284,1382,3.D30284,3.D30284,纸箱1120*200*200,1120×200×200mm,123 240/165/50/165/175,14,14,3806,20309.80,2019/6/27 15:55:21,2022/1/6 15:41:19,prefix_unique,pending,同客户斜杠前编码唯一命中；仍需人工核对描述、规格和材质
46,苏州高泰电子技术股份有限公司,3.D30275/纸箱270*200*150,3.D30275,1484,3.D30275,3.D30275,纸箱270*200*150,270×200×150mm,157 190/135/95/170/190,20,20,8100,19874.00,2019/12/2 9:17:33,2021/9/9 9:31:09,prefix_unique,pending,同客户斜杠前编码唯一命中；仍需人工核对描述、规格和材质
46,苏州高泰电子技术股份有限公司,7.DC0855 / 1558775-00-A629.5*378,7.DC0855,,,,,,,5,5,14920,14710.00,2020/8/24 15:52:21,2020/9/4 8:46:52,prefix_no_match,pending,斜杠前编码未命中产品，需人工查找或后续建产品
46,苏州高泰电子技术股份有限公司,3D50032/纸箱440*420*170,3D50032,1775,3D50032,3D50032,纸箱440*420*170,440×420×170mm,128 240/145/50/165/190,7,7,2000,12300.00,2020/12/17 9:30:30,2021/9/13 16:27:09,prefix_unique,pending,同客户斜杠前编码唯一命中；仍需人工核对描述、规格和材质
46,苏州高泰电子技术股份有限公司,3.D30256 / 纸箱160*90*110,3.D30256,1380,3.D30256,3.D30256,纸箱160*90*110,160×90×110mm,108 130/125/105/E,13,13,15197,10789.87,2021/12/28 13:01:46,2025/7/4 15:10:34,prefix_unique,pending,同客户斜杠前编码唯一命中；仍需人工核对描述、规格和材质
46,苏州高泰电子技术股份有限公司,3.D30319 / 91*26*26,3.D30319,1477,3.D30319,3.D30319,85.5*26*26,855×260×260mm,120 190/135/55/170/190,2,2,520,10513.00,2020/8/10 9:29:02,2022/7/30 16:43:13,prefix_unique,pending,同客户斜杠前编码唯一命中；仍需人工核对描述、规格和材质
46,苏州高泰电子技术股份有限公司,3D30353 / 包装纸箱91*26*26,3D30353,1784,3D30353,3D30353,包装纸箱91*26*26,910×260×260mm,128 240/145/50/165/190,3,3,1800,10170.00,2020/12/10 9:00:59,2022/1/5 16:20:38,prefix_unique,pending,同客户斜杠前编码唯一命中；仍需人工核对描述、规格和材质
46,苏州高泰电子技术股份有限公司,3D30433 / 纸护角1050*70*5,3D30433,1870,3D30433,3D30433,纸护角1050*70*5,1050×70×4mm,054 纸护角,9,9,2900,7772.00,2021/12/28 13:02:31,2026/5/13 7:34:41,prefix_unique,pending,同客户斜杠前编码唯一命中；仍需人工核对描述、规格和材质
46,苏州高泰电子技术股份有限公司,3.D30151 / 纸箱190*190*160,3.D30151,1379,3.D30151,3.D30151,纸箱190*190*160,190×190×160mm,140 175/125/50/125/130,4,4,5200,7436.00,2021/12/28 13:02:15,2022/2/19 13:03:20,prefix_unique,pending,同客户斜杠前编码唯一命中；仍需人工核对描述、规格和材质
46,苏州高泰电子技术股份有限公司,3.D30312/纸箱110*23*23,3.D30312,1626,3.D30312,3.D30312,纸箱110*23*23,1100×230×230mm,128 240/145/50/165/190,4,4,700,5600.00,2020/12/2 11:00:13,2021/9/24 10:02:10,prefix_unique,pending,同客户斜杠前编码唯一命中；仍需人工核对描述、规格和材质
46,苏州高泰电子技术股份有限公司,3.D30256/纸箱160*90*110,3.D30256,1380,3.D30256,3.D30256,纸箱160*90*110,160×90×110mm,108 130/125/105/E,11,11,6810,4948.80,2019/7/3 13:09:08,2021/9/24 10:50:52,prefix_unique,pending,同客户斜杠前编码唯一命中；仍需人工核对描述、规格和材质
46,苏州高泰电子技术股份有限公司,3.D30186/纸箱440*425*290,3.D30186,1383,3.D30186,3.D30186,纸箱440*425*290,440×425×290mm,120 190/135/55/170/190,1,1,600,4284.00,2021/12/6 12:42:33,2021/12/6 12:42:33,prefix_unique,pending,同客户斜杠前编码唯一命中；仍需人工核对描述、规格和材质
46,苏州高泰电子技术股份有限公司,3D30433/纸护角1050*70*5,3D30433,1870,3D30433,3D30433,纸护角1050*70*5,1050×70×4mm,054 纸护角,6,6,1400,3752.00,2021/1/21 8:04:40,2021/6/26 14:36:57,prefix_unique,pending,同客户斜杠前编码唯一命中；仍需人工核对描述、规格和材质
46,苏州高泰电子技术股份有限公司,3D30444 / 护角290*50*50*4,3D30444,1995,3D30444,3D30444,护角290*50*50*4,290×50×4mm,054 纸护角,9,9,5100,3570.00,2021/12/28 13:02:50,2025/1/8 13:24:40,prefix_unique,pending,同客户斜杠前编码唯一命中；仍需人工核对描述、规格和材质
46,苏州高泰电子技术股份有限公司,3D50070/垫片310*170,3D50070,,,,,,,5,5,11000,2200.00,2023/10/6 10:33:12,2023/8/31 12:57:00,prefix_no_match,pending,斜杠前编码未命中产品，需人工查找或后续建产品
46,苏州高泰电子技术股份有限公司,3D50028 / 刀卡285*80 3片；330*80 1片,3D50028,1753,3D50028,3D50028,刀卡285*80 3片；330*80 1片,285×80×mm,108 130/125/105/E,4,4,1200,1740.00,2020/11/10 11:18:36,2024/1/25 15:35:34,prefix_unique,pending,同客户斜杠前编码唯一命中；仍需人工核对描述、规格和材质
46,苏州高泰电子技术股份有限公司,3.D30257/纸箱160*180*110,3.D30257,1584,3.D30257,3.D30257,纸箱16*18*11内箱,180×160×110mm,108 130/125/105/E,1,1,1000,1641.88,2019/11/11 14:57:01,2019/11/11 14:57:01,prefix_unique,pending,同客户斜杠前编码唯一命中；仍需人工核对描述、规格和材质
46,苏州高泰电子技术股份有限公司,3.D30255 / 纸箱80*90*110内箱,3.D30255,1551,3.D30255,3.D30255,纸箱80*90*110内箱,80×90×110mm,108 130/125/105/E,5,5,2430,1458.00,2020/4/7 12:08:51,2022/6/15 13:23:53,prefix_unique,pending,同客户斜杠前编码唯一命中；仍需人工核对描述、规格和材质
46,苏州高泰电子技术股份有限公司,3D50023 / 51*35*26,3D50023,1752,3D50023,3D50023,UV减粘胶包装箱51*35*26,515×355×270mm,120 190/135/55/170/190,1,1,200,1350.00,2020/9/9 9:14:50,2020/9/9 9:14:50,prefix_unique,pending,同客户斜杠前编码唯一命中；仍需人工核对描述、规格和材质
46,苏州高泰电子技术股份有限公司,3D50047 / 纸箱560*420*420,3D50047,2139,3D50047,3D50047,纸箱560*420*420,560×420×420mm,120 190/135/55/170/190,1,1,100,1082.00,2021/12/6 13:05:37,2021/12/6 13:05:37,prefix_unique,pending,同客户斜杠前编码唯一命中；仍需人工核对描述、规格和材质
46,苏州高泰电子技术股份有限公司,D30268 / 纸箱190*190*160,D30268,,,,,,,1,1,500,1070.00,2021/5/7 8:32:50,2021/5/7 8:32:50,prefix_no_match,pending,斜杠前编码未命中产品，需人工查找或后续建产品
46,苏州高泰电子技术股份有限公司,D30284 / 纸箱1120*200*200,D30284,,,,,,,1,1,200,1040.00,2020/1/8 11:51:40,2020/1/8 11:51:40,prefix_no_match,pending,斜杠前编码未命中产品，需人工查找或后续建产品
46,苏州高泰电子技术股份有限公司,3.D30334 / 纸箱44*25*29,3.D30334,1555,3.D30334,3.D30334,纸箱44*25*29,440×250×290mm,05 K516R,1,1,200,984.00,2020/4/16 11:08:03,2020/4/16 11:08:03,prefix_unique,pending,同客户斜杠前编码唯一命中；仍需人工核对描述、规格和材质
46,苏州高泰电子技术股份有限公司,6.HCC1912010 / 616*321*287,6.HCC1912010,1506,6.HCC1912010,6.HCC1912010,616*321*287,616×321×287mm,05 K516R,2,2,100,700.00,2019/12/17 9:14:27,2020/1/8 11:53:41,prefix_unique,pending,同客户斜杠前编码唯一命中；仍需人工核对描述、规格和材质
46,苏州高泰电子技术股份有限公司,3D50021 / 65*25*25,3D50021,1843,3D50021,3D50021,uv减粘胶包装纸箱升级65*25*25,650×250×250mm,128 240/145/50/165/190,1,1,100,583.00,2020/9/7 13:34:26,2020/9/7 13:34:26,prefix_unique,pending,同客户斜杠前编码唯一命中；仍需人工核对描述、规格和材质
46,苏州高泰电子技术股份有限公司,3D50034 / 纸箱210*30*30,3D50034,1767,3D50034,3D50034,纸箱210*30*30,2100×300×300mm,05 K516R,2,2,29,507.50,2020/12/3 11:08:09,2021/1/28 11:09:20,prefix_unique,pending,同客户斜杠前编码唯一命中；仍需人工核对描述、规格和材质
46,苏州高泰电子技术股份有限公司,3.D30309 / 纸箱135*23*23,3.D30309,1421,3.D30309,3.D30309,纸箱135*23*23,1350×230×230mm,05 K516R,1,1,50,480.00,2019/8/28 15:39:54,2019/8/28 15:39:54,prefix_unique,pending,同客户斜杠前编码唯一命中；仍需人工核对描述、规格和材质
46,苏州高泰电子技术股份有限公司,3D50036 / 纸箱115*30*30,3D50036,1769,3D50036,3D50036,纸箱115*30*30,1150×300×300mm,128 240/145/50/165/190,2,2,43,464.40,2020/12/3 11:09:17,2021/1/28 11:09:34,prefix_unique,pending,同客户斜杠前编码唯一命中；仍需人工核对描述、规格和材质
46,苏州高泰电子技术股份有限公司,3.D30319 /91*26*26,3.D30319,1477,3.D30319,3.D30319,85.5*26*26,855×260×260mm,120 190/135/55/170/190,1,1,20,430.80,2020/3/9 14:12:28,2020/3/9 14:12:28,prefix_unique,pending,同客户斜杠前编码唯一命中；仍需人工核对描述、规格和材质
46,苏州高泰电子技术股份有限公司,3D30444/护角290*50*50*4,3D30444,1995,3D30444,3D30444,护角290*50*50*4,290×50×4mm,054 纸护角,3,3,600,420.00,2021/11/4 12:14:32,2021/7/7 10:01:20,prefix_unique,pending,同客户斜杠前编码唯一命中；仍需人工核对描述、规格和材质
46,苏州高泰电子技术股份有限公司,3.D30332/纸箱445*255*140,3.D30332,,,,,,,1,1,100,380.00,2020/4/3 16:18:32,2020/4/3 16:18:32,prefix_no_match,pending,斜杠前编码未命中产品，需人工查找或后续建产品
46,苏州高泰电子技术股份有限公司,3.d30319 / 85.5*26*26,3.d30319,,,,,,,1,1,20,359.00,2019/11/26 14:31:43,2019/11/26 14:31:43,prefix_no_match,pending,斜杠前编码未命中产品，需人工查找或后续建产品
46,苏州高泰电子技术股份有限公司,6.HCC1910105 / 纸箱53*17*32,6.HCC1910105,1456,6.HCC1910105,6.HCC1910105,纸箱53*17*32,530×170×320mm,05 K516R,1,1,70,294.00,2019/11/1 9:37:28,2019/11/1 9:37:28,prefix_unique,pending,同客户斜杠前编码唯一命中；仍需人工核对描述、规格和材质
46,苏州高泰电子技术股份有限公司,3D50035 / 纸箱60*30*30,3D50035,1768,3D50035,3D50035,纸箱60*30*30,600×300×300mm,05 K516R,1,1,24,165.60,2020/12/3 11:08:41,2020/12/3 11:08:41,prefix_unique,pending,同客户斜杠前编码唯一命中；仍需人工核对描述、规格和材质
46,苏州高泰电子技术股份有限公司,3D50022 / 33*25*25,3D50022,,,,,,,1,1,30,128.10,2020/9/7 13:34:57,2020/9/7 13:34:57,prefix_no_match,pending,斜杠前编码未命中产品，需人工查找或后续建产品
46,苏州高泰电子技术股份有限公司,3.D30313 / 纸箱30*23*23,3.D30313,1649,3.D30313,3.D30313,纸箱30*23*23,300×230×230mm,05 K516R,1,1,30,109.50,2020/8/10 9:28:39,2020/8/10 9:28:39,prefix_unique,pending,同客户斜杠前编码唯一命中；仍需人工核对描述、规格和材质
46,苏州高泰电子技术股份有限公司,3.D30351 / 34*34*22,3.D30351,1648,3.D30351,3.D30351,34*34*22,340×340×220mm,05 K516R,1,1,10,56.00,2021/1/26 10:19:34,2021/1/26 10:19:34,prefix_unique,pending,同客户斜杠前编码唯一命中；仍需人工核对描述、规格和材质
46,苏州高泰电子技术股份有限公司,3.D30312 / 纸箱110*23*23,3.D30312,1626,3.D30312,3.D30312,纸箱110*23*23,1100×230×230mm,128 240/145/50/165/190,1,1,3,24.00,2022/1/6 15:39:58,2022/1/6 15:39:58,prefix_unique,pending,同客户斜杠前编码唯一命中；仍需人工核对描述、规格和材质
77,辛格顿（常州）新材料科技有限公司,3D.30433 / L型护角1050*70*70,3D.30433,2680,3D.30433,3D.30433,L型护角1050*70*70,1050×70×4mm,054 纸护角,6,6,1005000,2693400.00,2022/12/20 14:40:59,2026/3/6 10:09:27,prefix_unique,pending,同客户斜杠前编码唯一命中；仍需人工核对描述、规格和材质
77,辛格顿（常州）新材料科技有限公司,3D30285 / 纸箱112*25*25,3D30285,2185,3D30285,3D30285,纸箱112*25*25,1125×255×257mm,120 190/135/55/170/190,23,23,33000,275100.00,2022/12/20 14:38:54,2026/6/3 14:54:13,prefix_unique,pending,同客户斜杠前编码唯一命中；仍需人工核对描述、规格和材质
77,辛格顿（常州）新材料科技有限公司,3D50021 / UV减粘胶纸箱65*25*25,3D50021,2186,3D50021,3D50021,UV减粘胶纸箱65*25*25,650×250×250mm,120 190/135/55/170/190,4,4,4500,26235.00,2022/2/10 11:13:07,2026/4/24 14:15:08,prefix_unique,pending,同客户斜杠前编码唯一命中；仍需人工核对描述、规格和材质
77,辛格顿（常州）新材料科技有限公司,3D50023 / uv减粘胶包装箱510*350*260,3D50023,,,,,,,1,1,1500,9810.00,2022/12/20 14:42:00,2022/12/20 14:42:00,prefix_no_match,pending,斜杠前编码未命中产品，需人工查找或后续建产品
77,辛格顿（常州）新材料科技有限公司,3D.30353 / 纸箱910*260*260,3D.30353,,,,,,,1,1,1500,8475.00,2022/12/20 14:40:01,2022/12/20 14:40:01,prefix_no_match,pending,斜杠前编码未命中产品，需人工查找或后续建产品
77,辛格顿（常州）新材料科技有限公司,3D60092 / 铜箔专用加厚纸箱,3D60092,2414,3D60092,3D60092,铜箔专用加厚纸箱,600×310×310mm,105 250/135/95/135/95/170/190,2,2,544,7104.64,2023/4/20 13:40:21,2023/4/3 10:30:04,prefix_unique,pending,同客户斜杠前编码唯一命中；仍需人工核对描述、规格和材质
77,辛格顿（常州）新材料科技有限公司,3D30538/纸箱78*36.5*36,3D30538,,,,,,,1,1,200,1680.00,2026/6/9 7:40:47,2026/6/9 7:40:47,prefix_no_match,pending,斜杠前编码未命中产品，需人工查找或后续建产品
79,鉴诺生物科技（江苏）有限公司,1人份中盒外箱 / 五层印刷50*23.5*54.5,1人份中盒外箱,,,,,,,1,1,1250,12212.50,2023/2/15 11:46:33,2023/2/15 11:46:33,prefix_no_match,pending,斜杠前编码未命中产品，需人工查找或后续建产品
79,鉴诺生物科技（江苏）有限公司,25人份内盒 / 400g覆哑膜 带印刷19.5*13.5*7,25人份内盒,2223,25人份内盒,25人份内盒,400g覆哑膜 带印刷19.5*13.5*7,195×135×70mm,048 灰底白板,1,1,250,1250.00,2022/3/9 16:21:22,2022/3/9 16:21:22,prefix_unique,pending,同客户斜杠前编码唯一命中；仍需人工核对描述、规格和材质
79,鉴诺生物科技（江苏）有限公司,1人份内盒 / 400g覆哑膜 带印刷15*7.6*2,1人份内盒,2220,1人份内盒,1人份内盒,400g覆哑膜 带印刷15*7.6*2,150×76×20mm,048 灰底白板,1,1,1000,800.00,2022/3/9 16:18:19,2022/3/9 16:18:19,prefix_unique,pending,同客户斜杠前编码唯一命中；仍需人工核对描述、规格和材质
79,鉴诺生物科技（江苏）有限公司,2人份内盒 / 400g覆哑膜 带印刷15*7.6*2,2人份内盒,2221,2人份内盒,2人份内盒,400g覆哑膜 带印刷15*7.6*2,150×76×20mm,048 灰底白板,1,1,1000,800.00,2022/3/9 16:19:22,2022/3/9 16:19:22,prefix_unique,pending,同客户斜杠前编码唯一命中；仍需人工核对描述、规格和材质
79,鉴诺生物科技（江苏）有限公司,5人份内盒 / 400g覆哑膜 带印刷15*7.6*4,5人份内盒,2222,5人份内盒,5人份内盒,400g覆哑膜 带印刷15*7.6*4,150×76×40mm,048 灰底白板,1,1,400,500.00,2022/3/9 16:20:13,2022/3/9 16:20:13,prefix_unique,pending,同客户斜杠前编码唯一命中；仍需人工核对描述、规格和材质
79,鉴诺生物科技（江苏）有限公司,1人份外箱 / 五层印刷53.5*46.5*40,1人份外箱,2227,1人份外箱,1人份外箱,五层印刷53.5*46.5*40,535×465×400mm,117 190/165/50/165/190,1,1,5,0.00,2022/3/9 16:28:43,2022/3/9 16:28:43,prefix_unique,pending,同客户斜杠前编码唯一命中；仍需人工核对描述、规格和材质
79,鉴诺生物科技（江苏）有限公司,25人份外箱 / 五层印刷51*40.5*43,25人份外箱,2224,25人份外箱,25人份外箱,五层印刷51*40.5*43,510×405×430mm,117 190/165/50/165/190,1,1,8,0.00,2022/3/9 16:27:15,2022/3/9 16:27:15,prefix_unique,pending,同客户斜杠前编码唯一命中；仍需人工核对描述、规格和材质
79,鉴诺生物科技（江苏）有限公司,2人份外箱 / 五层印刷53.5*46.5*40,2人份外箱,2226,2人份外箱,2人份外箱,五层印刷53.5*46.5*40,535×465×400mm,117 190/165/50/165/190,1,1,5,0.00,2022/3/9 16:28:20,2022/3/9 16:28:20,prefix_unique,pending,同客户斜杠前编码唯一命中；仍需人工核对描述、规格和材质
79,鉴诺生物科技（江苏）有限公司,5人份外箱 / 五层印刷50.5*46.5*40,5人份外箱,2225,5人份外箱,5人份外箱,五层印刷50.5*46.5*40,505×465×400mm,117 190/165/50/165/190,1,1,5,0.00,2022/3/9 16:27:43,2022/3/9 16:27:43,prefix_unique,pending,同客户斜杠前编码唯一命中；仍需人工核对描述、规格和材质
61,长沙丽科生物科技有限公司,SLK001AP01 / 润妍清透爽肤水外箱44*29*20,SLK001AP01,1708,SLK001AP01,SLK001AP01,润妍清透爽肤水外箱44*29*20,450×300×215mm,139 175/125/50/125/175,2,2,342,1850.22,2022/2/23 13:52:34,2023/3/17 10:51:26,prefix_unique,pending,同客户斜杠前编码唯一命中；仍需人工核对描述、规格和材质
61,长沙丽科生物科技有限公司,SLK002AP01 / 润妍锁水保湿乳外箱43*29*18,SLK002AP01,1709,SLK002AP01,SLK002AP01,润妍锁水保湿乳外箱43*29*18,440×300×195mm,139 175/125/50/125/175,2,2,184,853.76,2022/12/19 14:42:38,2022/2/23 13:52:50,prefix_unique,pending,同客户斜杠前编码唯一命中；仍需人工核对描述、规格和材质
61,长沙丽科生物科技有限公司,SLK007AP01 / 润妍保湿亮皙面膜外箱39*35*26,SLK007AP01,1788,SLK007AP01,SLK007AP01,润妍保湿亮皙面膜外箱39*35*26,395×355×275mm,139 175/125/50/125/175,1,1,139,758.94,2022/2/24 16:55:17,2022/2/24 16:55:17,prefix_unique,pending,同客户斜杠前编码唯一命中；仍需人工核对描述、规格和材质
61,长沙丽科生物科技有限公司,SLK001AP01/润妍清透爽肤水纸箱43*29*20,SLK001AP01,1708,SLK001AP01,SLK001AP01,润妍清透爽肤水外箱44*29*20,450×300×215mm,139 175/125/50/125/175,1,1,150,720.00,2021/4/8 16:48:58,2021/4/8 16:48:58,prefix_unique,pending,同客户斜杠前编码唯一命中；仍需人工核对描述、规格和材质
61,长沙丽科生物科技有限公司,SLK005AP01 / 润妍亮皙紧致眼霜纸箱49*31*14,SLK005AP01,1712,SLK005AP01,SLK005AP01,润妍亮皙紧致眼霜纸箱49*31*14,500×320×155mm,139 175/125/50/125/175,2,2,120,646.80,2022/2/23 13:53:18,2023/3/17 10:51:50,prefix_unique,pending,同客户斜杠前编码唯一命中；仍需人工核对描述、规格和材质
61,长沙丽科生物科技有限公司,SLK003AP01 / 润妍清莹保湿霜外箱48*35*14,SLK003AP01,1710,SLK003AP01,SLK003AP01,润妍清莹保湿霜外箱48*35*14,485×355×155mm,139 175/125/50/125/175,1,1,75,562.50,2022/2/23 13:53:48,2022/2/23 13:53:48,prefix_unique,pending,同客户斜杠前编码唯一命中；仍需人工核对描述、规格和材质
61,长沙丽科生物科技有限公司,SLK006AP01 / 润妍保湿洗面奶外箱41*33*18,SLK006AP01,1713,SLK006AP01,SLK006AP01,润妍保湿洗面奶外箱41*33*18,420×340×195mm,139 175/125/50/125/175,2,2,113,549.18,2022/2/23 13:53:31,2023/3/17 10:52:04,prefix_unique,pending,同客户斜杠前编码唯一命中；仍需人工核对描述、规格和材质
61,长沙丽科生物科技有限公司,SLK003AP01/润妍清莹保湿霜外箱48*35*14,SLK003AP01,1710,SLK003AP01,SLK003AP01,润妍清莹保湿霜外箱48*35*14,485×355×155mm,139 175/125/50/125/175,1,1,72,540.00,2021/12/11 15:42:46,2021/12/11 15:42:46,prefix_unique,pending,同客户斜杠前编码唯一命中；仍需人工核对描述、规格和材质
61,长沙丽科生物科技有限公司,SLK001AP01/润妍清透爽肤水外箱43*29*20,SLK001AP01,1708,SLK001AP01,SLK001AP01,润妍清透爽肤水外箱44*29*20,450×300×215mm,139 175/125/50/125/175,1,1,95,513.95,2021/12/11 15:42:04,2021/12/11 15:42:04,prefix_unique,pending,同客户斜杠前编码唯一命中；仍需人工核对描述、规格和材质
61,长沙丽科生物科技有限公司,SLK002AP01/润妍锁水保湿乳纸箱43*29*18,SLK002AP01,1709,SLK002AP01,SLK002AP01,润妍锁水保湿乳外箱43*29*18,440×300×195mm,139 175/125/50/125/175,1,1,95,440.80,2021/4/8 16:49:54,2021/4/8 16:49:54,prefix_unique,pending,同客户斜杠前编码唯一命中；仍需人工核对描述、规格和材质
61,长沙丽科生物科技有限公司,SLK001AU01 / 垫板42*28,SLK001AU01,1714,SLK001AU01,SLK001AU01,垫板42*28,420×280×mm,104 80国产A/75A/80国产A/B,3,3,915,398.60,2022/12/19 14:43:22,2023/3/17 10:53:34,prefix_unique,pending,同客户斜杠前编码唯一命中；仍需人工核对描述、规格和材质
61,长沙丽科生物科技有限公司,SLK005AP01/润妍亮皙紧致眼霜纸箱490*310*140,SLK005AP01,1712,SLK005AP01,SLK005AP01,润妍亮皙紧致眼霜纸箱49*31*14,500×320×155mm,139 175/125/50/125/175,1,1,67,361.13,2021/4/8 16:52:50,2021/4/8 16:52:50,prefix_unique,pending,同客户斜杠前编码唯一命中；仍需人工核对描述、规格和材质
61,长沙丽科生物科技有限公司,SLK001AU01/垫板42*28,SLK001AU01,1714,SLK001AU01,SLK001AU01,垫板42*28,420×280×mm,104 80国产A/75A/80国产A/B,2,2,790,335.60,2021/12/11 15:42:22,2021/4/8 16:54:50,prefix_unique,pending,同客户斜杠前编码唯一命中；仍需人工核对描述、规格和材质
61,长沙丽科生物科技有限公司,SLK004AP01/润妍亮皙精华液纸箱420*340*160,SLK004AP01,1711,SLK004AP01,SLK004AP01,润妍亮皙精华液外箱42*34*16,430×350×175mm,139 175/125/50/125/175,1,1,65,315.90,2021/4/8 16:51:35,2021/4/8 16:51:35,prefix_unique,pending,同客户斜杠前编码唯一命中；仍需人工核对描述、规格和材质
61,长沙丽科生物科技有限公司,SLK006AP01/润妍保湿洗面奶纸箱41*33*18,SLK006AP01,1713,SLK006AP01,SLK006AP01,润妍保湿洗面奶外箱41*33*18,420×340×195mm,139 175/125/50/125/175,1,1,65,315.90,2021/4/8 16:53:56,2021/4/8 16:53:56,prefix_unique,pending,同客户斜杠前编码唯一命中；仍需人工核对描述、规格和材质
61,长沙丽科生物科技有限公司,SLK011AP01 / 润妍凝爽隔离霜外箱41*33*15,SLK011AP01,2403,SLK011AP01,SLK011AP01,润妍凝爽隔离霜外箱41*33*15,410×330×150mm,139 175/125/50/125/175,1,1,65,285.35,2023/3/17 10:53:23,2023/3/17 10:53:23,prefix_unique,pending,同客户斜杠前编码唯一命中；仍需人工核对描述、规格和材质
61,长沙丽科生物科技有限公司,SLK008AP01 / 润妍凝爽隔离外箱41*33*15,SLK008AP01,1789,SLK008AP01,SLK008AP01,润妍凝爽隔离外箱41*33*15,415×335×165mm,139 175/125/50/125/175,1,1,63,276.57,2022/2/23 13:54:05,2022/2/23 13:54:05,prefix_unique,pending,同客户斜杠前编码唯一命中；仍需人工核对描述、规格和材质
61,长沙丽科生物科技有限公司,SLK006AU01 / 垫板40*32,SLK006AU01,1716,SLK006AU01,SLK006AU01,垫板40*32,400×320×mm,104 80国产A/75A/80国产A/B,2,2,610,268.40,2022/2/23 13:54:52,2023/3/17 10:54:03,prefix_unique,pending,同客户斜杠前编码唯一命中；仍需人工核对描述、规格和材质
61,长沙丽科生物科技有限公司,SLK004AP01 / 润妍亮皙精华液外箱42*34*16,SLK004AP01,1711,SLK004AP01,SLK004AP01,润妍亮皙精华液外箱42*34*16,430×350×175mm,139 175/125/50/125/175,1,1,49,238.14,2022/2/23 13:53:02,2022/2/23 13:53:02,prefix_unique,pending,同客户斜杠前编码唯一命中；仍需人工核对描述、规格和材质
61,长沙丽科生物科技有限公司,SLK005AU01 / 垫板47*30,SLK005AU01,1715,SLK005AU01,SLK005AU01,垫板47*30,470×300×mm,104 80国产A/75A/80国产A/B,2,2,283,155.65,2022/2/23 13:54:42,2023/3/17 10:53:47,prefix_unique,pending,同客户斜杠前编码唯一命中；仍需人工核对描述、规格和材质
61,长沙丽科生物科技有限公司,SLK006AU01/垫板40*32,SLK006AU01,1716,SLK006AU01,SLK006AU01,垫板40*32,400×320×mm,104 80国产A/75A/80国产A/B,1,1,270,118.80,2021/4/8 16:56:34,2021/4/8 16:56:34,prefix_unique,pending,同客户斜杠前编码唯一命中；仍需人工核对描述、规格和材质
61,长沙丽科生物科技有限公司,SLK007AU01 / 垫板38*34,SLK007AU01,1791,SLK007AU01,SLK007AU01,垫板38*34,380×340×mm,104 80国产A/75A/80国产A/B,1,1,280,112.00,2022/2/23 13:55:05,2022/2/23 13:55:05,prefix_unique,pending,同客户斜杠前编码唯一命中；仍需人工核对描述、规格和材质
61,长沙丽科生物科技有限公司,SLK005AU01/垫板47*30,SLK005AU01,1715,SLK005AU01,SLK005AU01,垫板47*30,470×300×mm,104 80国产A/75A/80国产A/B,1,1,200,110.00,2021/4/8 16:55:49,2021/4/8 16:55:49,prefix_unique,pending,同客户斜杠前编码唯一命中；仍需人工核对描述、规格和材质
53,高登利盛影音（苏州）有限公司,SZ03097 / 纸箱600*400*300,SZ03097,2104,SZ03097,SZ03097,纸箱600*400*300,600×400×300mm,106 190/105/50/145/150,48,48,6200,49600.00,2022/10/11 9:58:05,2024/5/14 13:16:32,prefix_unique,pending,同客户斜杠前编码唯一命中；仍需人工核对描述、规格和材质
53,高登利盛影音（苏州）有限公司,SZ03096 / 纸箱400*300*300,SZ03096,2103,SZ03096,SZ03096,纸箱400*300*300,400×300×300mm,106 190/105/50/145/150,62,62,9500,47498.50,2022/10/11 9:57:48,2024/5/14 8:51:30,prefix_unique,pending,同客户斜杠前编码唯一命中；仍需人工核对描述、规格和材质
53,高登利盛影音（苏州）有限公司,SZ03095 / 五层纸箱400*300*150,SZ03095,2102,SZ03095,SZ03095,五层纸箱400*300*150,400×300×150mm,114 190/135/55/135/155,46,46,6128,23312.40,2022/1/7 9:20:04,2024/5/14 8:51:11,prefix_unique,pending,同客户斜杠前编码唯一命中；仍需人工核对描述、规格和材质
53,高登利盛影音（苏州）有限公司,SZ03650 / 五层纸箱44*44*24,SZ03650,2014,SZ03650,SZ03650,五层纸箱44*44*24,440×440×240mm,114 190/135/55/135/155,22,22,2300,19780.00,2022/1/7 9:20:36,2024/4/29 15:32:29,prefix_unique,pending,同客户斜杠前编码唯一命中；仍需人工核对描述、规格和材质
53,高登利盛影音（苏州）有限公司,SZ00472 / 三层A瓦30*20*15,SZ00472,2101,SZ00472,SZ00472,三层A瓦30*20*15,300×200×150mm,172 190/135/125/A,44,44,7200,17280.00,2022/1/22 9:19:08,2024/5/9 17:16:41,prefix_unique,pending,同客户斜杠前编码唯一命中；仍需人工核对描述、规格和材质
53,高登利盛影音（苏州）有限公司,SZ00471 / 纸箱21*15*10,SZ00471,2164,SZ00471,SZ00471,纸箱21*15*10,210×150×100mm,180 190/145/150,57,57,10400,15080.00,2022/1/22 9:10:26,2024/5/9 17:17:07,prefix_unique,pending,同客户斜杠前编码唯一命中；仍需人工核对描述、规格和材质
53,高登利盛影音（苏州）有限公司,SZ02884 / 五层双瓦30*20*11,SZ02884,1560,SZ02884,SZ02884,五层双瓦30*20*11,300×200×110mm,142 190/125/50/145/130,24,24,4260,9027.50,2020/4/22 11:25:31,2024/4/17 15:49:33,prefix_unique,pending,同客户斜杠前编码唯一命中；仍需人工核对描述、规格和材质
53,高登利盛影音（苏州）有限公司,SZ03096 / 纸箱400*30*300,SZ03096,2103,SZ03096,SZ03096,纸箱400*300*300,400×300×300mm,106 190/105/50/145/150,6,6,1550,7750.00,2022/1/22 9:19:41,2022/5/18 9:40:48,prefix_unique,pending,同客户斜杠前编码唯一命中；仍需人工核对描述、规格和材质
53,高登利盛影音（苏州）有限公司,SZ00343 / 纸箱960*300*560,SZ00343,2270,SZ00343,SZ00343,纸箱960*300*560,960×300×560mm,142 190/125/50/145/130,5,5,400,5800.00,2022/10/19 15:23:40,2024/1/4 16:09:52,prefix_unique,pending,同客户斜杠前编码唯一命中；仍需人工核对描述、规格和材质
53,高登利盛影音（苏州）有限公司,SZ03096/纸箱400*30*300,SZ03096,2103,SZ03096,SZ03096,纸箱400*300*300,400×300×300mm,106 190/105/50/145/150,3,3,1050,5250.00,2021/10/26 17:34:46,2021/12/6 10:19:14,prefix_unique,pending,同客户斜杠前编码唯一命中；仍需人工核对描述、规格和材质
53,高登利盛影音（苏州）有限公司,SZ03097/纸箱600*400*300,SZ03097,2104,SZ03097,SZ03097,纸箱600*400*300,600×400×300mm,106 190/105/50/145/150,2,2,550,4400.00,2021/10/26 17:37:35,2021/11/30 16:58:31,prefix_unique,pending,同客户斜杠前编码唯一命中；仍需人工核对描述、规格和材质
53,高登利盛影音（苏州）有限公司,SZ03094 / 五层纸箱400*150*150,SZ03094,2322,SZ03094,SZ03094,五层纸箱400*150*150,400×150×150mm,114 190/135/55/135/155,10,10,1050,2100.00,2022/7/27 16:31:07,2024/3/13 13:50:58,prefix_unique,pending,同客户斜杠前编码唯一命中；仍需人工核对描述、规格和材质
53,高登利盛影音（苏州）有限公司,SZ02885 / 五层双瓦140*30*30,SZ02885,1561,SZ02885,SZ02885,五层双瓦140*30*30,1400×300×300mm,01 R516A,2,2,160,2000.00,2020/4/22 11:26:20,2021/7/14 9:20:03,prefix_unique,pending,同客户斜杠前编码唯一命中；仍需人工核对描述、规格和材质
53,高登利盛影音（苏州）有限公司,SZ03095/五层纸箱400*300*150,SZ03095,2102,SZ03095,SZ03095,五层纸箱400*300*150,400×300×150mm,114 190/135/55/135/155,2,2,450,1710.00,2021/10/26 17:32:54,2021/11/30 16:53:35,prefix_unique,pending,同客户斜杠前编码唯一命中；仍需人工核对描述、规格和材质
53,高登利盛影音（苏州）有限公司,SZ04376 / 纸箱310*210*140,SZ04376,2423,SZ04376,SZ04376,纸箱310*210*140,310×210×140mm,180 190/145/150,1,1,200,520.00,2023/4/17 15:31:22,2023/4/17 15:31:22,prefix_unique,pending,同客户斜杠前编码唯一命中；仍需人工核对描述、规格和材质
53,高登利盛影音（苏州）有限公司,SZ00472/三层A300*200*150,SZ00472,2101,SZ00472,SZ00472,三层A瓦30*20*15,300×200×150mm,172 190/135/125/A,1,1,200,480.00,2021/10/26 17:31:26,2021/10/26 17:31:26,prefix_unique,pending,同客户斜杠前编码唯一命中；仍需人工核对描述、规格和材质
53,高登利盛影音（苏州）有限公司,SZ03650/纸箱440*440*240,SZ03650,2014,SZ03650,SZ03650,五层纸箱44*44*24,440×440×240mm,114 190/135/55/135/155,1,1,100,8.60,2021/12/6 10:27:01,2021/12/6 10:27:01,prefix_unique,pending,同客户斜杠前编码唯一命中；仍需人工核对描述、规格和材质
